gene,symbol,p.value,adj.p
ENSG00000174640,SLCO2A1,3.083E-09,5.06321E-05
ENSG00000169432,SCN9A,2.343E-08,0.000173427
ENSG00000165092,ALDH1A1,3.168E-08,0.000173427
ENSG00000188848,BEND4,5.165E-08,0.000212062
ENSG00000197121,PGAP1,2.321E-07,0.000762356
ENSG00000145022,TCTA,2.895E-07,0.000772702
ENSG00000168913,ENHO,4.009E-07,0.000772702
ENSG00000198771,RCSD1,4.493E-07,0.000772702
ENSG00000125967,NECAB3,5.814E-07,0.000772702
ENSG00000101412,E2F1,6.563E-07,0.000772702
ENSG00000253304,TMEM200B,7.116E-07,0.000772702
ENSG00000172987,HPSE2,7.128E-07,0.000772702
ENSG00000169836,TACR3,7.359E-07,0.000772702
ENSG00000168453,HR,7.367E-07,0.000772702
ENSG00000116191,RALGPS2,7.752E-07,0.000772702
ENSG00000135299,ANKRD6,7.994E-07,0.000772702
ENSG00000185477,GPRIN3,8.299E-07,0.000772702
ENSG00000090581,GNPTG,8.469E-07,0.000772702
ENSG00000128606,LRRC17,0.000001559,0.00134755
ENSG00000151718,WWC2,0.00000174,0.001428801
ENSG00000080298,RFX3,0.000002322,0.001815915
ENSG00000112964,GHR,0.000002468,0.001842362
ENSG00000114529,C3orf52,0.000002771,0.001978614
ENSG00000196998,WDR45,0.000003217,0.002124479
ENSG00000157911,PEX10,0.000003234,0.002124479
ENSG00000127328,RAB3IP,0.000003487,0.002202577
ENSG00000197360,ZNF98,0.000003777,0.002297395
ENSG00000023445,BIRC3,0.000004201,0.002464037
ENSG00000111913,FAM65B,0.000004485,0.002539902
ENSG00000141433,ADCYAP1,0.000005114,0.00263988
ENSG00000131477,RAMP2,0.000005296,0.00263988
ENSG00000196233,LCOR,0.00000541,0.00263988
ENSG00000105419,MEIS3,0.000005466,0.00263988
ENSG00000134198,TSPAN2,0.000005544,0.00263988
ENSG00000214944,ARHGEF28,0.000005626,0.00263988
ENSG00000166603,MC4R,0.000005872,0.002678774
ENSG00000215897,ZBTB8B,0.000006238,0.002758632
ENSG00000260800,.,0.000006383,0.002758632
ENSG00000080573,COL5A3,0.00000841,0.003541473
ENSG00000058063,ATP11B,0.00000881,0.003617166
ENSG00000148660,CAMK2G,0.000009599,0.003844985
ENSG00000100592,DAAM1,0.0000105,0.00410575
ENSG00000135447,PPP1R1A,0.00001127,0.00426998
ENSG00000167244,IGF2,0.00001149,0.00426998
ENSG00000125843,AP5S1,0.0000117,0.00426998
ENSG00000069667,RORA,0.00001214,0.004334244
ENSG00000104327,CALB1,0.00001256,0.004388785
ENSG00000196557,CACNA1H,0.0000131,0.00448211
ENSG00000260337,.,0.00001361,0.00451961
ENSG00000167434,CA4,0.00001376,0.00451961
ENSG00000072954,TMEM38A,0.00001421,0.004528958
ENSG00000171448,ZBTB26,0.00001434,0.004528958
ENSG00000124203,ZNF831,0.00001578,0.004884322
ENSG00000110172,CHORDC1,0.00001606,0.004884322
ENSG00000141744,PNMT,0.00001748,0.005219528
ENSG00000155966,AFF2,0.00001915,0.005616079
ENSG00000105711,SCN1B,0.00002194,0.006321414
ENSG00000114933,INO80D,0.00002237,0.006334181
ENSG00000247317,.,0.00002521,0.007017353
ENSG00000163602,RYBP,0.00002607,0.007135794
ENSG00000166947,EPB42,0.00002673,0.007196505
ENSG00000009694,TENM1,0.00002794,0.007400945
ENSG00000002330,BAD,0.00002934,0.007648426
ENSG00000168566,SNRNP48,0.00003067,0.007728763
ENSG00000140403,DNAJA4,0.00003079,0.007728763
ENSG00000106080,FKBP14,0.00003106,0.007728763
ENSG00000172458,IL17D,0.00003168,0.007765383
ENSG00000171159,C9orf16,0.00003269,0.007775117
ENSG00000136002,ARHGEF4,0.00003302,0.007775117
ENSG00000138623,SEMA7A,0.00003314,0.007775117
ENSG00000119314,PTBP3,0.00003574,0.008060236
ENSG00000185105,MYADML2,0.00003592,0.008060236
ENSG00000118579,MED28,0.00003599,0.008060236
ENSG00000136986,DERL1,0.00003686,0.008060236
ENSG00000260523,.,0.00003724,0.008060236
ENSG00000212673,.,0.0000373,0.008060236
ENSG00000183808,RBM12B,0.00003961,0.008384045
ENSG00000186297,GABRA5,0.00003987,0.008384045
ENSG00000173258,ZNF483,0.00004033,0.008384045
ENSG00000143493,INTS7,0.00004126,0.008470162
ENSG00000180440,SERTM1,0.00004249,0.008614979
ENSG00000130511,SSBP4,0.00004307,0.008626081
ENSG00000260081,.,0.00004531,0.008965375
ENSG00000019991,HGF,0.00004662,0.009097969
ENSG00000166128,RAB8B,0.0000475,0.009097969
ENSG00000111404,RERGL,0.00004772,0.009097969
ENSG00000100003,SEC14L2,0.00004828,0.009097969
ENSG00000113805,CNTN3,0.00004875,0.009097969
ENSG00000181104,F2R,0.00005002,0.009220602
ENSG00000169955,ZNF747,0.00005053,0.009220602
ENSG00000173950,XXYLT1,0.00005141,0.009278093
ENSG00000090060,PAPOLA,0.00005208,0.009296846
ENSG00000164164,OTUD4,0.00005323,0.00939996
ENSG00000163815,CLEC3B,0.00005502,0.009443225
ENSG00000099785,MARCH2,0.00005505,0.009443225
ENSG00000179331,RAB39A,0.00005527,0.009443225
ENSG00000203706,SERTAD4-AS1,0.00005578,0.009443225
ENSG00000242265,PEG10,0.00005707,0.009443225
ENSG00000131730,CKMT2,0.00005877,0.009443225
ENSG00000120833,SOCS2,0.00005898,0.009443225
ENSG00000138767,CNOT6L,0.00005934,0.009443225
ENSG00000162302,RPS6KA4,0.00005967,0.009443225
ENSG00000259834,.,0.00005979,0.009443225
ENSG00000117682,DHDDS,0.0000598,0.009443225
ENSG00000149054,ZNF215,0.00006402,0.009937464
ENSG00000173273,TNKS,0.00006414,0.009937464
ENSG00000129317,PUS7L,0.00006639,0.010144935
ENSG00000113083,LOX,0.00006687,0.010144935
ENSG00000186193,SAPCD2,0.0000674,0.010144935
ENSG00000196932,TMEM26,0.00006795,0.010144935
ENSG00000025796,SEC63,0.00006979,0.010325776
ENSG00000113300,CNOT6,0.00007232,0.010547054
ENSG00000171451,DSEL,0.00007257,0.010547054
ENSG00000105251,SHD,0.00007612,0.010932006
ENSG00000186063,AIDA,0.00007655,0.010932006
ENSG00000163637,PRICKLE2,0.00007835,0.011092604
ENSG00000178149,DALRD3,0.0000806,0.011313622
ENSG00000175287,PHYHD1,0.00008248,0.011479399
ENSG00000137133,HINT2,0.00008342,0.011502831
ENSG00000115020,PIKFYVE,0.00008465,0.011502831
ENSG00000052795,FNIP2,0.00008478,0.011502831
ENSG00000165879,FRAT1,0.00008545,0.011502831
ENSG00000184611,KCNH7,0.00008623,0.011513458
ENSG00000180957,PITPNB,0.00008959,0.011794342
ENSG00000063322,MED29,0.00008977,0.011794342
ENSG00000003137,CYP26B1,0.00009124,0.011892337
ENSG00000068078,FGFR3,0.00009547,0.012345699
ENSG00000125503,PPP1R12C,0.00009639,0.012352897
ENSG00000096746,HNRNPH3,0.00009703,0.012352897
ENSG00000139154,AEBP2,0.0001017,0.012762301
ENSG00000057593,F7,0.0001018,0.012762301
ENSG00000178162,.,0.0001038,0.01291445
ENSG00000176022,B3GALT6,0.0001073,0.013249533
ENSG00000157450,RNF111,0.0001098,0.013452369
ENSG00000139915,MDGA2,0.0001111,0.013452369
ENSG00000184207,PGP,0.0001114,0.013452369
ENSG00000172667,ZMAT3,0.0001133,0.013507322
ENSG00000153989,NUS1,0.0001135,0.013507322
ENSG00000237517,DGCR5,0.0001146,0.013540114
ENSG00000170955,PRKCDBP,0.0001171,0.013736666
ENSG00000178741,COX5A,0.0001195,0.013918784
ENSG00000080224,EPHA6,0.0001225,0.01416346
ENSG00000269337,.,0.0001247,0.01416346
ENSG00000145920,CPLX2,0.0001249,0.01416346
ENSG00000225978,HAR1A,0.0001274,0.01416346
ENSG00000174403,C20orf166-AS1,0.0001277,0.01416346
ENSG00000136205,TNS3,0.000128,0.01416346
ENSG00000251602,.,0.0001283,0.01416346
ENSG00000183340,JRKL,0.0001285,0.01416346
ENSG00000132622,HSPA12B,0.0001302,0.014236688
ENSG00000129103,SUMF2,0.0001314,0.014236688
ENSG00000152467,ZSCAN1,0.0001331,0.014236688
ENSG00000169213,RAB3B,0.0001334,0.014236688
ENSG00000198160,MIER1,0.0001363,0.014236688
ENSG00000108641,B9D1,0.0001363,0.014236688
ENSG00000145451,GLRA3,0.0001374,0.014236688
ENSG00000215375,MYL5,0.0001376,0.014236688
ENSG00000154928,EPHB1,0.0001378,0.014236688
ENSG00000106299,WASL,0.0001383,0.014236688
ENSG00000010361,FUZ,0.0001387,0.014236688
ENSG00000103260,METRN,0.0001432,0.014588085
ENSG00000162623,TYW3,0.0001439,0.014588085
ENSG00000138018,EPT1,0.0001451,0.014619493
ENSG00000230551,.,0.0001466,0.01468056
ENSG00000175556,LONRF3,0.0001522,0.015126968
ENSG00000162241,SLC25A45,0.0001529,0.015126968
ENSG00000167103,PIP5KL1,0.0001559,0.015331411
ENSG00000198380,GFPT1,0.0001586,0.015398978
ENSG00000102531,FNDC3A,0.0001591,0.015398978
ENSG00000130653,PNPLA7,0.0001594,0.015398978
ENSG00000235863,B3GALT4,0.0001609,0.015400082
ENSG00000115073,ACTR1B,0.0001627,0.015400082
ENSG00000105048,TNNT1,0.0001629,0.015400082
ENSG00000198146,ZNF770,0.0001634,0.015400082
ENSG00000173452,TMEM196,0.0001641,0.015400082
ENSG00000125462,C1orf61,0.0001653,0.015424556
ENSG00000228801,.,0.0001675,0.015491133
ENSG00000143322,ABL2,0.0001679,0.015491133
ENSG00000144152,FBLN7,0.0001718,0.015674841
ENSG00000171724,VAT1L,0.0001718,0.015674841
ENSG00000166337,TAF10,0.0001755,0.015839669
ENSG00000110660,SLC35F2,0.0001759,0.015839669
ENSG00000104522,TSTA3,0.0001765,0.015839669
ENSG00000142634,EFHD2,0.0001808,0.016059031
ENSG00000173406,DAB1,0.0001809,0.016059031
ENSG00000168939,SPRY3,0.000182,0.016069817
ENSG00000017427,IGF1,0.0001857,0.016277588
ENSG00000215021,PHB2,0.0001873,0.016277588
ENSG00000197713,RPE,0.0001879,0.016277588
ENSG00000141441,FAM59A,0.0001887,0.016277588
ENSG00000205309,NT5M,0.0001902,0.016277588
ENSG00000119812,FAM98A,0.0001903,0.016277588
ENSG00000161281,COX7A1,0.0001923,0.016363435
ENSG00000158806,NPM2,0.0001961,0.016600775
ENSG00000132561,MATN2,0.000198,0.016675662
ENSG00000151233,GXYLT1,0.0001998,0.016741405
ENSG00000167614,TTYH1,0.0002103,0.017531761
ENSG00000254615,.,0.0002144,0.017726937
ENSG00000012061,ERCC1,0.0002148,0.017726937
ENSG00000072415,MPP5,0.0002215,0.018188473
ENSG00000165795,NDRG2,0.0002242,0.01831859
ENSG00000147231,CXorf57,0.0002287,0.018593763
ENSG00000127564,PKMYT1,0.0002358,0.01905068
ENSG00000160226,C21orf2,0.0002372,0.01905068
ENSG00000140945,CDH13,0.0002378,0.01905068
ENSG00000140104,C14orf79,0.0002395,0.019093731
ENSG00000182600,C2orf82,0.0002434,0.019310909
ENSG00000040608,RTN4R,0.0002467,0.019448289
ENSG00000122566,HNRNPA2B1,0.0002475,0.019448289
ENSG00000112146,FBXO9,0.0002514,0.019521679
ENSG00000174032,SLC25A30,0.0002517,0.019521679
ENSG00000184602,SNN,0.000252,0.019521679
ENSG00000035862,TIMP2,0.0002557,0.01971531
ENSG00000226757,.,0.000261,0.020019711
ENSG00000184924,PTRHD1,0.000264,0.020019711
ENSG00000129235,TXNDC17,0.0002653,0.020019711
ENSG00000178814,OPLAH,0.0002687,0.020019711
ENSG00000238098,ABCA17P,0.0002687,0.020019711
ENSG00000167705,RILP,0.0002689,0.020019711
ENSG00000248487,ABHD14A,0.0002693,0.020019711
ENSG00000115226,FNDC4,0.0002694,0.020019711
ENSG00000198586,TLK1,0.0002707,0.020025703
ENSG00000205704,LINC00634,0.0002783,0.020495609
ENSG00000149761,NUDT22,0.0002802,0.020543413
ENSG00000167779,IGFBP6,0.0002859,0.02071603
ENSG00000100865,CINP,0.0002863,0.02071603
ENSG00000063176,SPHK2,0.000287,0.02071603
ENSG00000173566,NUDT18,0.0002876,0.02071603
ENSG00000167740,CYB5D2,0.0002902,0.020812029
ENSG00000010319,SEMA3G,0.0002925,0.020885772
ENSG00000205791,LOH12CR2,0.0002963,0.020935816
ENSG00000101400,SNTA1,0.0002966,0.020935816
ENSG00000269176,.,0.0002971,0.020935816
ENSG00000056586,RC3H2,0.0002983,0.020935816
ENSG00000120868,APAF1,0.0003003,0.020986497
ENSG00000103740,ACSBG1,0.0003038,0.021072719
ENSG00000170153,RNF150,0.0003041,0.021072719
ENSG00000152484,USP12,0.0003116,0.021501709
ENSG00000175105,ZNF654,0.0003155,0.021656554
ENSG00000236576,.,0.0003165,0.021656554
ENSG00000014914,MTMR11,0.0003178,0.021656554
ENSG00000176340,COX8A,0.0003204,0.021741889
ENSG00000124104,SNX21,0.0003217,0.021741889
ENSG00000101189,MRGBP,0.0003243,0.021827782
ENSG00000157593,SLC35B2,0.0003284,0.021990798
ENSG00000138629,UBL7,0.0003294,0.021990798
ENSG00000260578,.,0.0003401,0.022581625
ENSG00000151611,MMAA,0.000341,0.022581625
ENSG00000170075,GPR37L1,0.0003476,0.022926244
ENSG00000128059,PPAT,0.0003516,0.023089956
ENSG00000236279,CLEC2L,0.0003531,0.023089956
ENSG00000118729,CASQ2,0.0003543,0.023089956
ENSG00000162971,TYW5,0.0003565,0.0231415
ENSG00000128881,TTBK2,0.0003617,0.023254201
ENSG00000132164,SLC6A11,0.000362,0.023254201
ENSG00000108256,NUFIP2,0.0003628,0.023254201
ENSG00000107537,PHYH,0.0003639,0.023254201
ENSG00000132563,REEP2,0.0003672,0.02328794
ENSG00000178163,ZNF518B,0.0003695,0.02328794
ENSG00000010379,SLC6A13,0.0003696,0.02328794
ENSG00000080824,HSP90AA1,0.0003701,0.02328794
ENSG00000144550,CPNE9,0.0003719,0.023311884
ENSG00000135870,RC3H1,0.0003734,0.023316913
ENSG00000071073,MGAT4A,0.0003753,0.023346788
ENSG00000269138,ZNF209P,0.0003774,0.023388831
ENSG00000159784,FAM131B,0.0003818,0.023484275
ENSG00000105669,COPE,0.0003818,0.023484275
ENSG00000255248,.,0.0003838,0.023519207
ENSG00000055332,EIF2AK2,0.0003872,0.023571835
ENSG00000113916,BCL6,0.0003878,0.023571835
ENSG00000176273,SLC35G1,0.000389,0.023571835
ENSG00000172889,EGFL7,0.0003904,0.023571835
ENSG00000196372,ASB13,0.0003948,0.023705462
ENSG00000083799,CYLD,0.0003955,0.023705462
ENSG00000081692,JMJD4,0.0004085,0.024393158
ENSG00000260214,.,0.0004127,0.024393158
ENSG00000168936,TMEM129,0.0004127,0.024393158
ENSG00000257742,.,0.0004133,0.024393158
ENSG00000163481,RNF25,0.0004144,0.024393158
ENSG00000172757,CFL1,0.0004175,0.024482543
ENSG00000143776,CDC42BPA,0.0004189,0.024482543
ENSG00000166750,SLFN5,0.0004211,0.024523849
ENSG00000227799,.,0.0004245,0.024611369
ENSG00000123496,IL13RA2,0.0004256,0.024611369
ENSG00000170522,ELOVL6,0.0004296,0.024668954
ENSG00000102225,CDK16,0.0004296,0.024668954
ENSG00000145911,N4BP3,0.0004409,0.025199041
ENSG00000153914,SREK1,0.0004419,0.025199041
ENSG00000105939,ZC3HAV1,0.0004486,0.025492588
ENSG00000234661,CHL1-AS1,0.0004553,0.02578411
ENSG00000135469,COQ10A,0.000457,0.025791447
ENSG00000168993,CPLX1,0.0004602,0.02581718
ENSG00000205795,CYS1,0.0004606,0.02581718
ENSG00000235711,ANKRD34C,0.0004739,0.0264261
ENSG00000078596,ITM2A,0.0004763,0.0264261
ENSG00000114416,FXR1,0.0004773,0.0264261
ENSG00000176533,GNG7,0.0004779,0.0264261
ENSG00000134709,HOOK1,0.000483,0.026536966
ENSG00000187778,MCRS1,0.0004864,0.026536966
ENSG00000103460,TOX3,0.0004869,0.026536966
ENSG00000162076,FLYWCH2,0.0004871,0.026536966
ENSG00000153814,JAZF1,0.0004885,0.026536966
ENSG00000163947,ARHGEF3,0.0004896,0.026536966
ENSG00000162433,AK4,0.0004941,0.026692777
ENSG00000196628,TCF4,0.0004974,0.026782951
ENSG00000149357,LAMTOR1,0.0005009,0.02688327
ENSG00000073614,KDM5A,0.000508,0.027100607
ENSG00000182809,CRIP2,0.0005086,0.027100607
ENSG00000263878,DLGAP1-AS4,0.0005099,0.027100607
ENSG00000169926,KLF13,0.0005133,0.027193309
ENSG00000176909,MAMSTR,0.0005178,0.027303238
ENSG00000151458,ANKRD50,0.0005187,0.027303238
ENSG00000172795,DCP2,0.0005314,0.02758961
ENSG00000110011,DNAJC4,0.0005315,0.02758961
ENSG00000142609,C1orf222,0.0005318,0.02758961
ENSG00000082898,XPO1,0.0005327,0.02758961
ENSG00000170703,TTLL6,0.0005338,0.02758961
ENSG00000107949,BCCIP,0.0005351,0.02758961
ENSG00000120913,PDLIM2,0.0005359,0.02758961
ENSG00000236790,LINC00299,0.0005413,0.027780531
ENSG00000059915,PSD,0.0005452,0.027858086
ENSG00000153827,TRIP12,0.0005464,0.027858086
ENSG00000169100,SLC25A6,0.0005479,0.027858086
ENSG00000172748,ZNF596,0.0005516,0.027959651
ENSG00000058673,ZC3H11A,0.0005558,0.027984191
ENSG00000047662,FAM184B,0.0005583,0.027984191
ENSG00000164066,INTU,0.0005585,0.027984191
ENSG00000096717,SIRT1,0.0005589,0.027984191
ENSG00000173542,MOB1B,0.0005629,0.028098805
ENSG00000120903,CHRNA2,0.0005694,0.028291222
ENSG00000155657,TTN,0.0005702,0.028291222
ENSG00000033011,ALG1,0.0005721,0.028299995
ENSG00000149091,DGKZ,0.0005775,0.028334563
ENSG00000180155,LYNX1,0.0005781,0.028334563
ENSG00000145029,NICN1,0.0005792,0.028334563
ENSG00000156504,FAM122B,0.0005797,0.028334563
ENSG00000160678,S100A1,0.0005864,0.028576995
ENSG00000121989,ACVR2A,0.0005906,0.028660315
ENSG00000145907,G3BP1,0.0005916,0.028660315
ENSG00000078177,N4BP2,0.0006068,0.029254965
ENSG00000159176,CSRP1,0.0006094,0.029254965
ENSG00000251432,.,0.0006095,0.029254965
ENSG00000133460,SLC2A11,0.000611,0.029254965
ENSG00000138041,SMEK2,0.0006132,0.029274952
ENSG00000163793,DNAJC5G,0.0006153,0.029290063
ENSG00000111605,CPSF6,0.0006176,0.02931458
ENSG00000006016,CRLF1,0.0006252,0.029509637
ENSG00000187109,NAP1L1,0.0006264,0.029509637
ENSG00000180592,SKIDA1,0.0006271,0.029509637
ENSG00000177352,CCDC71,0.0006356,0.029705625
ENSG00000165716,FAM69B,0.0006371,0.029705625
ENSG00000013563,DNASE1L1,0.0006375,0.029705625
ENSG00000141699,FAM134C,0.0006385,0.029705625
ENSG00000185339,TCN2,0.0006431,0.029774205
ENSG00000112996,MRPS30,0.0006436,0.029774205
ENSG00000109794,FAM149A,0.0006561,0.030254102
ENSG00000179542,SLITRK4,0.0006585,0.030254102
ENSG00000171612,SLC25A33,0.0006595,0.030254102
ENSG00000196323,ZBTB44,0.0006616,0.030265896
ENSG00000108774,RAB5C,0.0006659,0.030375764
ENSG00000131650,KREMEN2,0.0006683,0.030375764
ENSG00000160345,C9orf116,0.0006706,0.030375764
ENSG00000100033,PRODH,0.0006714,0.030375764
ENSG00000151923,TIAL1,0.0006761,0.030492787
ENSG00000174365,SNHG11,0.0006777,0.030492787
ENSG00000171798,KNDC1,0.0006882,0.030837753
ENSG00000162576,MXRA8,0.0006899,0.030837753
ENSG00000164463,CREBRF,0.000691,0.030837753
ENSG00000261292,.,0.0007027,0.031274911
ENSG00000205643,CDPF1,0.0007066,0.031363491
ENSG00000075618,FSCN1,0.000712,0.031499491
ENSG00000101940,WDR13,0.0007135,0.031499491
ENSG00000185736,ADARB2,0.0007202,0.031710039
ENSG00000131771,PPP1R1B,0.0007222,0.031713076
ENSG00000105393,BABAM1,0.0007375,0.032298567
ENSG00000151353,TMEM18,0.0007462,0.032516673
ENSG00000160703,NLRX1,0.0007488,0.032516673
ENSG00000177030,DEAF1,0.0007503,0.032516673
ENSG00000133027,PEMT,0.0007504,0.032516673
ENSG00000205929,C21orf62,0.0007629,0.032858764
ENSG00000169018,FEM1B,0.0007634,0.032858764
ENSG00000101363,MANBAL,0.0007682,0.032858764
ENSG00000153187,HNRNPU,0.0007682,0.032858764
ENSG00000119953,SMNDC1,0.0007714,0.032858764
ENSG00000257176,.,0.0007716,0.032858764
ENSG00000165915,SLC39A13,0.0007723,0.032858764
ENSG00000011201,KAL1,0.0007759,0.03292663
ENSG00000177465,ACOT4,0.0007809,0.033014874
ENSG00000113068,PFDN1,0.000782,0.033014874
ENSG00000153561,RMND5A,0.0007881,0.033161019
ENSG00000160408,ST6GALNAC6,0.0007895,0.033161019
ENSG00000173805,HAP1,0.0007923,0.033193732
ENSG00000126882,FAM78A,0.0007975,0.033326571
ENSG00000154930,ACSS1,0.0008005,0.033367034
ENSG00000183780,SLC35F3,0.0008036,0.03341145
ENSG00000140798,ABCC12,0.0008092,0.033559322
ENSG00000198265,HELZ,0.0008175,0.033818142
ENSG00000177225,PDDC1,0.0008236,0.033828923
ENSG00000128581,RABL5,0.0008245,0.033828923
ENSG00000128973,CLN6,0.0008253,0.033828923
ENSG00000042445,RETSAT,0.000826,0.033828923
ENSG00000163704,PRRT3,0.0008293,0.033879587
ENSG00000172053,QARS,0.0008352,0.03396244
ENSG00000112245,PTP4A1,0.0008355,0.03396244
ENSG00000144120,TMEM177,0.0008383,0.03396244
ENSG00000175445,LPL,0.0008396,0.03396244
ENSG00000086159,AQP6,0.0008419,0.033971803
ENSG00000144426,NBEAL1,0.0008514,0.03425998
ENSG00000189238,.,0.0008534,0.03425998
ENSG00000013810,TACC3,0.0008553,0.03425998
ENSG00000152932,RAB3C,0.0008579,0.034280515
ENSG00000188542,DUSP28,0.0008631,0.034404591
ENSG00000230333,.,0.0008688,0.034539746
ENSG00000151655,ITIH2,0.0008708,0.034539746
ENSG00000106648,GALNTL5,0.0008728,0.034539746
ENSG00000002587,HS3ST1,0.0008774,0.034638318
ENSG00000113657,DPYSL3,0.0008798,0.034649773
ENSG00000090539,CHRD,0.0008821,0.034657245
ENSG00000110880,CORO1C,0.0008889,0.034841061
ENSG00000152601,MBNL1,0.0008926,0.034841608
ENSG00000173627,APOBEC4,0.0008965,0.034841608
ENSG00000197912,SPG7,0.0008965,0.034841608
ENSG00000127903,ZNF835,0.0008974,0.034841608
ENSG00000158615,PPP1R15B,0.0009044,0.035030569
ENSG00000126861,OMG,0.0009109,0.035162954
ENSG00000101938,CHRDL1,0.0009121,0.035162954
ENSG00000260409,.,0.0009186,0.035330604
ENSG00000235098,ANKRD65,0.0009245,0.035474447
ENSG00000266878,.,0.0009296,0.035543792
ENSG00000130176,CNN1,0.000932,0.035543792
ENSG00000166181,API5,0.0009328,0.035543792
ENSG00000143416,SELENBP1,0.0009407,0.035761843
ENSG00000122884,P4HA1,0.0009469,0.035914408
ENSG00000225953,SATB2-AS1,0.0009604,0.03634251
ENSG00000235944,ZNF815P,0.0009664,0.036485488
ENSG00000176435,CLEC14A,0.0009692,0.036507274
ENSG00000166159,LRTM2,0.0009797,0.036794269
ENSG00000168813,ZNF507,0.0009813,0.036794269
ENSG00000197562,RAB40C,0.0009859,0.036882541
ENSG00000184731,FAM110C,0.0009939,0.037097318
ENSG00000161813,LARP4,0.000998,0.037144962
ENSG00000124225,PMEPA1,0.0009997,0.037144962
ENSG00000144040,SFXN5,0.001004,0.037220524
ENSG00000146066,HIGD2A,0.001012,0.037432604
ENSG00000115274,INO80B,0.001029,0.037975881
ENSG00000198743,SLC5A3,0.001034,0.03806315
ENSG00000114439,BBX,0.001036,0.03806315
ENSG00000169116,PARM1,0.001046,0.038344772
ENSG00000103642,LACTB,0.001054,0.038368144
ENSG00000125629,INSIG2,0.001056,0.038368144
ENSG00000121210,KIAA0922,0.001057,0.038368144
ENSG00000182700,IGIP,0.001058,0.038368144
ENSG00000107854,TNKS2,0.001059,0.038368144
ENSG00000206140,TMEM191C,0.001065,0.038368144
ENSG00000147852,VLDLR,0.001067,0.038368144
ENSG00000095574,IKZF5,0.001069,0.038368144
ENSG00000213753,RPL23AP79,0.001069,0.038368144
ENSG00000133107,TRPC4,0.00107,0.038368144
ENSG00000204278,TMEM235,0.001076,0.038439082
ENSG00000174165,ZDHHC24,0.001077,0.038439082
ENSG00000251396,.,0.001079,0.038439082
ENSG00000027847,B4GALT7,0.001089,0.038711357
ENSG00000171262,FAM98B,0.001097,0.038911514
ENSG00000149557,FEZ1,0.001108,0.039216991
ENSG00000165983,PTER,0.001114,0.039344563
ENSG00000163320,CGGBP1,0.001117,0.039351899
ENSG00000166206,GABRB3,0.001119,0.039351899
ENSG00000100320,RBFOX2,0.001123,0.03939419
ENSG00000136040,PLXNC1,0.001125,0.03939419
ENSG00000073670,ADAM11,0.001129,0.039442977
ENSG00000135441,BLOC1S1,0.001133,0.039442977
ENSG00000101126,ADNP,0.001134,0.039442977
ENSG00000187231,SESTD1,0.001136,0.039442977
ENSG00000170616,SCRT1,0.001141,0.039518924
ENSG00000124209,RAB22A,0.001143,0.039518924
ENSG00000117592,PRDX6,0.001147,0.03957391
ENSG00000117595,IRF6,0.00115,0.039594235
ENSG00000205363,C15orf59,0.001159,0.039737489
ENSG00000159348,CYB5R1,0.001159,0.039737489
ENSG00000261597,.,0.001167,0.039928419
ENSG00000175073,VCPIP1,0.001178,0.040220985
ENSG00000070495,JMJD6,0.001183,0.040292453
ENSG00000169760,NLGN1,0.001185,0.040292453
ENSG00000186448,ZNF197,0.001188,0.040311
ENSG00000104979,C19orf53,0.001194,0.04033246
ENSG00000197619,ZNF615,0.001196,0.04033246
ENSG00000186715,MST1L,0.001196,0.04033246
ENSG00000101746,NOL4,0.0012,0.040384426
ENSG00000167515,TRAPPC2L,0.001203,0.040402595
ENSG00000167114,SLC27A4,0.00121,0.040539055
ENSG00000164134,NAA15,0.001212,0.040539055
ENSG00000181350,FAM211A,0.001219,0.040690319
ENSG00000176248,ANAPC2,0.001234,0.041107469
ENSG00000010295,IFFO1,0.001237,0.04112399
ENSG00000183048,SLC25A10,0.00124,0.041140444
ENSG00000152242,C18orf25,0.001245,0.041223054
ENSG00000184575,XPOT,0.001248,0.041239243
ENSG00000213762,ZNF134,0.001255,0.041370162
ENSG00000129538,RNASE1,0.001257,0.041370162
ENSG00000104047,DTWD1,0.001269,0.041681574
ENSG00000108061,SHOC2,0.001273,0.041729499
ENSG00000184451,CCR10,0.001281,0.041908094
ENSG00000198730,CTR9,0.001284,0.041922728
ENSG00000261455,.,0.001288,0.041948294
ENSG00000127870,RNF6,0.00129,0.041948294
ENSG00000163611,SPICE1,0.001294,0.041948294
ENSG00000113356,POLR3G,0.001295,0.041948294
ENSG00000175906,ARL4D,0.001299,0.041995033
ENSG00000152954,NRSN1,0.001312,0.042313376
ENSG00000126934,MAP2K2,0.001314,0.042313376
ENSG00000122958,VPS26A,0.001326,0.042495311
ENSG00000140474,ULK3,0.001327,0.042495311
ENSG00000164040,PGRMC2,0.001328,0.042495311
ENSG00000117308,GALE,0.00133,0.042495311
ENSG00000129255,MPDU1,0.001351,0.043082472
ENSG00000135823,STX6,0.001369,0.043498757
ENSG00000182054,IDH2,0.001371,0.043498757
ENSG00000130635,COL5A1,0.001372,0.043498757
ENSG00000114021,NIT2,0.001376,0.043541518
ENSG00000151746,BICD1,0.001383,0.043555295
ENSG00000122679,RAMP3,0.001385,0.043555295
ENSG00000167468,GPX4,0.00139,0.043555295
ENSG00000168806,LCMT2,0.001391,0.043555295
ENSG00000197959,DNM3,0.001391,0.043555295
ENSG00000135744,AGT,0.001393,0.043555295
ENSG00000169967,MAP3K2,0.001395,0.043555295
ENSG00000267940,.,0.001401,0.043659626
ENSG00000255571,.,0.001405,0.043701354
ENSG00000176209,C8orf40,0.001417,0.043991287
ENSG00000160783,PMF1,0.001424,0.044061707
ENSG00000104524,PYCRL,0.001426,0.044061707
ENSG00000261050,.,0.001428,0.044061707
ENSG00000178980,SEPW1,0.00143,0.044061707
ENSG00000236194,.,0.001438,0.044225232
ENSG00000174197,MGA,0.001449,0.044480237
ENSG00000139117,CPNE8,0.001455,0.044506941
ENSG00000143140,GJA5,0.001457,0.044506941
ENSG00000049089,COL9A2,0.001458,0.044506941
ENSG00000141298,SSH2,0.001467,0.04467177
ENSG00000150967,ABCB9,0.001471,0.04467177
ENSG00000017483,SLC38A5,0.001474,0.04467177
ENSG00000085224,ATRX,0.001475,0.04467177
ENSG00000218336,TENM3,0.001477,0.04467177
ENSG00000214253,FIS1,0.001485,0.044757187
ENSG00000144504,ANKMY1,0.001486,0.044757187
ENSG00000179178,TMEM125,0.001488,0.044757187
ENSG00000135363,LMO2,0.001495,0.04488553
ENSG00000122490,PQLC1,0.001505,0.045022184
ENSG00000158717,RNF166,0.001507,0.045022184
ENSG00000115904,SOS1,0.001508,0.045022184
ENSG00000138071,ACTR2,0.001511,0.045022184
ENSG00000180720,CHRM4,0.001515,0.045022184
ENSG00000204228,HSD17B8,0.001516,0.045022184
ENSG00000109189,USP46,0.001519,0.04502985
ENSG00000089916,GPATCH2L,0.001526,0.045155852
ENSG00000160551,TAOK1,0.001533,0.045281401
ENSG00000175455,CCDC14,0.001541,0.045354557
ENSG00000135617,PRADC1,0.001541,0.045354557
ENSG00000168067,MAP4K2,0.001561,0.045696277
ENSG00000092758,COL9A3,0.001566,0.045696277
ENSG00000161642,ZNF385A,0.001567,0.045696277
ENSG00000198482,ZNF808,0.001568,0.045696277
ENSG00000156531,PHF6,0.00157,0.045696277
ENSG00000136279,DBNL,0.001576,0.045696277
ENSG00000198785,GRIN3A,0.001578,0.045696277
ENSG00000257315,ZBED6,0.001579,0.045696277
ENSG00000130227,XPO7,0.001581,0.045696277
ENSG00000136877,FPGS,0.001582,0.045696277
ENSG00000128585,MKLN1,0.001585,0.045696277
ENSG00000251348,HSPD1P11,0.001586,0.045696277
ENSG00000166166,TRMT61A,0.001594,0.045743644
ENSG00000177182,CLVS1,0.001595,0.045743644
ENSG00000162551,ALPL,0.001596,0.045743644
ENSG00000071537,SEL1L,0.001623,0.046377429
ENSG00000197714,ZNF460,0.001626,0.046377429
ENSG00000265148,BZRAP1-AS1,0.001636,0.046377429
ENSG00000149823,VPS51,0.001637,0.046377429
ENSG00000178467,P4HTM,0.001643,0.046377429
ENSG00000174516,PELI3,0.001644,0.046377429
ENSG00000125611,CHCHD5,0.001645,0.046377429
ENSG00000136731,UGGT1,0.001645,0.046377429
ENSG00000110876,SELPLG,0.001645,0.046377429
ENSG00000196660,SLC30A10,0.001649,0.046377429
ENSG00000160097,FNDC5,0.001652,0.046377429
ENSG00000108424,KPNB1,0.001652,0.046377429
ENSG00000169900,PYDC1,0.001663,0.046606568
ENSG00000229801,.,0.00167,0.046723015
ENSG00000102554,KLF5,0.001676,0.046811136
ENSG00000099957,P2RX6,0.001679,0.046815309
ENSG00000156675,RAB11FIP1,0.001689,0.046942639
ENSG00000087053,MTMR2,0.001691,0.046942639
ENSG00000157224,CLDN12,0.001695,0.046942639
ENSG00000105701,FKBP8,0.001695,0.046942639
ENSG00000106305,AIMP2,0.001701,0.0470295
ENSG00000059728,MXD1,0.001716,0.047364484
ENSG00000152409,JMY,0.001721,0.047370864
ENSG00000141258,SGSM2,0.001722,0.047370864
ENSG00000083838,ZNF446,0.001728,0.047456428
ENSG00000157106,SMG1,0.001731,0.047459454
ENSG00000164405,UQCRQ,0.001737,0.047492802
ENSG00000151461,UPF2,0.001738,0.047492802
ENSG00000183798,EMILIN3,0.001743,0.047550314
ENSG00000147041,SYTL5,0.001746,0.047553164
ENSG00000196632,WNK3,0.001765,0.047602899
ENSG00000158711,ELK4,0.001766,0.047602899
ENSG00000148341,SH3GLB2,0.001769,0.047602899
ENSG00000260412,.,0.001772,0.047602899
ENSG00000143314,MRPL24,0.001773,0.047602899
ENSG00000211456,SACM1L,0.001774,0.047602899
ENSG00000248455,.,0.001775,0.047602899
ENSG00000167702,KIFC2,0.001775,0.047602899
ENSG00000055917,PUM2,0.001778,0.047602899
ENSG00000251011,.,0.001786,0.047602899
ENSG00000128159,TUBGCP6,0.001788,0.047602899
ENSG00000100614,PPM1A,0.00179,0.047602899
ENSG00000188613,NANOS1,0.001795,0.047602899
ENSG00000254531,.,0.001796,0.047602899
ENSG00000176194,CIDEA,0.001797,0.047602899
ENSG00000081019,RSBN1,0.001797,0.047602899
ENSG00000113448,PDE4D,0.001798,0.047602899
ENSG00000198892,SHISA4,0.0018,0.047602899
ENSG00000163719,MTMR14,0.001813,0.047819136
ENSG00000144747,TMF1,0.001814,0.047819136
ENSG00000133961,NUMB,0.001829,0.047859076
ENSG00000148334,PTGES2,0.001829,0.047859076
ENSG00000205155,PSENEN,0.00183,0.047859076
ENSG00000048052,HDAC9,0.001832,0.047859076
ENSG00000117411,B4GALT2,0.001833,0.047859076
ENSG00000157542,KCNJ6,0.001833,0.047859076
ENSG00000173575,CHD2,0.001836,0.047861314
ENSG00000196850,PPTC7,0.001839,0.047863545
ENSG00000105472,CLEC11A,0.001842,0.047865769
ENSG00000120694,HSPH1,0.001848,0.04794582
ENSG00000129009,ISLR,0.001855,0.048051522
ENSG00000133561,GIMAP6,0.001866,0.048260343
ENSG00000180801,ARSJ,0.001872,0.048315074
ENSG00000141485,SLC13A5,0.001874,0.048315074
ENSG00000221990,C5orf55,0.001878,0.04834231
ENSG00000119383,PPP2R4,0.001882,0.048369462
ENSG00000184999,SLC22A10,0.001887,0.048422189
ENSG00000143774,GUK1,0.001892,0.048474752
ENSG00000249717,.,0.001899,0.048506322
ENSG00000196358,NTNG2,0.001901,0.048506322
ENSG00000100767,PAPLN,0.001905,0.048506322
ENSG00000102081,FMR1,0.001907,0.048506322
ENSG00000168772,CXXC4,0.001908,0.048506322
ENSG00000247572,.,0.001916,0.048535153
ENSG00000214216,IQCJ,0.001916,0.048535153
ENSG00000020577,SAMD4A,0.001918,0.048535153
ENSG00000159069,FBXW5,0.001925,0.048637346
ENSG00000100100,PIK3IP1,0.001935,0.048791149
ENSG00000125864,BFSP1,0.001938,0.048791149
ENSG00000158008,EXTL1,0.00194,0.048791149
ENSG00000138641,HERC3,0.001952,0.048968121
ENSG00000198797,FAM5B,0.001953,0.048968121
ENSG00000121274,PAPD5,0.001957,0.048993614
ENSG00000136381,IREB2,0.001962,0.049044027
ENSG00000211584,SLC48A1,0.001968,0.049119246
ENSG00000133640,LRRIQ1,0.001972,0.049144395
ENSG00000174939,ASPHD1,0.001993,0.049516707
ENSG00000204099,NEU4,0.001994,0.049516707
ENSG00000137075,RNF38,0.001998,0.049516707
ENSG00000110200,ANAPC15,0.001999,0.049516707
ENSG00000164070,HSPA4L,0.002005,0.049540659
ENSG00000077044,DGKD,0.002006,0.049540659
ENSG00000100577,GSTZ1,0.002021,0.049581133
ENSG00000075711,DLG1,0.002029,0.049581133
ENSG00000226124,.,0.002037,0.049581133
ENSG00000173517,.,0.002037,0.049581133
ENSG00000072364,AFF4,0.002041,0.049581133
ENSG00000145715,RASA1,0.002041,0.049581133
ENSG00000204396,VWA7,0.002042,0.049581133
ENSG00000175283,DOLK,0.002045,0.049581133
ENSG00000178184,PARD6G,0.002047,0.049581133
ENSG00000049449,RCN1,0.002049,0.049581133
ENSG00000145780,FEM1C,0.002055,0.049581133
ENSG00000205765,C5orf51,0.002056,0.049581133
ENSG00000126814,TRMT5,0.002057,0.049581133
ENSG00000113163,COL4A3BP,0.002059,0.049581133
ENSG00000164023,SGMS2,0.002062,0.049581133
ENSG00000178568,ERBB4,0.002062,0.049581133
ENSG00000084636,COL16A1,0.002062,0.049581133
ENSG00000214113,LYRM4,0.002065,0.049581133
ENSG00000121753,BAI2,0.002065,0.049581133
ENSG00000163382,APOA1BP,0.002072,0.049676578
ENSG00000143375,CGN,0.002083,0.049768107
ENSG00000197728,RPS26,0.002084,0.049768107
ENSG00000070526,ST6GALNAC1,0.002089,0.049768107
ENSG00000198728,LDB1,0.002091,0.049768107
ENSG00000086712,TXLNG,0.002092,0.049768107
ENSG00000110367,DDX6,0.002094,0.049768107
ENSG00000082512,TRAF5,0.002108,0.049956254
ENSG00000105877,DNAH11,0.002108,0.049956254
ENSG00000125449,ARMC7,0.002200741,0.052078924
ENSG00000153201,RANBP2,0.002213804,0.052312657
ENSG00000101782,RIOK3,0.002261469,0.053362222
ENSG00000110274,CEP164,0.002305403,0.054320854
ENSG00000111052,LIN7A,0.002439377,0.057395245
ENSG00000091136,LAMB1,0.002487955,0.058454493
ENSG00000244879,GABPB1-AS1,0.002494445,0.05852325
ENSG00000153714,LURAP1L,0.002505043,0.058688036
ENSG00000187667,WHAMMP3,0.002527441,0.059128444
ENSG00000077232,DNAJC10,0.002553244,0.059647115
ENSG00000243899,BMS1P7,0.002565351,0.059844839
ENSG00000158234,FAIM,0.00260034,0.060575006
ENSG00000223653,.,0.002704823,0.06291971
ENSG00000184005,ST6GALNAC3,0.002920485,0.067755564
ENSG00000203761,.,0.002920961,0.067755564
ENSG00000178860,MSC,0.003177369,0.073501497
ENSG00000074696,PTPLAD1,0.003177621,0.073501497
ENSG00000133315,MACROD1,0.003199181,0.073896132
ENSG00000250198,.,0.003269857,0.075422568
ENSG00000134996,OSTF1,0.003307279,0.076178731
ENSG00000188517,COL25A1,0.00332051,0.076376382
ENSG00000134215,VAV3,0.003382967,0.077704154
ENSG00000180979,LRRC57,0.003429381,0.078660235
ENSG00000187984,ANKRD19P,0.00348298,0.07977822
ENSG00000115318,LOXL3,0.003498697,0.080026593
ENSG00000169727,GPS1,0.003506603,0.080095882
ENSG00000149452,SLC22A8,0.003563174,0.081275018
ENSG00000260721,.,0.003690292,0.084057781
ENSG00000139973,SYT16,0.003727359,0.08478451
ENSG00000165659,DACH1,0.00385388,0.087541174
ENSG00000184979,USP18,0.00405032,0.091876243
ENSG00000140905,GCSH,0.004087549,0.092592849
ENSG00000160087,UBE2J2,0.004106799,0.09290078
ENSG00000127184,COX7C,0.00433707,0.09797484
ENSG00000120784,ZFP30,0.004353421,0.098209115
ENSG00000242622,.,0.004374899,0.09855825
ENSG00000213390,ARHGAP19,0.004384751,0.098644885
ENSG00000070047,PHRF1,0.004398536,0.098819634
ENSG00000164692,COL1A2,0.004482665,0.100572148
ENSG00000066044,ELAVL1,0.004575137,0.102506788
ENSG00000143819,EPHX1,0.004714746,0.105490838
ENSG00000130821,SLC6A8,0.004722819,0.105527695
ENSG00000160712,IL6R,0.004932634,0.110066107
ENSG00000205358,MT1H,0.004966168,0.110664017
ENSG00000038427,VCAN,0.005080625,0.113061125
ENSG00000129084,PSMA1,0.005131548,0.11403981
ENSG00000164080,RAD54L2,0.005232402,0.11602968
ENSG00000123545,NDUFAF4,0.005235218,0.11602968
ENSG00000145996,CDKAL1,0.005272353,0.116695222
ENSG00000162607,USP1,0.005403349,0.11943365
ENSG00000185818,NAT8L,0.005412648,0.119478395
ENSG00000233757,.,0.005436011,0.119833041
ENSG00000081177,EXD2,0.005479351,0.12062652
ENSG00000242110,AMACR,0.005544701,0.121844412
ENSG00000165060,FXN,0.005549511,0.121844412
ENSG00000233822,HIST1H2BN,0.005676433,0.124464688
ENSG00000158683,PKD1L1,0.005731494,0.12550444
ENSG00000145864,GABRB2,0.005801285,0.126863529
ENSG00000102312,PORCN,0.005906487,0.128992341
ENSG00000067533,RRP15,0.005925741,0.129240953
ENSG00000185742,C11orf87,0.005961673,0.129852188
ENSG00000169379,ARL13B,0.005972485,0.129915388
ENSG00000179152,TCAIM,0.005988132,0.130083464
ENSG00000196810,CTBP1-AS1,0.00628767,0.136256769
ENSG00000001631,KRIT1,0.006291791,0.136256769
ENSG00000115339,GALNT3,0.006297198,0.136256769
ENSG00000173227,SYT12,0.006377529,0.13778737
ENSG00000188647,PTAR1,0.006384716,0.13778737
ENSG00000103222,ABCC1,0.00643775,0.138749574
ENSG00000137776,SLTM,0.006618146,0.142352948
ENSG00000179526,SHARPIN,0.006622277,0.142352948
ENSG00000171469,ZNF561,0.006722594,0.144320477
ENSG00000100403,ZC3H7B,0.006743179,0.144573407
ENSG00000042493,CAPG,0.006801444,0.14563249
ENSG00000083845,RPS5,0.006823678,0.145918309
ENSG00000149305,HTR3B,0.006864913,0.146609195
ENSG00000055147,FAM114A2,0.006914942,0.147485841
ENSG00000212719,C17orf51,0.006982701,0.14873787
ENSG00000111667,USP5,0.007032252,0.149504323
ENSG00000186566,GPATCH8,0.00703689,0.149504323
ENSG00000256392,.,0.007129903,0.151284753
ENSG00000152953,STK32B,0.007221593,0.15303254
ENSG00000113749,HRH2,0.007277836,0.15402564
ENSG00000183688,FAM101B,0.007422807,0.156891572
ENSG00000120875,DUSP4,0.007445577,0.157051463
ENSG00000067182,TNFRSF1A,0.007455129,0.157051463
ENSG00000153107,ANAPC1,0.00745906,0.157051463
ENSG00000151490,PTPRO,0.007469232,0.157064263
ENSG00000238197,GCFC1-AS1,0.007543917,0.158431907
ENSG00000154330,PGM5,0.007561609,0.158600652
ENSG00000050820,BCAR1,0.007622879,0.159681823
ENSG00000185920,PTCH1,0.007788341,0.16294004
ENSG00000122257,RBBP6,0.007924437,0.165576369
ENSG00000239672,NME1,0.007972963,0.166378609
ENSG00000233369,.,0.008012502,0.166991523
ENSG00000133657,ATP13A3,0.00813302,0.169288444
ENSG00000185262,FAM100B,0.008218476,0.170850671
ENSG00000132872,SYT4,0.008289288,0.172104905
ENSG00000183978,COA3,0.008608717,0.178295961
ENSG00000113119,TMCO6,0.008609225,0.178295961
ENSG00000131473,ACLY,0.008620045,0.178295961
ENSG00000171435,KSR2,0.008642896,0.178543754
ENSG00000118816,CCNI,0.008830977,0.182199917
ENSG00000205323,SARNP,0.008845016,0.182260596
ENSG00000185869,ZNF829,0.008859244,0.182325019
ENSG00000174799,CEP135,0.008917293,0.183175415
ENSG00000177707,PVRL3,0.008930466,0.183175415
ENSG00000204576,PRR3,0.008934026,0.183175415
ENSG00000164978,NUDT2,0.008973345,0.183752171
ENSG00000131844,MCCC2,0.009061187,0.185319896
ENSG00000185000,DGAT1,0.009190976,0.187476469
ENSG00000233008,.,0.009199843,0.187476469
ENSG00000158006,PAFAH2,0.009200879,0.187476469
ENSG00000152359,POC5,0.009257584,0.188398134
ENSG00000012232,EXTL3,0.009344199,0.189925464
ENSG00000148798,INA,0.009404313,0.190911039
ENSG00000230606,.,0.00946555,0.191916957
ENSG00000136297,MMD2,0.009526775,0.192920121
ENSG00000167967,E4F1,0.009564091,0.193437276
ENSG00000112664,NUDT3,0.009592423,0.193728833
ENSG00000185068,GTF2H5,0.009602099,0.193728833
ENSG00000259153,.,0.00962061,0.193864138
ENSG00000156253,RWDD2B,0.009671325,0.194647263
ENSG00000147133,TAF1,0.009758731,0.196166017
ENSG00000229852,.,0.00977325,0.196217716
ENSG00000065320,NTN1,0.009871652,0.19795133
ENSG00000249673,NOP14-AS1,0.009941848,0.199115808
ENSG00000145244,CORIN,0.00996316,0.199299608
ENSG00000172572,PDE3A,0.010045646,0.200705165
ENSG00000184545,DUSP8,0.010059964,0.200747006
ENSG00000141642,ELAC1,0.010276968,0.20482845
ENSG00000226752,.,0.010330509,0.205602849
ENSG00000157601,MX1,0.010340861,0.205602849
ENSG00000129535,NRL,0.01037089,0.205950572
ENSG00000181409,AATK,0.010634314,0.210926732
ENSG00000106089,STX1A,0.010649487,0.210965451
ENSG00000116750,UCHL5,0.010661957,0.210965451
ENSG00000090920,FCGBP,0.010701059,0.211484349
ENSG00000124615,MOCS1,0.010764654,0.212485481
ENSG00000165288,BRWD3,0.010778454,0.212502458
ENSG00000166033,HTRA1,0.010991966,0.216452117
ENSG00000101160,CTSZ,0.011024915,0.21684093
ENSG00000157350,ST3GAL2,0.011067462,0.21723813
ENSG00000155816,FMN2,0.011071565,0.21723813
ENSG00000268001,.,0.011100768,0.217551208
ENSG00000162711,NLRP3,0.011177613,0.218796108
ENSG00000163728,TTC14,0.011205454,0.219079957
ENSG00000171189,GRIK1,0.011267811,0.220037171
ENSG00000134602,.,0.011362792,0.221601927
ENSG00000107731,UNC5B,0.011376027,0.221601927
ENSG00000135333,EPHA7,0.01138842,0.221601927
ENSG00000120262,CCDC170,0.011508568,0.223674804
ENSG00000166455,C16orf46,0.0116388,0.225938551
ENSG00000178150,ZNF114,0.01176292,0.228078427
ENSG00000167733,HSD11B1L,0.011879221,0.230061851
ENSG00000140497,SCAMP2,0.011909335,0.230373382
ENSG00000118690,ARMC2,0.01193009,0.230499149
ENSG00000128309,MPST,0.011943906,0.230499149
ENSG00000138463,DIRC2,0.011962571,0.230588394
ENSG00000154240,CEP112,0.012250576,0.235738917
ENSG00000115295,CLIP4,0.012273806,0.235738917
ENSG00000135336,ORC3,0.012292784,0.235738917
ENSG00000163608,C3orf17,0.012296833,0.235738917
ENSG00000204628,GNB2L1,0.012301544,0.235738917
ENSG00000108465,CDK5RAP3,0.012399029,0.237330138
ENSG00000108557,RAI1,0.012503669,0.239054429
ENSG00000165997,ARL5B,0.012526173,0.239206202
ENSG00000250608,.,0.012565639,0.239681164
ENSG00000205212,CCDC144NL,0.012694496,0.241858123
ENSG00000226049,TLK2P1,0.012751326,0.242659354
ENSG00000256667,KLRAP1,0.012888254,0.24498125
ENSG00000141985,SH3GL1,0.012995738,0.246738738
ENSG00000172113,NME6,0.013173549,0.249292716
ENSG00000182348,ZNF804B,0.013191686,0.249292716
ENSG00000165475,CRYL1,0.013199998,0.249292716
ENSG00000155984,TMEM185A,0.013203105,0.249292716
ENSG00000062716,VMP1,0.013206154,0.249292716
ENSG00000159248,GJD2,0.013346338,0.25164972
ENSG00000115145,STAM2,0.013431172,0.252958866
ENSG00000114805,PLCH1,0.013471188,0.253292227
ENSG00000103034,NDRG4,0.013479718,0.253292227
ENSG00000109089,CDR2L,0.013513971,0.253645649
ENSG00000105854,PON2,0.013538273,0.253811715
ENSG00000152782,PANK1,0.01355882,0.253907067
ENSG00000058804,TMEM48,0.013579025,0.253995813
ENSG00000181218,HIST3H2A,0.013628969,0.254639998
ENSG00000152527,PLEKHH2,0.013659841,0.254823889
ENSG00000204618,RNF39,0.013669844,0.254823889
ENSG00000138081,FBXO11,0.013711487,0.255310377
ENSG00000169976,SF3B5,0.013927188,0.259033081
ENSG00000260054,.,0.014087728,0.261722567
ENSG00000237977,.,0.014429151,0.26776265
ENSG00000072506,HSD17B10,0.014455176,0.267942835
ENSG00000259175,.,0.014560883,0.269597945
ENSG00000260708,.,0.01459496,0.26992459
ENSG00000174013,FBXO45,0.014664741,0.270910053
ENSG00000268592,.,0.014728819,0.271788077
ENSG00000239523,MYLK-AS1,0.014809623,0.272838182
ENSG00000175581,MRPL48,0.014818953,0.272838182
ENSG00000131061,ZNF341,0.014870451,0.273479753
ENSG00000181817,LSM10,0.014967542,0.274957435
ENSG00000246763,.,0.01522213,0.279303433
ENSG00000189108,IL1RAPL2,0.015238134,0.279303433
ENSG00000143061,IGSF3,0.015359018,0.281205305
ENSG00000083857,FAT1,0.015402917,0.28169499
ENSG00000090615,GOLGA3,0.015462988,0.282300697
ENSG00000254595,.,0.015470415,0.282300697
ENSG00000146143,PRIM2,0.015488832,0.282323072
ENSG00000162227,TAF6L,0.015572002,0.283524374
ENSG00000117533,VAMP4,0.015747675,0.286405382
ENSG00000235677,.,0.015815381,0.287318591
ENSG00000231889,TRAF3IP2-AS1,0.015841931,0.287482912
ENSG00000227953,.,0.015880335,0.287861751
ENSG00000168374,ARF4,0.016039476,0.290425934
ENSG00000236088,.,0.016319242,0.295166193
ENSG00000176912,C18orf56,0.016371924,0.295793304
ENSG00000136144,RCBTB1,0.016450619,0.296780702
ENSG00000005379,BZRAP1,0.016462718,0.296780702
ENSG00000187446,CHP1,0.016509775,0.297270681
ENSG00000235597,.,0.016526099,0.297270681
ENSG00000159131,GART,0.016623362,0.298693072
ENSG00000048740,CELF2,0.016717724,0.300060309
ENSG00000087470,DNM1L,0.016862254,0.302324021
ENSG00000143621,ILF2,0.016922853,0.303079632
ENSG00000104142,VPS18,0.016968058,0.303522224
ENSG00000113851,CRBN,0.016984529,0.303522224
ENSG00000119632,IFI27L2,0.01704748,0.304316041
ENSG00000165246,NLGN4Y,0.017179206,0.306334521
ENSG00000185291,IL3RA,0.017215034,0.306640452
ENSG00000151014,CCRN4L,0.017238244,0.306721212
ENSG00000087008,ACOX3,0.017289057,0.307292399
ENSG00000143367,TUFT1,0.017328132,0.307653954
ENSG00000185963,BICD2,0.017389906,0.308417299
ENSG00000116745,RPE65,0.017414214,0.308515247
ENSG00000112763,BTN2A1,0.017466951,0.309116096
ENSG00000137492,PRKRIR,0.017605901,0.311239737
ENSG00000078043,PIAS2,0.017788748,0.314133988
ENSG00000165568,AKR1E2,0.017856648,0.314994347
ENSG00000133895,MEN1,0.018031166,0.317731584
ENSG00000255595,.,0.018153628,0.319546654
ENSG00000172548,NIPAL4,0.018178254,0.319637541
ENSG00000254122,PCDHGB7,0.018271733,0.320937621
ENSG00000103855,CD276,0.018393938,0.322738927
ENSG00000153048,CARHSP1,0.018419858,0.322848803
ENSG00000096996,IL12RB1,0.018480627,0.323568594
ENSG00000100095,SEZ6L,0.018596673,0.32525363
ENSG00000068784,SRBD1,0.018631031,0.325507896
ENSG00000119522,DENND1A,0.018678344,0.325987723
ENSG00000204969,PCDHA2,0.018743864,0.326358665
ENSG00000197279,ZNF165,0.018749575,0.326358665
ENSG00000248175,.,0.018782126,0.326358665
ENSG00000092964,DPYSL2,0.018795818,0.326358665
ENSG00000223959,AFG3L1P,0.018798959,0.326358665
ENSG00000165553,NGB,0.018867501,0.327202716
ENSG00000196275,GTF2IRD2,0.019018798,0.329478609
ENSG00000132661,NXT1,0.019062087,0.329880563
ENSG00000106608,URGCP,0.019142302,0.3308323
ENSG00000137273,FOXF2,0.019157372,0.3308323
ENSG00000120158,RCL1,0.019208041,0.331247813
ENSG00000180044,C3orf80,0.019221772,0.331247813
ENSG00000145217,SLC26A1,0.019250047,0.331286582
ENSG00000147654,EBAG9,0.019264366,0.331286582
ENSG00000160124,CCDC58,0.019316779,0.331840438
ENSG00000257434,.,0.01946268,0.333997483
ENSG00000166823,MESP1,0.019508043,0.334426508
ENSG00000075415,SLC25A3,0.019616418,0.335933707
ENSG00000122042,UBL3,0.019783122,0.338435631
ENSG00000179943,FIZ1,0.019861688,0.339426112
ENSG00000115275,MOGS,0.019984027,0.341160364
ENSG00000123064,DDX54,0.020004715,0.341160364
ENSG00000156802,ATAD2,0.02009178,0.342289736
ENSG00000259644,.,0.020166173,0.343201091
ENSG00000135916,ITM2C,0.020205296,0.343510953
ENSG00000263002,ZNF234,0.020283328,0.344480961
ENSG00000254198,.,0.020424478,0.346519834
ENSG00000108381,ASPA,0.020637103,0.349765883
ENSG00000116199,FAM20B,0.020729194,0.350964489
ENSG00000137269,LRRC1,0.020759299,0.35108
ENSG00000025770,NCAPH2,0.020791403,0.35108
ENSG00000096968,JAK2,0.020803654,0.35108
ENSG00000112312,GMNN,0.020821526,0.35108
ENSG00000066933,MYO9A,0.020923143,0.3523464
ENSG00000188283,ZNF383,0.020939541,0.3523464
ENSG00000090924,PLEKHG2,0.021048132,0.353811121
ENSG00000231771,.,0.021228596,0.356479779
ENSG00000165312,OTUD1,0.021270315,0.356815504
ENSG00000170469,SPATA24,0.021347519,0.357745207
ENSG00000258559,.,0.021387289,0.358046331
ENSG00000197358,BNIP3P1,0.021433285,0.35845095
ENSG00000050628,PTGER3,0.021488223,0.358754774
ENSG00000236753,.,0.021497619,0.358754774
ENSG00000006283,CACNA1G,0.021516985,0.358754774
ENSG00000196214,ZNF766,0.021572617,0.359317529
ENSG00000167851,CD300A,0.021661919,0.360178841
ENSG00000184203,PPP1R2,0.021668191,0.360178841
ENSG00000266967,AARSD1,0.021698816,0.360323215
ENSG00000234585,CCT6P3,0.021907141,0.363415135
ENSG00000142512,SIGLEC10,0.021953647,0.363819118
ENSG00000010219,DYRK4,0.021994697,0.364131966
ENSG00000143013,LMO4,0.022019576,0.364176738
ENSG00000106346,USP42,0.02209418,0.365042974
ENSG00000185681,MORN5,0.022178344,0.366065267
ENSG00000116161,CACYBP,0.022293562,0.367175417
ENSG00000097096,SYDE2,0.022298446,0.367175417
ENSG00000268172,.,0.022329386,0.367175417
ENSG00000196440,ARMCX4,0.022335033,0.367175417
ENSG00000133706,LARS,0.022383416,0.367602846
ENSG00000119778,ATAD2B,0.022636735,0.371391711
ENSG00000185798,WDR53,0.022659533,0.371394715
ENSG00000135046,ANXA1,0.022699667,0.371681583
ENSG00000141542,RAB40B,0.022857854,0.37389894
ENSG00000101349,PAK7,0.022945505,0.374725232
ENSG00000099203,TMED1,0.022954002,0.374725232
ENSG00000233930,.,0.023029005,0.375353333
ENSG00000244754,N4BP2L2,0.02304281,0.375353333
ENSG00000143093,STRIP1,0.02306138,0.375353333
ENSG00000198937,CCDC167,0.023083899,0.375353333
ENSG00000136999,NOV,0.023113045,0.375455522
ENSG00000145901,TNIP1,0.023189069,0.376089183
ENSG00000119599,DCAF4,0.023197853,0.376089183
ENSG00000261342,.,0.023272244,0.376599503
ENSG00000100242,SUN2,0.023275193,0.376599503
ENSG00000165091,TMC1,0.023321121,0.376971227
ENSG00000114573,ATP6V1A,0.023355027,0.377148092
ENSG00000129159,KCNC1,0.023388393,0.377315888
ENSG00000131558,EXOC4,0.023446545,0.377586299
ENSG00000181418,DDN,0.023467804,0.377586299
ENSG00000185261,KIAA0825,0.023474128,0.377586299
ENSG00000143157,POGK,0.023543955,0.378338923
ENSG00000115652,UXS1,0.023686314,0.380134038
ENSG00000204149,AGAP6,0.02370345,0.380134038
ENSG00000101421,CHMP4B,0.023746534,0.380134038
ENSG00000162402,USP24,0.023768141,0.380134038
ENSG00000102053,ZC3H12B,0.023771397,0.380134038
ENSG00000170231,FABP6,0.023840492,0.380868088
ENSG00000268947,.,0.023886713,0.381074674
ENSG00000130208,APOC1,0.023902914,0.381074674
ENSG00000135365,PHF21A,0.023923034,0.381074674
ENSG00000166503,.,0.02396078,0.381119087
ENSG00000100226,GTPBP1,0.023972235,0.381119087
ENSG00000079974,RABL2B,0.024161389,0.383754827
ENSG00000117543,DPH5,0.024213204,0.384206224
ENSG00000158457,TSPAN33,0.02433792,0.385345663
ENSG00000151503,NCAPD3,0.024356922,0.385345663
ENSG00000226684,.,0.024372782,0.385345663
ENSG00000214719,.,0.024393731,0.385345663
ENSG00000176396,EID2,0.024402331,0.385345663
ENSG00000100142,POLR2F,0.024439735,0.385374196
ENSG00000167524,.,0.024451069,0.385374196
ENSG00000237298,TTN-AS1,0.024553433,0.386616526
ENSG00000147813,NAPRT1,0.024633393,0.387504038
ENSG00000180488,FAM73A,0.024675617,0.387796802
ENSG00000132313,MRPL35,0.024803706,0.38943715
ENSG00000136449,MYCBPAP,0.025139269,0.394328763
ENSG00000240356,RPL23AP7,0.025384728,0.397799037
ENSG00000155754,ALS2CR11,0.025456271,0.398539887
ENSG00000164211,STARD4,0.02551915,0.39914381
ENSG00000147124,ZNF41,0.025556855,0.399353209
ENSG00000165650,PDZD8,0.025621054,0.399975831
ENSG00000259344,.,0.025695965,0.400425414
ENSG00000151240,DIP2C,0.025698617,0.400425414
ENSG00000151366,NDUFC2,0.025977155,0.40438181
ENSG00000157766,ACAN,0.026214184,0.407685177
ENSG00000103495,MAZ,0.026317178,0.408899735
ENSG00000220575,.,0.026545892,0.412063494
ENSG00000135052,GOLM1,0.026593232,0.412408537
ENSG00000135632,SMYD5,0.026634275,0.412655376
ENSG00000078269,SYNJ2,0.026665278,0.412746334
ENSG00000242261,.,0.026834298,0.41437595
ENSG00000049130,KITLG,0.026883254,0.41437595
ENSG00000119403,PHF19,0.026891472,0.41437595
ENSG00000172731,LRRC20,0.02691328,0.41437595
ENSG00000103005,USB1,0.026938775,0.41437595
ENSG00000266348,.,0.026942754,0.41437595
ENSG00000177383,MAGEF1,0.026973943,0.41437595
ENSG00000177459,C8orf47,0.027007186,0.41437595
ENSG00000106009,BRAT1,0.027012917,0.41437595
ENSG00000112237,CCNC,0.027022873,0.41437595
ENSG00000224430,MKRN5P,0.027104786,0.414894857
ENSG00000109686,SH3D19,0.027133669,0.414894857
ENSG00000108264,TADA2A,0.027133837,0.414894857
ENSG00000144231,POLR2D,0.027163295,0.414894857
ENSG00000154380,ENAH,0.027183028,0.414894857
ENSG00000250746,.,0.027269267,0.415790406
ENSG00000188611,ASAH2,0.027292337,0.415790406
ENSG00000149503,INCENP,0.027384713,0.416811063
ENSG00000259850,.,0.027448874,0.417268124
ENSG00000089157,RPLP0,0.027465557,0.417268124
ENSG00000004534,RBM6,0.027607866,0.419042496
ENSG00000174886,NDUFA11,0.027683793,0.419529136
ENSG00000131389,SLC6A6,0.027691018,0.419529136
ENSG00000163832,ELP6,0.027722759,0.419622916
ENSG00000164053,ATRIP,0.027754856,0.419721917
ENSG00000197119,SLC25A29,0.027814675,0.420239573
ENSG00000204860,FAM201A,0.027870801,0.420700521
ENSG00000168350,DEGS2,0.027972714,0.421472846
ENSG00000093144,ECHDC1,0.027973294,0.421472846
ENSG00000204381,LAYN,0.028011938,0.42162937
ENSG00000111674,ENO2,0.028035028,0.42162937
ENSG00000115282,TTC31,0.028081533,0.421942381
ENSG00000132128,LRRC41,0.028200764,0.423346571
ENSG00000154269,ENPP3,0.02823409,0.423459785
ENSG00000161040,FBXL13,0.028336714,0.424611178
ENSG00000137806,NDUFAF1,0.028438926,0.425754309
ENSG00000188486,H2AFX,0.028488808,0.426054955
ENSG00000078142,PIK3C3,0.028516396,0.426054955
ENSG00000164118,CEP44,0.028536836,0.426054955
ENSG00000005448,WDR54,0.028587059,0.42641714
ENSG00000258891,.,0.028615357,0.426431698
ENSG00000185608,MRPL40,0.028639966,0.426431698
ENSG00000124532,MRS2,0.028673538,0.426544854
ENSG00000167258,CDK12,0.028717424,0.42681109
ENSG00000127952,STYXL1,0.028828421,0.428073378
ENSG00000261701,HPR,0.028879922,0.428450724
ENSG00000100258,LMF2,0.028924163,0.428719795
ENSG00000125484,GTF3C4,0.029011014,0.428912868
ENSG00000183258,DDX41,0.029029318,0.428912868
ENSG00000155868,MED7,0.029073658,0.428912868
ENSG00000182287,AP1S2,0.029104313,0.428912868
ENSG00000095209,TMEM38B,0.029122815,0.428912868
ENSG00000228594,C1orf233,0.029128605,0.428912868
ENSG00000178809,TRIM73,0.029134295,0.428912868
ENSG00000106211,HSPB1,0.029146122,0.428912868
ENSG00000137693,YAP1,0.029301817,0.430464875
ENSG00000229320,KRT8P12,0.029304008,0.430464875
ENSG00000007520,TSR3,0.029334707,0.430530733
ENSG00000215717,TMEM167B,0.029585878,0.433829359
ENSG00000173947,PIFO,0.029631376,0.43410891
ENSG00000112144,ICK,0.029724085,0.434949158
ENSG00000249158,PCDHA11,0.029741698,0.434949158
ENSG00000163697,APBB2,0.02987805,0.436554469
ENSG00000143751,SDE2,0.029989919,0.437799503
ENSG00000142949,PTPRF,0.030085237,0.438800937
ENSG00000166535,A2ML1,0.03016835,0.439387283
ENSG00000149927,DOC2A,0.030178948,0.439387283
ENSG00000125388,GRK4,0.03028441,0.440532211
ENSG00000246022,ALDH1L1-AS2,0.030385958,0.441339326
ENSG00000123992,DNPEP,0.03040529,0.441339326
ENSG00000124313,IQSEC2,0.030456382,0.441339326
ENSG00000168259,DNAJC7,0.030458264,0.441339326
ENSG00000128739,SNRPN,0.030474261,0.441339326
ENSG00000117640,FAM54B,0.030683239,0.443974301
ENSG00000082146,STRADB,0.031057273,0.448990843
ENSG00000133142,TCEAL4,0.031084966,0.448995955
ENSG00000137770,CTDSPL2,0.03120427,0.449752219
ENSG00000260006,.,0.031255571,0.449752219
ENSG00000091844,RGS17,0.031265125,0.449752219
ENSG00000129355,CDKN2D,0.031267551,0.449752219
ENSG00000204463,BAG6,0.031281307,0.449752219
ENSG00000213090,.,0.031301637,0.449752219
ENSG00000077585,GPR137B,0.031389449,0.45061969
ENSG00000246451,.,0.031454651,0.4507903
ENSG00000151348,EXT2,0.031456231,0.4507903
ENSG00000113328,CCNG1,0.031546056,0.451683416
ENSG00000110583,NAA40,0.031604206,0.452121837
ENSG00000078967,UBE2D4,0.031776752,0.45388875
ENSG00000131089,ARHGEF9,0.031782991,0.45388875
ENSG00000137628,DDX60,0.031895958,0.455029311
ENSG00000086205,FOLH1,0.031948561,0.455029311
ENSG00000008056,SYN1,0.031950229,0.455029311
ENSG00000120533,ENY2,0.031997428,0.455029311
ENSG00000063601,MTMR1,0.032028761,0.455029311
ENSG00000224870,.,0.032029098,0.455029311
ENSG00000176101,SSNA1,0.032074115,0.455275014
ENSG00000171533,MAP6,0.03234474,0.458719925
ENSG00000100425,BRD1,0.032403376,0.459154997
ENSG00000169957,ZNF768,0.032434406,0.459198485
ENSG00000261366,MANEA-AS1,0.032513164,0.459917046
ENSG00000085514,PILRA,0.032701769,0.462186884
ENSG00000175895,PLEKHF2,0.032761997,0.46263996
ENSG00000125877,ITPA,0.032804911,0.462847983
ENSG00000225423,.,0.032854434,0.463040936
ENSG00000184260,HIST2H2AC,0.032874976,0.463040936
ENSG00000227372,TP73-AS1,0.033016398,0.464225335
ENSG00000109323,MANBA,0.033022737,0.464225335
ENSG00000100227,POLDIP3,0.033069077,0.464225335
ENSG00000165443,PHYHIPL,0.033072133,0.464225335
ENSG00000165061,ZMAT4,0.033187732,0.465199702
ENSG00000215452,.,0.033217553,0.465199702
ENSG00000205352,PRR13,0.033226527,0.465199702
ENSG00000104728,ARHGEF10,0.033290869,0.465703527
ENSG00000136451,VEZF1,0.033338842,0.465977701
ENSG00000236104,ZBTB22,0.033397493,0.466400533
ENSG00000147687,TATDN1,0.033539401,0.467984346
ENSG00000183665,TRMT12,0.03358289,0.468139877
ENSG00000113812,ACTR8,0.033618775,0.468139877
ENSG00000184939,ZFP90,0.033636063,0.468139877
ENSG00000173531,MST1,0.033672293,0.468247308
ENSG00000189007,ADAT2,0.033879066,0.47072411
ENSG00000198393,ZNF26,0.03398516,0.471799057
ENSG00000104419,NDRG1,0.034023459,0.47193182
ENSG00000197238,HIST1H4J,0.034135791,0.473090372
ENSG00000155506,LARP1,0.03429365,0.474877409
ENSG00000101443,WFDC2,0.034372083,0.475562528
ENSG00000156172,C8orf37,0.034443487,0.47604472
ENSG00000164062,APEH,0.034464907,0.47604472
ENSG00000167695,FAM57A,0.03450211,0.476158108
ENSG00000184060,ADAP2,0.034531482,0.476163328
ENSG00000092931,MFSD11,0.034647593,0.476958734
ENSG00000090316,MAEA,0.034654924,0.476958734
ENSG00000157306,.,0.03469015,0.476958734
ENSG00000182179,UBA7,0.034705333,0.476958734
ENSG00000153666,GOLGA8I,0.034787343,0.477651773
ENSG00000213199,ASIC3,0.034821363,0.477651773
ENSG00000143891,GALM,0.034843014,0.477651773
ENSG00000135318,NT5E,0.03495715,0.478816744
ENSG00000113209,PCDHB5,0.035043439,0.479282594
ENSG00000182405,PGBD4,0.035058594,0.479282594
ENSG00000105793,GTPBP10,0.035078711,0.479282594
ENSG00000091164,TXNL1,0.035279607,0.481151991
ENSG00000223705,NSUN5P1,0.035304493,0.481151991
ENSG00000261786,.,0.035320628,0.481151991
ENSG00000102181,CD99L2,0.035339054,0.481151991
ENSG00000138363,ATIC,0.03536202,0.481151991
ENSG00000092531,SNAP23,0.035522472,0.482806492
ENSG00000197536,C5orf56,0.035542413,0.482806492
ENSG00000165804,ZNF219,0.035694359,0.48412189
ENSG00000230513,THAP7-AS1,0.035698204,0.48412189
ENSG00000109956,B3GAT1,0.035738037,0.484262194
ENSG00000132604,TERF2,0.035810206,0.484840074
ENSG00000160539,PPAPDC3,0.035911799,0.485815059
ENSG00000171055,FEZ2,0.036098375,0.487937127
ENSG00000196083,IL1RAP,0.036152227,0.488263178
ENSG00000258375,.,0.036281487,0.488659273
ENSG00000178950,GAK,0.036284688,0.488659273
ENSG00000162975,KCNF1,0.036296428,0.488659273
ENSG00000162688,AGL,0.036300573,0.488659273
ENSG00000146872,TLK2,0.036351595,0.488945321
ENSG00000146233,CYP39A1,0.03646847,0.490019991
ENSG00000153266,FEZF2,0.036491168,0.490019991
ENSG00000134291,TMEM106C,0.036538835,0.490259217
ENSG00000105137,SYDE1,0.036648446,0.491328511
ENSG00000198538,ZNF28,0.036688499,0.491464292
ENSG00000169895,SYAP1,0.036777988,0.492002615
ENSG00000108559,NUP88,0.036825105,0.492002615
ENSG00000179388,EGR3,0.036864947,0.492002615
ENSG00000085449,WDFY1,0.036881347,0.492002615
ENSG00000236021,.,0.036885966,0.492002615
ENSG00000168297,PXK,0.036913375,0.492002615
ENSG00000244682,FCGR2C,0.036967734,0.492002615
ENSG00000158985,CDC42SE2,0.036968351,0.492002615
ENSG00000109618,SEPSECS,0.037097828,0.49332601
ENSG00000117133,RPF1,0.037155042,0.493687102
ENSG00000143850,PLEKHA6,0.037228912,0.494268734
ENSG00000215417,MIR17HG,0.037297357,0.494522044
ENSG00000169045,HNRNPH1,0.037354561,0.494522044
ENSG00000213949,ITGA1,0.03736624,0.494522044
ENSG00000166801,FAM111A,0.037368438,0.494522044
ENSG00000095319,NUP188,0.037475361,0.495537721
ENSG00000132768,DPH2,0.037551758,0.496148453
ENSG00000237818,RPS3AP29,0.037607707,0.49648824
ENSG00000260260,.,0.037641093,0.496529861
ENSG00000249212,ATP1B1P1,0.037676172,0.496593722
ENSG00000196876,SCN8A,0.037730237,0.496907525
ENSG00000116830,TTF2,0.037800315,0.497431555
ENSG00000249359,.,0.037866767,0.497907054
ENSG00000198857,HSD3BP5,0.037963763,0.498266063
ENSG00000106560,GIMAP2,0.037966468,0.498266063
ENSG00000108448,TRIM16L,0.038027811,0.498266063
ENSG00000227082,.,0.038079189,0.498266063
ENSG00000062370,ZFP112,0.038086777,0.498266063
ENSG00000115468,EFHD1,0.038092226,0.498266063
ENSG00000183807,FAM162B,0.038135079,0.498266063
ENSG00000204256,BRD2,0.038136786,0.498266063
ENSG00000141562,NARF,0.038244983,0.49928248
ENSG00000152315,KCNK13,0.038359961,0.500385731
ENSG00000146063,TRIM41,0.038525011,0.501141605
ENSG00000151914,DST,0.038534317,0.501141605
ENSG00000138593,SECISBP2L,0.038534447,0.501141605
ENSG00000075884,ARHGAP15,0.038539965,0.501141605
ENSG00000166855,CLPX,0.038582889,0.501257084
ENSG00000173198,CYSLTR1,0.038613292,0.501257084
ENSG00000104472,CHRAC1,0.038664007,0.501257084
ENSG00000176014,TUBB6,0.038670933,0.501257084
ENSG00000142279,WTIP,0.038702221,0.501267013
ENSG00000132535,DLG4,0.038838467,0.502635259
ENSG00000268654,MIMT1,0.038961305,0.503658865
ENSG00000143067,ZNF697,0.038982944,0.503658865
ENSG00000227318,.,0.039054935,0.503658865
ENSG00000112306,RPS12,0.039064536,0.503658865
ENSG00000258178,.,0.0390709,0.503658865
ENSG00000139597,N4BP2L1,0.039205561,0.504944904
ENSG00000161904,LEMD2,0.039232156,0.504944904
ENSG00000196118,C16orf93,0.039370533,0.505967397
ENSG00000107130,NCS1,0.039392541,0.505967397
ENSG00000151726,ACSL1,0.039479903,0.505967397
ENSG00000037637,FBXO42,0.039484809,0.505967397
ENSG00000100433,KCNK10,0.039533482,0.505967397
ENSG00000234841,.,0.039539725,0.505967397
ENSG00000173674,EIF1AX,0.039569165,0.505967397
ENSG00000133985,TTC9,0.039613102,0.505967397
ENSG00000204128,C2orf72,0.039615135,0.505967397
ENSG00000244128,.,0.039619684,0.505967397
ENSG00000135535,CD164,0.039761738,0.507386966
ENSG00000171928,FAM18B1,0.039847499,0.507435581
ENSG00000112038,OPRM1,0.039855746,0.507435581
ENSG00000231233,.,0.039887044,0.507435581
ENSG00000183778,B3GALT5,0.039889139,0.507435581
ENSG00000135686,KLHL36,0.040035991,0.508227795
ENSG00000057663,ATG5,0.040053862,0.508227795
ENSG00000184205,TSPYL2,0.040092036,0.508227795
ENSG00000111596,CNOT2,0.040129343,0.508227795
ENSG00000003987,MTMR7,0.040154923,0.508227795
ENSG00000178607,ERN1,0.04016951,0.508227795
ENSG00000184574,LPAR5,0.040210107,0.508227795
ENSG00000171282,BAHCC1,0.040211993,0.508227795
ENSG00000168539,CHRM1,0.04022993,0.508227795
ENSG00000082641,NFE2L1,0.040266995,0.508305047
ENSG00000124193,SRSF6,0.040636803,0.51257927
ENSG00000137814,HAUS2,0.040744352,0.513166995
ENSG00000258441,LINC00641,0.040745891,0.513166995
ENSG00000166226,CCT2,0.040815321,0.513647522
ENSG00000135940,COX5B,0.040897983,0.514293697
ENSG00000164329,PAPD4,0.040970256,0.514632529
ENSG00000100304,TTLL12,0.0409876,0.514632529
ENSG00000129932,DOHH,0.041080666,0.515407009
ENSG00000167549,CORO6,0.041125168,0.515571482
ENSG00000197170,PSMD12,0.0411903,0.515764405
ENSG00000146707,POMZP3,0.041230893,0.515764405
ENSG00000117020,AKT3,0.041234772,0.515764405
ENSG00000123415,SMUG1,0.041341582,0.516476256
ENSG00000183287,CCBE1,0.04137936,0.516476256
ENSG00000103018,CYB5B,0.041386029,0.516476256
ENSG00000136048,DRAM1,0.041753555,0.520468394
ENSG00000179241,LDLRAD3,0.041769308,0.520468394
ENSG00000151092,NGLY1,0.041848104,0.521054903
ENSG00000261167,.,0.041980473,0.522307048
ENSG00000145491,ROPN1L,0.042127459,0.523348513
ENSG00000135218,CD36,0.042127914,0.523348513
ENSG00000176945,MUC20,0.042298454,0.524792685
ENSG00000089558,KCNH4,0.042308075,0.524792685
ENSG00000112977,DAP,0.042407488,0.525259825
ENSG00000163833,FBXO40,0.042426673,0.525259825
ENSG00000114473,IQCG,0.042441685,0.525259825
ENSG00000166780,C16orf45,0.042573798,0.525856044
ENSG00000239653,PSMD6-AS2,0.042579519,0.525856044
ENSG00000231345,.,0.042589142,0.525856044
ENSG00000260124,.,0.042631463,0.525856044
ENSG00000119402,FBXW2,0.042649957,0.525856044
ENSG00000144659,SLC25A38,0.042735069,0.526426826
ENSG00000183783,KCTD8,0.042798294,0.526426826
ENSG00000047410,TPR,0.04280296,0.526426826
ENSG00000156011,PSD3,0.042832411,0.526426826
ENSG00000228474,OST4,0.042857298,0.526426826
ENSG00000099904,ZDHHC8,0.042918561,0.526426826
ENSG00000221883,ARIH2OS,0.042925764,0.526426826
ENSG00000108671,PSMD11,0.042952685,0.526426826
ENSG00000204103,MAFB,0.043043653,0.527031152
ENSG00000007541,PIGQ,0.043066176,0.527031152
ENSG00000082515,MRPL22,0.043152636,0.527696007
ENSG00000084093,REST,0.043207702,0.527789338
ENSG00000083097,DOPEY1,0.043245864,0.527789338
ENSG00000117697,NSL1,0.043257144,0.527789338
ENSG00000116954,RRAGC,0.043310516,0.527789338
ENSG00000176399,DMRTA1,0.043326891,0.527789338
ENSG00000259378,DCAF13P3,0.043353091,0.527789338
ENSG00000088356,PDRG1,0.043504902,0.529245192
ENSG00000175193,PARL,0.043592419,0.529917317
ENSG00000175467,SART1,0.043702753,0.530553323
ENSG00000174695,TMEM167A,0.043709349,0.530553323
ENSG00000158290,CUL4B,0.04376865,0.530880756
ENSG00000237190,CDKN2AIPNL,0.043861829,0.531618318
ENSG00000105270,CLIP3,0.043994991,0.53283904
ENSG00000198933,TBKBP1,0.044042645,0.533023108
ENSG00000152219,ARL14EP,0.044113483,0.533487287
ENSG00000173200,PARP15,0.044211518,0.534279436
ENSG00000169126,ARMC4,0.04425619,0.534426037
ENSG00000234882,EIF3EP1,0.044535733,0.537349161
ENSG00000184110,EIF3C,0.044563695,0.537349161
ENSG00000138399,FASTKD1,0.044694745,0.538533973
ENSG00000165181,C9orf84,0.04475828,0.538904132
ENSG00000135547,HEY2,0.044825407,0.539316962
ENSG00000102882,MAPK3,0.04492304,0.540095969
ENSG00000123737,EXOSC9,0.044972357,0.540293354
ENSG00000267302,.,0.045020137,0.540472012
ENSG00000183864,TOB2,0.045137141,0.541480834
ENSG00000140600,SH3GL3,0.045263778,0.542603663
ENSG00000129083,COPB1,0.045507149,0.544350369
ENSG00000106462,EZH2,0.045562992,0.544350369
ENSG00000117305,HMGCL,0.045569736,0.544350369
ENSG00000084693,AGBL5,0.045601125,0.544350369
ENSG00000115307,AUP1,0.045686603,0.544350369
ENSG00000111011,RSRC2,0.045702586,0.544350369
ENSG00000135643,KCNMB4,0.045735386,0.544350369
ENSG00000256682,.,0.045759668,0.544350369
ENSG00000131094,C1QL1,0.045769187,0.544350369
ENSG00000018510,AGPS,0.045772152,0.544350369
ENSG00000258636,.,0.045774089,0.544350369
ENSG00000133059,DSTYK,0.045828683,0.544443244
ENSG00000174206,C12orf66,0.045879639,0.544443244
ENSG00000113971,NPHP3,0.045890242,0.544443244
ENSG00000132467,UTP3,0.045914504,0.544443244
ENSG00000011114,BTBD7,0.046163011,0.546815822
ENSG00000197157,SND1,0.046187874,0.546815822
ENSG00000204764,RANBP17,0.046214477,0.546815822
ENSG00000127863,TNFRSF19,0.046519497,0.549794735
ENSG00000178719,GRINA,0.046556258,0.549794735
ENSG00000236859,.,0.046566673,0.549794735
ENSG00000163743,RCHY1,0.046662955,0.550498502
ENSG00000125633,CCDC93,0.046693321,0.550498502
ENSG00000151327,FAM177A1,0.046737599,0.550625241
ENSG00000214706,IFRD2,0.046791677,0.550867172
ENSG00000169740,ZNF32,0.04685993,0.550991489
ENSG00000166147,FBN1,0.046896445,0.550991489
ENSG00000105127,AKAP8,0.046902886,0.550991489
ENSG00000116852,KIF21B,0.047090784,0.552803397
ENSG00000198513,ATL1,0.047217115,0.553435512
ENSG00000171094,ALK,0.047296881,0.553435512
ENSG00000153774,CFDP1,0.047302275,0.553435512
ENSG00000131507,NDFIP1,0.047306929,0.553435512
ENSG00000145860,RNF145,0.047332599,0.553435512
ENSG00000197859,ADAMTSL2,0.047380985,0.553435512
ENSG00000072803,FBXW11,0.047412264,0.553435512
ENSG00000148704,VAX1,0.047415038,0.553435512
ENSG00000115216,NRBP1,0.04750651,0.553435512
ENSG00000161149,TUBA3FP,0.047547565,0.553435512
ENSG00000143106,PSMA5,0.047569305,0.553435512
ENSG00000102595,UGGT2,0.047575269,0.553435512
ENSG00000259165,DDX18P1,0.04758743,0.553435512
ENSG00000079432,CIC,0.047631308,0.553435512
ENSG00000172638,EFEMP2,0.047650114,0.553435512
ENSG00000165502,RPL36AL,0.047811795,0.553678722
ENSG00000185219,ZNF445,0.047824342,0.553678722
ENSG00000113593,PPWD1,0.04782621,0.553678722
ENSG00000185928,PAGR1,0.047861631,0.553678722
ENSG00000224358,.,0.047876886,0.553678722
ENSG00000100413,POLR3H,0.047894097,0.553678722
ENSG00000081386,ZNF510,0.047957647,0.553678722
ENSG00000183814,LIN9,0.04798062,0.553678722
ENSG00000166347,CYB5A,0.048053433,0.553678722
ENSG00000183291,.,0.048055355,0.553678722
ENSG00000267651,.,0.048056793,0.553678722
ENSG00000122691,TWIST1,0.048075617,0.553678722
ENSG00000100526,CDKN3,0.04814198,0.554054476
ENSG00000244038,DDOST,0.048259219,0.554681913
ENSG00000173064,HECTD4,0.048264048,0.554681913
ENSG00000158716,DUSP23,0.048355917,0.555030745
ENSG00000231595,.,0.048373657,0.555030745
ENSG00000185985,SLITRK2,0.048395788,0.555030745
ENSG00000110148,CCKBR,0.048579769,0.55675195
ENSG00000234851,.,0.048882846,0.559834716
ENSG00000111877,MCM9,0.04893852,0.559940947
ENSG00000204241,.,0.048960312,0.559940947
ENSG00000198612,COPS8,0.048999955,0.56000436
ENSG00000110917,MLEC,0.049122911,0.560935282
ENSG00000107736,CDH23,0.049166516,0.560935282
ENSG00000165194,PCDH19,0.049183877,0.560935282
ENSG00000261351,.,0.049264311,0.561462718
ENSG00000123636,BAZ2B,0.049387079,0.562471568
ENSG00000078140,UBE2K,0.049505566,0.562779962
ENSG00000132522,GPS2,0.049515137,0.562779962
ENSG00000168769,TET2,0.049516961,0.562779962
ENSG00000171823,FBXL14,0.049664723,0.564068983
ENSG00000165996,PTPLA,0.049723632,0.56434776
ENSG00000164284,GRPEL2,0.049785105,0.564442989
ENSG00000036672,USP2,0.049815151,0.564442989
ENSG00000077157,PPP1R12B,0.049843484,0.564442989
ENSG00000166619,BLCAP,0.049869499,0.564442989
ENSG00000126709,IFI6,0.050001643,0.565548891
ENSG00000141503,MINK1,0.050047406,0.565676911
ENSG00000057757,PITHD1,0.050118682,0.566092924
ENSG00000064999,ANKS1A,0.050161005,0.566181568
ENSG00000156218,ADAMTSL3,0.050209971,0.566345022
ENSG00000215012,C22orf29,0.050382969,0.567906312
ENSG00000174099,MSRB3,0.050452126,0.568090017
ENSG00000164850,GPER,0.050487388,0.568090017
ENSG00000239235,.,0.05050304,0.568090017
ENSG00000112972,HMGCS1,0.050575699,0.568517932
ENSG00000182154,MRPL41,0.050651678,0.568982568
ENSG00000157764,BRAF,0.050710371,0.569153825
ENSG00000200087,SNORA73B,0.050736236,0.569153825
ENSG00000258289,CHURC1,0.05082983,0.569814536
ENSG00000130165,ELOF1,0.050880757,0.569996362
ENSG00000137033,IL33,0.050924774,0.570100585
ENSG00000204922,C11orf83,0.051058569,0.571004484
ENSG00000164190,NIPBL,0.051075052,0.571004484
ENSG00000198929,NOS1AP,0.051217972,0.572212754
ENSG00000140367,UBE2Q2,0.051454777,0.573843165
ENSG00000106617,PRKAG2,0.051497195,0.573843165
ENSG00000106086,PLEKHA8,0.051502711,0.573843165
ENSG00000099308,MAST3,0.051503673,0.573843165
ENSG00000130560,UBAC1,0.051811869,0.576885641
ENSG00000182366,FAM87A,0.051965974,0.578209474
ENSG00000151694,ADAM17,0.052097838,0.578625749
ENSG00000147488,ST18,0.052099196,0.578625749
ENSG00000063241,ISOC2,0.052143006,0.578625749
ENSG00000186354,C9orf47,0.052144316,0.578625749
ENSG00000204116,CHIC1,0.052217565,0.579047316
ENSG00000163590,PPM1L,0.052280855,0.579357951
ENSG00000246982,.,0.052383134,0.579885495
ENSG00000062650,WAPAL,0.052456962,0.579885495
ENSG00000249614,.,0.052469198,0.579885495
ENSG00000107185,RGP1,0.052469698,0.579885495
ENSG00000153767,GTF2E1,0.052579552,0.580090849
ENSG00000117151,CTBS,0.052628526,0.580090849
ENSG00000137409,MTCH1,0.052635644,0.580090849
ENSG00000151623,NR3C2,0.052648483,0.580090849
ENSG00000104957,CCDC130,0.052664888,0.580090849
ENSG00000138185,ENTPD1,0.052857132,0.581482767
ENSG00000111961,SASH1,0.05286207,0.581482767
ENSG00000242247,ARFGAP3,0.052939308,0.581942603
ENSG00000100528,CNIH,0.053128108,0.583337518
ENSG00000197106,SLC6A17,0.053137242,0.583337518
ENSG00000141314,RHBDL3,0.053211536,0.583762891
ENSG00000114450,GNB4,0.053298819,0.584330106
ENSG00000187961,KLHL17,0.053438009,0.585465258
ENSG00000142444,C19orf52,0.053699614,0.587939171
ENSG00000132507,EIF5A,0.053777249,0.587963691
ENSG00000198551,ZNF627,0.053819114,0.587963691
ENSG00000144655,CSRNP1,0.053824392,0.587963691
ENSG00000087303,NID2,0.053845058,0.587963691
ENSG00000166716,ZNF592,0.053915352,0.588340083
ENSG00000127511,SIN3B,0.054190829,0.590722751
ENSG00000110047,EHD1,0.054238653,0.590722751
ENSG00000187735,TCEA1,0.054241607,0.590722751
ENSG00000175213,ZNF408,0.054512678,0.593281451
ENSG00000143324,XPR1,0.054630576,0.594170825
ENSG00000114770,ABCC5,0.054678903,0.594201679
ENSG00000213463,SYNJ2BP,0.054747169,0.594201679
ENSG00000179941,BBS10,0.054800229,0.594201679
ENSG00000239827,SUGT1P3,0.054811056,0.594201679
ENSG00000214717,ZBED1,0.054814318,0.594201679
ENSG00000162542,TMCO4,0.054925635,0.595015633
ENSG00000173418,NAA20,0.05509311,0.596030538
ENSG00000165097,KDM1B,0.055100429,0.596030538
ENSG00000090674,MCOLN1,0.055128197,0.596030538
ENSG00000164077,MON1A,0.055178099,0.596177583
ENSG00000105229,PIAS4,0.055227135,0.596315086
ENSG00000253230,LINC00599,0.055396751,0.597678524
ENSG00000180611,MB21D2,0.055426194,0.597678524
ENSG00000167778,SPRYD3,0.055579677,0.598698536
ENSG00000183779,ZNF703,0.055593696,0.598698536
ENSG00000128683,GAD1,0.055727853,0.599530124
ENSG00000021826,CPS1,0.055743926,0.599530124
ENSG00000130640,TUBGCP2,0.055819986,0.599666025
ENSG00000181038,METTL23,0.055884055,0.599666025
ENSG00000111834,RSPH4A,0.055893923,0.599666025
ENSG00000072657,TRHDE,0.055931925,0.599666025
ENSG00000108439,PNPO,0.055939131,0.599666025
ENSG00000196290,NIF3L1,0.056035033,0.600056525
ENSG00000171720,HDAC3,0.056048634,0.600056525
ENSG00000196236,XPNPEP3,0.056194348,0.601224606
ENSG00000237248,.,0.056269767,0.601639572
ENSG00000182518,FAM104B,0.056370806,0.602232869
ENSG00000005513,SOX8,0.056398597,0.602232869
ENSG00000167566,NCKAP5L,0.056509823,0.603028478
ENSG00000188971,.,0.056603568,0.603386244
ENSG00000196739,COL27A1,0.05661683,0.603386244
ENSG00000113194,FAF2,0.056692265,0.603432442
ENSG00000198682,PAPSS2,0.056694651,0.603432442
ENSG00000158109,TPRG1L,0.056916022,0.605396258
ENSG00000047648,ARHGAP6,0.057033391,0.606152311
ENSG00000160785,SLC25A44,0.057093223,0.606152311
ENSG00000168071,CCDC88B,0.057097828,0.606152311
ENSG00000170381,SEMA3E,0.057149087,0.60617095
ENSG00000100567,PSMA3,0.057176649,0.60617095
ENSG00000234899,.,0.057241374,0.60617095
ENSG00000113248,PCDHB15,0.057247223,0.60617095
ENSG00000133226,SRRM1,0.057335067,0.606660658
ENSG00000182010,RTKN2,0.057399177,0.606660658
ENSG00000138792,ENPEP,0.057404291,0.606660658
ENSG00000149970,CNKSR2,0.057513874,0.607427878
ENSG00000163710,PCOLCE2,0.057619845,0.607873344
ENSG00000170881,RNF139,0.057660345,0.607873344
ENSG00000114388,NPRL2,0.057667093,0.607873344
ENSG00000167842,MIS12,0.057732008,0.608167263
ENSG00000165792,METTL17,0.057835544,0.608867401
ENSG00000168118,RAB4A,0.057948288,0.609663509
ENSG00000198542,ITGBL1,0.057997374,0.609753334
ENSG00000185298,CCDC137,0.058031082,0.609753334
ENSG00000229618,.,0.058182374,0.610566308
ENSG00000176624,MEX3C,0.058182809,0.610566308
ENSG00000160949,TONSL,0.058333324,0.611740746
ENSG00000172493,AFF1,0.058369223,0.611740746
ENSG00000167447,SMG8,0.058422824,0.611819734
ENSG00000196204,RNF216P1,0.058460613,0.611819734
ENSG00000136870,ZNF189,0.058488521,0.611819734
ENSG00000231865,SIK3-IT1,0.058616982,0.611823498
ENSG00000151079,KCNA6,0.058623895,0.611823498
ENSG00000105971,CAV2,0.058634989,0.611823498
ENSG00000188191,PRKAR1B,0.058638435,0.611823498
ENSG00000104381,GDAP1,0.058675151,0.611823498
ENSG00000267260,.,0.058894247,0.613434446
ENSG00000130193,THEM6,0.058942517,0.613434446
ENSG00000100104,SRRD,0.058979059,0.613434446
ENSG00000022556,NLRP2,0.059011202,0.613434446
ENSG00000141968,VAV1,0.059016405,0.613434446
ENSG00000163536,SERPINI1,0.059077952,0.613685776
ENSG00000161970,RPL26,0.059199076,0.614280218
ENSG00000166833,NAV2,0.059236188,0.614280218
ENSG00000231242,.,0.059247389,0.614280218
ENSG00000141012,GALNS,0.059412194,0.615600288
ENSG00000235631,RNF148,0.059499557,0.615669557
ENSG00000130772,MED18,0.059542132,0.615669557
ENSG00000089123,TASP1,0.059568813,0.615669557
ENSG00000108179,PPIF,0.059568832,0.615669557
ENSG00000166479,TMX3,0.0597016,0.616111651
ENSG00000018280,SLC11A1,0.05978896,0.616111651
ENSG00000125675,GRIA3,0.059807767,0.616111651
ENSG00000260774,.,0.05985682,0.616111651
ENSG00000260711,.,0.059891485,0.616111651
ENSG00000173905,GOLIM4,0.059902945,0.616111651
ENSG00000155974,GRIP1,0.059909715,0.616111651
ENSG00000151892,GFRA1,0.059911728,0.616111651
ENSG00000184281,TSSC4,0.060112963,0.617599559
ENSG00000076067,RBMS2,0.060131626,0.617599559
ENSG00000089351,GRAMD1A,0.060231104,0.618234641
ENSG00000168802,CHTF8,0.060299402,0.618549083
ENSG00000225210,.,0.060435183,0.619554938
ENSG00000132623,ANKRD5,0.060649592,0.620685696
ENSG00000139767,SRRM4,0.060650077,0.620685696
ENSG00000008710,PKD1,0.060658865,0.620685696
ENSG00000224309,ANKRD30BP2,0.06074651,0.620813267
ENSG00000133116,KL,0.060779909,0.620813267
ENSG00000147647,DPYS,0.060784737,0.620813267
ENSG00000253309,SERPINE3,0.061030636,0.622937315
ENSG00000136717,BIN1,0.061133117,0.623595764
ENSG00000155980,KIF5A,0.061258683,0.624411586
ENSG00000160991,ORAI2,0.061348829,0.624411586
ENSG00000054690,PLEKHH1,0.06136298,0.624411586
ENSG00000134825,C11orf10,0.061380986,0.624411586
ENSG00000102786,INTS6,0.061403197,0.624411586
ENSG00000150477,KIAA1328,0.061467731,0.62468103
ENSG00000168890,TMEM150A,0.061584398,0.62547963
ENSG00000155265,GOLGA7B,0.061679737,0.626060763
ENSG00000231822,.,0.061754421,0.626130382
ENSG00000115423,DNAH6,0.061762846,0.626130382
ENSG00000259953,.,0.061825306,0.626376927
ENSG00000126773,PCNXL4,0.061897872,0.626386627
ENSG00000198692,EIF1AY,0.061902545,0.626386627
ENSG00000179104,TMTC2,0.061955892,0.626432988
ENSG00000114902,SPCS1,0.061983414,0.626432988
ENSG00000112357,PEX7,0.062040358,0.626622883
ENSG00000251294,.,0.06212759,0.626730949
ENSG00000028528,SNX1,0.062168976,0.626730949
ENSG00000105373,GLTSCR2,0.062201119,0.626730949
ENSG00000163110,PDLIM5,0.062203705,0.626730949
ENSG00000198133,TMEM229B,0.062305773,0.627267383
ENSG00000152969,JAKMIP1,0.062333336,0.627267383
ENSG00000143622,RIT1,0.062409417,0.62746065
ENSG00000263724,DLGAP1-AS3,0.062428953,0.62746065
ENSG00000152495,CAMK4,0.062526648,0.628058193
ENSG00000221866,PLXNA4,0.062566164,0.628070975
ENSG00000043514,TRIT1,0.062672543,0.62868681
ENSG00000177732,SOX12,0.062704073,0.62868681
ENSG00000164951,PDP1,0.062852412,0.629263985
ENSG00000050130,JKAMP,0.062866773,0.629263985
ENSG00000150337,FCGR1A,0.062876588,0.629263985
ENSG00000197312,DDI2,0.062956525,0.629680273
ENSG00000155903,RASA2,0.063122602,0.629989909
ENSG00000139651,ZNF740,0.063130188,0.629989909
ENSG00000105852,PON3,0.06313879,0.629989909
ENSG00000166169,POLL,0.063167448,0.629989909
ENSG00000100784,RPS6KA5,0.063179284,0.629989909
ENSG00000103423,DNAJA3,0.063222423,0.630018267
ENSG00000139318,DUSP6,0.063258852,0.630018267
ENSG00000259583,.,0.063381761,0.630859796
ENSG00000138617,PARP16,0.063455896,0.631188221
ENSG00000163046,ANKRD30BL,0.063491624,0.631188221
ENSG00000111364,DDX55,0.063545171,0.631338384
ENSG00000196470,SIAH1,0.063774818,0.632908897
ENSG00000197083,ZNF300P1,0.063780322,0.632908897
ENSG00000167283,ATP5L,0.063889497,0.633609427
ENSG00000085788,DDHD2,0.064020042,0.634520908
ENSG00000134533,RERG,0.064131304,0.635173648
ENSG00000114942,EEF1B2,0.0642129,0.635173648
ENSG00000165105,RASEF,0.064218935,0.635173648
ENSG00000133063,CHIT1,0.06426976,0.635173648
ENSG00000174173,TRMT10C,0.064279279,0.635173648
ENSG00000181061,HIGD1A,0.064399543,0.635810561
ENSG00000205534,.,0.064421164,0.635810561
ENSG00000144119,C1QL2,0.064630191,0.63727788
ENSG00000185619,PCGF3,0.064688666,0.63727788
ENSG00000260065,.,0.06474973,0.63727788
ENSG00000134248,LAMTOR5,0.064766212,0.63727788
ENSG00000126945,HNRNPH2,0.064835552,0.63727788
ENSG00000188010,MORN2,0.064838569,0.63727788
ENSG00000156500,FAM122C,0.064843357,0.63727788
ENSG00000183617,MRPL54,0.064885313,0.63727788
ENSG00000133805,AMPD3,0.06491907,0.63727788
ENSG00000103154,NECAB2,0.065079411,0.638470233
ENSG00000177096,FAM109B,0.065149724,0.63866835
ENSG00000126581,BECN1,0.065177383,0.63866835
ENSG00000247092,SNHG10,0.065440883,0.640867991
ENSG00000247137,.,0.065488241,0.640949577
ENSG00000233098,.,0.065590372,0.641566816
ENSG00000151838,CCDC175,0.065761312,0.642560714
ENSG00000148200,NR6A1,0.065770234,0.642560714
ENSG00000132429,POPDC3,0.065850387,0.642777103
ENSG00000204713,TRIM27,0.065887975,0.642777103
ENSG00000173992,CCS,0.0659098,0.642777103
ENSG00000018189,RUFY3,0.065969402,0.642976549
ENSG00000152127,MGAT5,0.066042189,0.64330419
ENSG00000100030,MAPK1,0.066167445,0.643343065
ENSG00000237654,.,0.066203346,0.643343065
ENSG00000264315,HNRNPA1P11,0.066238798,0.643343065
ENSG00000234177,.,0.066240001,0.643343065
ENSG00000157890,MEGF11,0.06626309,0.643343065
ENSG00000005059,CCDC109B,0.066281219,0.643343065
ENSG00000198948,MFAP3L,0.066323722,0.643375357
ENSG00000143443,C1orf56,0.066439597,0.643717548
ENSG00000126777,KTN1,0.066447058,0.643717548
ENSG00000122557,HERPUD2,0.066476585,0.643717548
ENSG00000134202,GSTM3,0.066581471,0.644353265
ENSG00000079313,REXO1,0.066751277,0.645565169
ENSG00000099817,POLR2E,0.066799433,0.645565169
ENSG00000176142,TMEM39A,0.066824623,0.645565169
ENSG00000261135,.,0.066886418,0.645586467
ENSG00000268573,.,0.06692518,0.645586467
ENSG00000125827,TMX4,0.066954213,0.645586467
ENSG00000130489,SCO2,0.066984067,0.645586467
ENSG00000261428,.,0.067026992,0.645621288
ENSG00000135720,DYNC1LI2,0.067233153,0.646677603
ENSG00000009335,UBE3C,0.067265518,0.646677603
ENSG00000171357,LURAP1,0.067280149,0.646677603
ENSG00000105514,RAB3D,0.067294162,0.646677603
ENSG00000126821,SGPP1,0.067467301,0.647669896
ENSG00000154856,APCDD1,0.067476295,0.647669896
ENSG00000196335,STK31,0.067629165,0.648758052
ENSG00000113048,MRPS27,0.067721926,0.649048529
ENSG00000116030,SUMO1,0.067738487,0.649048529
ENSG00000152642,GPD1L,0.067809775,0.649145148
ENSG00000250125,.,0.067827624,0.649145148
ENSG00000126522,ASL,0.068013653,0.650546428
ENSG00000154358,OBSCN,0.068263382,0.65239441
ENSG00000176102,CSTF3,0.068286305,0.65239441
ENSG00000180834,MAP6D1,0.068352944,0.652643416
ENSG00000108773,KAT2A,0.06845393,0.652643416
ENSG00000011376,LARS2,0.068500409,0.652643416
ENSG00000261884,.,0.068548524,0.652643416
ENSG00000099942,CRKL,0.068586876,0.652643416
ENSG00000123146,CD97,0.068630583,0.652643416
ENSG00000139218,SCAF11,0.068634516,0.652643416
ENSG00000108963,DPH1,0.068643735,0.652643416
ENSG00000136881,BAAT,0.068670025,0.652643416
ENSG00000204962,PCDHA8,0.068732208,0.652856596
ENSG00000204869,IGFL4,0.068834854,0.652991472
ENSG00000013375,PGM3,0.06885695,0.652991472
ENSG00000177098,SCN4B,0.068903097,0.652991472
ENSG00000244040,.,0.068908357,0.652991472
ENSG00000156050,FAM161B,0.069027287,0.652991472
ENSG00000234465,PINLYP,0.069030629,0.652991472
ENSG00000071242,RPS6KA2,0.069066126,0.652991472
ENSG00000011105,TSPAN9,0.069085592,0.652991472
ENSG00000183475,ASB7,0.069104255,0.652991472
ENSG00000105647,PIK3R2,0.069202133,0.653540325
ENSG00000236850,.,0.06942296,0.654884755
ENSG00000145246,ATP10D,0.069424244,0.654884755
ENSG00000220785,MTMR9LP,0.069478303,0.655018465
ENSG00000143951,WDPCP,0.069600434,0.655793414
ENSG00000182134,TDRKH,0.069672214,0.656093336
ENSG00000163486,SRGAP2,0.069819506,0.656921935
ENSG00000180730,SHISA2,0.069852881,0.656921935
ENSG00000086598,TMED2,0.069880206,0.656921935
ENSG00000247077,PGAM5,0.069945202,0.656927783
ENSG00000166845,C18orf54,0.06998113,0.656927783
ENSG00000076351,SLC46A1,0.070014652,0.656927783
ENSG00000253151,.,0.07006705,0.656927783
ENSG00000253873,PCDHGA11,0.07008083,0.656927783
ENSG00000126524,SBDS,0.070188358,0.657541824
ENSG00000139428,MMAB,0.070226412,0.657541824
ENSG00000120509,PDZD11,0.070335076,0.658184017
ENSG00000124635,HIST1H2BJ,0.070405731,0.658309195
ENSG00000263826,.,0.070433077,0.658309195
ENSG00000144815,NXPE3,0.070468706,0.658309195
ENSG00000173276,ZNF295,0.070536286,0.6585659
ENSG00000196549,MME,0.070669399,0.658654405
ENSG00000244479,.,0.070675704,0.658654405
ENSG00000167106,FAM102A,0.070695162,0.658654405
ENSG00000124733,MEA1,0.070706187,0.658654405
ENSG00000181982,CCDC149,0.0708331,0.659394863
ENSG00000107147,KCNT1,0.070865977,0.659394863
ENSG00000143537,ADAM15,0.070929467,0.659611911
ENSG00000187713,TMEM203,0.071062874,0.660478543
ENSG00000109689,STIM2,0.071267914,0.662009592
ENSG00000214262,ANKRD36BP1,0.071356254,0.662183389
ENSG00000167716,WDR81,0.071367265,0.662183389
ENSG00000154832,CXXC1,0.071470233,0.662764334
ENSG00000214076,CPSF1P1,0.071537475,0.663013516
ENSG00000174231,PRPF8,0.071647634,0.663659953
ENSG00000170949,ZNF160,0.071849083,0.664019525
ENSG00000240024,.,0.071913013,0.664019525
ENSG00000261534,.,0.07192199,0.664019525
ENSG00000189308,LIN54,0.071927302,0.664019525
ENSG00000145632,PLK2,0.071955788,0.664019525
ENSG00000124767,GLO1,0.07196793,0.664019525
ENSG00000130703,OSBPL2,0.071969479,0.664019525
ENSG00000224243,LINC00403,0.072024916,0.664157882
ENSG00000173040,EVC2,0.072085056,0.66433944
ENSG00000170889,RPS9,0.072223878,0.665245513
ENSG00000260966,.,0.072315166,0.665712989
ENSG00000103275,UBE2I,0.072366292,0.66581043
ENSG00000133193,FAM104A,0.072555007,0.666863199
ENSG00000077264,PAK3,0.072601463,0.666863199
ENSG00000160606,TLCD1,0.072665423,0.666863199
ENSG00000155090,KLF10,0.072673127,0.666863199
ENSG00000005022,SLC25A5,0.072706212,0.666863199
ENSG00000131899,LLGL1,0.072833486,0.666863199
ENSG00000163235,TGFA,0.07283824,0.666863199
ENSG00000119725,ZNF410,0.072839413,0.666863199
ENSG00000114378,HYAL1,0.072877137,0.666863199
ENSG00000232559,.,0.072886771,0.666863199
ENSG00000170315,UBB,0.073000225,0.667045181
ENSG00000163848,ZNF148,0.073024788,0.667045181
ENSG00000168610,STAT3,0.073028511,0.667045181
ENSG00000164597,COG5,0.073108723,0.667406647
ENSG00000140471,LINS,0.073194185,0.66781561
ENSG00000235652,.,0.073345429,0.668323408
ENSG00000180354,C7orf41,0.07335523,0.668323408
ENSG00000123329,ARHGAP9,0.073440185,0.668323408
ENSG00000160714,UBE2Q1,0.073447333,0.668323408
ENSG00000123607,TTC21B,0.073453313,0.668323408
ENSG00000146243,IRAK1BP1,0.073550434,0.668836529
ENSG00000148468,FAM171A1,0.073652133,0.669118475
ENSG00000143373,ZNF687,0.073662924,0.669118475
ENSG00000156384,SFR1,0.073749378,0.669233611
ENSG00000064545,TMEM161A,0.073757099,0.669233611
ENSG00000261062,.,0.073909642,0.670247406
ENSG00000138663,COPS4,0.074074031,0.670972527
ENSG00000136213,CHST12,0.074112117,0.670972527
ENSG00000255953,C11orf39,0.074185799,0.670972527
ENSG00000092199,HNRNPC,0.074188692,0.670972527
ENSG00000142549,IGLON5,0.074193881,0.670972527
ENSG00000081985,IL12RB2,0.074282346,0.671091344
ENSG00000166225,FRS2,0.074288745,0.671091344
ENSG00000104671,DCTN6,0.074343306,0.671215014
ENSG00000178537,SLC25A20,0.074418541,0.671525109
ENSG00000102409,BEX4,0.074704777,0.673737811
ENSG00000162639,HENMT1,0.074789429,0.674131065
ENSG00000198246,SLC29A3,0.074838955,0.674207433
ENSG00000007062,PROM1,0.075239561,0.677272102
ENSG00000168301,KCTD6,0.075289912,0.677272102
ENSG00000234494,.,0.075304831,0.677272102
ENSG00000260855,.,0.075371007,0.677272102
ENSG00000130119,GNL3L,0.075391526,0.677272102
ENSG00000135074,ADAM19,0.075426577,0.677272102
ENSG00000137460,FHDC1,0.075644235,0.677625065
ENSG00000261338,.,0.075725463,0.677625065
ENSG00000114978,MOB1A,0.075752101,0.677625065
ENSG00000089041,P2RX7,0.075760088,0.677625065
ENSG00000135828,RNASEL,0.075772262,0.677625065
ENSG00000164379,FOXQ1,0.075794844,0.677625065
ENSG00000070601,FRMPD1,0.0758135,0.677625065
ENSG00000100911,PSME2,0.075931384,0.677625065
ENSG00000126368,NR1D1,0.075935858,0.677625065
ENSG00000172954,LCLAT1,0.076028165,0.677625065
ENSG00000147123,NDUFB11,0.076117599,0.677625065
ENSG00000133134,BEX2,0.076137251,0.677625065
ENSG00000116128,BCL9,0.076137923,0.677625065
ENSG00000104517,UBR5,0.076161568,0.677625065
ENSG00000198218,QRICH1,0.076193968,0.677625065
ENSG00000176393,RNPEP,0.07621774,0.677625065
ENSG00000177830,CHID1,0.076241721,0.677625065
ENSG00000145365,TIFA,0.076243407,0.677625065
ENSG00000173540,GMPPB,0.07624984,0.677625065
ENSG00000063177,RPL18,0.076342532,0.678081888
ENSG00000089820,ARHGAP4,0.076418833,0.678392703
ENSG00000188021,UBQLN2,0.076490523,0.678393271
ENSG00000234127,TRIM26,0.076501512,0.678393271
ENSG00000163584,RPL22L1,0.076618431,0.678812851
ENSG00000162814,SPATA17,0.076631494,0.678812851
ENSG00000260317,.,0.076740629,0.679413126
ENSG00000071994,PDCD2,0.076825913,0.679801709
ENSG00000103044,HAS3,0.076913601,0.679827875
ENSG00000125755,SYMPK,0.076968879,0.679827875
ENSG00000253837,.,0.076977277,0.679827875
ENSG00000137509,PRCP,0.077003082,0.679827875
ENSG00000119411,BSPRY,0.077035845,0.679827875
ENSG00000177042,TMEM80,0.07717467,0.68068722
ENSG00000170385,SLC30A1,0.077384224,0.682169141
ENSG00000173451,THAP2,0.077435236,0.682176833
ENSG00000265194,.,0.077468172,0.682176833
ENSG00000239475,HYDIN2,0.077577876,0.682449841
ENSG00000108518,PFN1,0.077582284,0.682449841
ENSG00000163930,BAP1,0.077745805,0.683057436
ENSG00000090863,GLG1,0.077745893,0.683057436
ENSG00000253661,ZFHX4-AS1,0.077776131,0.683057436
ENSG00000122432,SPATA1,0.077860234,0.68313317
ENSG00000116459,ATP5F1,0.077898518,0.68313317
ENSG00000153015,CWC27,0.077942737,0.68313317
ENSG00000132003,ZSWIM4,0.078013984,0.68313317
ENSG00000147601,TERF1,0.078019127,0.68313317
ENSG00000131370,SH3BP5,0.078102087,0.68313317
ENSG00000173221,GLRX,0.078120346,0.68313317
ENSG00000088682,COQ9,0.078135215,0.68313317
ENSG00000070950,RAD18,0.078184008,0.68313317
ENSG00000197177,GPR123,0.078218093,0.68313317
ENSG00000196569,LAMA2,0.078242312,0.68313317
ENSG00000112877,CEP72,0.078353175,0.683737617
ENSG00000037897,METTL1,0.078497227,0.684515249
ENSG00000162849,KIF26B,0.078527213,0.684515249
ENSG00000144182,LIPT1,0.078594964,0.684515249
ENSG00000174010,KLHL15,0.078646465,0.684515249
ENSG00000234969,.,0.07865069,0.684515249
ENSG00000118849,RARRES1,0.078838596,0.685558364
ENSG00000262820,.,0.078854031,0.685558364
ENSG00000110799,VWF,0.078982911,0.686315531
ENSG00000066855,MTFR1,0.079188187,0.687735375
ENSG00000104044,OCA2,0.079414086,0.689014559
ENSG00000239002,SCARNA10,0.079419385,0.689014559
ENSG00000133316,WDR74,0.079574493,0.689650258
ENSG00000219438,FAM19A5,0.0796044,0.689650258
ENSG00000213976,.,0.079618638,0.689650258
ENSG00000177156,TALDO1,0.079689308,0.689898526
ENSG00000182909,LENG9,0.079875966,0.68991446
ENSG00000164611,PTTG1,0.079931324,0.68991446
ENSG00000178921,PFAS,0.079967468,0.68991446
ENSG00000100823,APEX1,0.079989232,0.68991446
ENSG00000080503,SMARCA2,0.080011986,0.68991446
ENSG00000036448,MYOM2,0.080033371,0.68991446
ENSG00000104369,JPH1,0.080051546,0.68991446
ENSG00000110911,SLC11A2,0.080074938,0.68991446
ENSG00000161082,CELF5,0.080099732,0.68991446
ENSG00000255284,.,0.080177714,0.68991446
ENSG00000125351,UPF3B,0.080179195,0.68991446
ENSG00000167971,CASKIN1,0.080195257,0.68991446
ENSG00000168209,DDIT4,0.080390138,0.690719117
ENSG00000122873,CISD1,0.080443904,0.690719117
ENSG00000108018,SORCS1,0.080482423,0.690719117
ENSG00000161714,PLCD3,0.080517158,0.690719117
ENSG00000103852,TTC23,0.080542445,0.690719117
ENSG00000143198,MGST3,0.080565181,0.690719117
ENSG00000136937,NCBP1,0.080592162,0.690719117
ENSG00000114853,ZBTB47,0.080625254,0.690719117
ENSG00000269858,EGLN2,0.08069776,0.690876737
ENSG00000128254,C22orf24,0.080738005,0.690876737
ENSG00000073803,MAP3K13,0.080787553,0.690876737
ENSG00000236114,.,0.080841816,0.690876737
ENSG00000102572,STK24,0.080858322,0.690876737
ENSG00000214688,C10orf105,0.080899283,0.690876737
ENSG00000105438,KDELR1,0.080938126,0.690876737
ENSG00000099326,MZF1,0.081022502,0.691058155
ENSG00000035115,SH3YL1,0.081043537,0.691058155
ENSG00000186111,PIP5K1C,0.081153633,0.69163784
ENSG00000100316,RPL3,0.081311089,0.691715317
ENSG00000084090,STARD7,0.08133308,0.691715317
ENSG00000130303,BST2,0.081344744,0.691715317
ENSG00000169403,PTAFR,0.081346997,0.691715317
ENSG00000166887,VPS39,0.08138238,0.691715317
ENSG00000257097,.,0.081441714,0.691715317
ENSG00000156795,WDYHV1,0.081499351,0.691715317
ENSG00000228672,PROB1,0.081530367,0.691715317
ENSG00000175197,DDIT3,0.081541792,0.691715317
ENSG00000180357,ZNF609,0.081619873,0.692020223
ENSG00000139687,RB1,0.081726171,0.692104241
ENSG00000163785,RYK,0.08174656,0.692104241
ENSG00000171840,NINJ2,0.081788489,0.692104241
ENSG00000137968,SLC44A5,0.081818847,0.692104241
ENSG00000168061,SAC3D1,0.081840494,0.692104241
ENSG00000078687,TNRC6C,0.081930566,0.692385031
ENSG00000184182,UBE2F,0.081972599,0.692385031
ENSG00000125970,RALY,0.082000176,0.692385031
ENSG00000132361,KIAA0664,0.082223224,0.693738181
ENSG00000004866,ST7,0.082279967,0.693738181
ENSG00000082556,OPRK1,0.08237581,0.693738181
ENSG00000146535,GNA12,0.082390742,0.693738181
ENSG00000099810,MTAP,0.082409698,0.693738181
ENSG00000136710,CCDC115,0.082430204,0.693738181
ENSG00000186073,C15orf41,0.082456124,0.693738181
ENSG00000215237,.,0.082509417,0.69380499
ENSG00000188807,TMEM201,0.082552897,0.69380499
ENSG00000196498,NCOR2,0.082590803,0.69380499
ENSG00000121350,PYROXD1,0.082678497,0.694186583
ENSG00000125730,C3,0.082864828,0.694548058
ENSG00000161179,YDJC,0.082866308,0.694548058
ENSG00000102384,CENPI,0.082875607,0.694548058
ENSG00000260025,.,0.082912575,0.694548058
ENSG00000150756,FAM173B,0.082933005,0.694548058
ENSG00000239779,WBP1,0.083091797,0.69508658
ENSG00000141150,RASL10B,0.083120788,0.69508658
ENSG00000129245,FXR2,0.083128878,0.69508658
ENSG00000204934,ATP6V0E2-AS1,0.083166603,0.69508658
ENSG00000233820,.,0.083331672,0.696111926
ENSG00000114315,HES1,0.08340828,0.696192893
ENSG00000134369,NAV1,0.083426147,0.696192893
ENSG00000136152,COG3,0.083634055,0.697001902
ENSG00000108395,TRIM37,0.083645257,0.697001902
ENSG00000184916,JAG2,0.083650414,0.697001902
ENSG00000165757,KIAA1462,0.083766409,0.69761447
ENSG00000079335,CDC14A,0.083910349,0.698453218
ENSG00000230910,.,0.084008684,0.698453218
ENSG00000170191,NANP,0.084035611,0.698453218
ENSG00000108679,LGALS3BP,0.084075325,0.698453218
ENSG00000143570,SLC39A1,0.084079767,0.698453218
ENSG00000138750,NUP54,0.084162126,0.698621498
ENSG00000166199,ALKBH3,0.084194708,0.698621498
ENSG00000214425,LRRC37A4P,0.084227642,0.698621498
ENSG00000253797,UTP14C,0.084331576,0.699012473
ENSG00000173933,RBM4,0.084378942,0.699012473
ENSG00000071054,MAP4K4,0.084403944,0.699012473
ENSG00000108510,MED13,0.084445031,0.699012473
ENSG00000266904,LINC00663,0.084587516,0.699839184
ENSG00000149932,TMEM219,0.084701375,0.700428342
ENSG00000117226,GBP3,0.084893648,0.701665009
ENSG00000198315,ZNF192,0.084981497,0.701766163
ENSG00000139793,MBNL2,0.084991347,0.701766163
ENSG00000186625,KATNA1,0.085084985,0.702186287
ENSG00000166851,PLK1,0.085183117,0.702418695
ENSG00000205683,DPF3,0.085216267,0.702418695
ENSG00000012983,MAP4K5,0.085241458,0.702418695
ENSG00000151702,FLI1,0.085335302,0.702839351
ENSG00000198908,BHLHB9,0.085416159,0.703152671
ENSG00000198689,SLC9A6,0.085468026,0.703225011
ENSG00000170633,RNF34,0.085510586,0.703225011
ENSG00000121931,LRIF1,0.085697936,0.703822114
ENSG00000203727,SAMD5,0.085834793,0.703822114
ENSG00000178927,C17orf62,0.085863021,0.703822114
ENSG00000065534,MYLK,0.085957161,0.703822114
ENSG00000266456,.,0.085994783,0.703822114
ENSG00000196646,ZNF136,0.086006513,0.703822114
ENSG00000255910,.,0.08602396,0.703822114
ENSG00000139287,TPH2,0.086033754,0.703822114
ENSG00000186399,GOLGA8R,0.086091522,0.703822114
ENSG00000213204,C6orf165,0.086103107,0.703822114
ENSG00000169744,LDB2,0.086105226,0.703822114
ENSG00000187994,RINL,0.086198133,0.703822114
ENSG00000079134,THOC1,0.086217385,0.703822114
ENSG00000154001,PPP2R5E,0.086239019,0.703822114
ENSG00000016864,GLT8D1,0.086259213,0.703822114
ENSG00000115761,NOL10,0.086291121,0.703822114
ENSG00000116991,SIPA1L2,0.086345028,0.703822114
ENSG00000119139,TJP2,0.086469397,0.703822114
ENSG00000101464,PIGU,0.086485079,0.703822114
ENSG00000101000,PROCR,0.086506811,0.703822114
ENSG00000171962,LRRC48,0.086519838,0.703822114
ENSG00000213839,.,0.086534368,0.703822114
ENSG00000101452,DHX35,0.086568877,0.703822114
ENSG00000250241,.,0.086707258,0.704598364
ENSG00000163794,UCN,0.086823934,0.704935641
ENSG00000169871,TRIM56,0.08683461,0.704935641
ENSG00000243753,HLA-L,0.086959642,0.705601881
ENSG00000013374,NUB1,0.087141158,0.706725551
ENSG00000125962,ARMCX5,0.087271135,0.707144819
ENSG00000261496,.,0.087278971,0.707144819
ENSG00000125485,DDX31,0.08737877,0.707145398
ENSG00000063245,EPN1,0.087402478,0.707145398
ENSG00000132837,DMGDH,0.087408218,0.707145398
ENSG00000215440,NPEPL1,0.087460165,0.707217274
ENSG00000111110,PPM1H,0.0876508,0.708409984
ENSG00000171914,TLN2,0.087969741,0.710604379
ENSG00000162174,ASRGL1,0.088008848,0.710604379
ENSG00000120594,PLXDC2,0.088121024,0.710760682
ENSG00000235106,LINC00094,0.088130543,0.710760682
ENSG00000155897,ADCY8,0.088167623,0.710760682
ENSG00000260947,.,0.088201319,0.710760682
ENSG00000111670,GNPTAB,0.088345692,0.711574936
ENSG00000144909,OSBPL11,0.088454292,0.712100411
ENSG00000122254,HS3ST2,0.088565234,0.712644215
ENSG00000121653,MAPK8IP1,0.08869971,0.713231167
ENSG00000175344,CHRNA7,0.088725036,0.713231167
ENSG00000198198,SZT2,0.088892221,0.714092505
ENSG00000164199,GPR98,0.088919148,0.714092505
ENSG00000060069,CTDP1,0.088968905,0.714142873
ENSG00000250305,KIAA1456,0.089025421,0.71424743
ENSG00000189190,ZNF600,0.089069332,0.714250804
ENSG00000065802,ASB1,0.089115682,0.714273715
ENSG00000108384,RAD51C,0.089217539,0.714741286
ENSG00000099341,PSMD8,0.089336496,0.715345332
ENSG00000119401,TRIM32,0.089501744,0.716319269
ENSG00000164941,INTS8,0.089569868,0.716515319
ENSG00000169689,STRA13,0.089623031,0.716591548
ENSG00000167693,NXN,0.089764506,0.717373473
ENSG00000264608,.,0.089911657,0.717864319
ENSG00000160957,RECQL4,0.089913347,0.717864319
ENSG00000110237,ARHGEF17,0.090008589,0.717903236
ENSG00000225485,ARHGAP23,0.090042262,0.717903236
ENSG00000062822,POLD1,0.090049362,0.717903236
ENSG00000169507,SLC38A11,0.090149645,0.718033437
ENSG00000177646,ACAD9,0.090323956,0.718033437
ENSG00000118260,CREB1,0.09034398,0.718033437
ENSG00000182224,CYB5D1,0.090442912,0.718033437
ENSG00000175602,CCDC85B,0.090452201,0.718033437
ENSG00000156049,GNA14,0.090463435,0.718033437
ENSG00000023572,GLRX2,0.09047521,0.718033437
ENSG00000183562,.,0.090483799,0.718033437
ENSG00000115806,GORASP2,0.090523396,0.718033437
ENSG00000153446,C16orf89,0.090530669,0.718033437
ENSG00000196793,ZNF239,0.090546627,0.718033437
ENSG00000128283,CDC42EP1,0.090611095,0.718167991
ENSG00000171853,TRAPPC12,0.090651053,0.718167991
ENSG00000091947,TMEM101,0.090713085,0.71831292
ENSG00000107611,CUBN,0.090891695,0.718817605
ENSG00000189134,NKAPL,0.090934932,0.718817605
ENSG00000131759,RARA,0.091014661,0.718817605
ENSG00000197948,FCHSD1,0.091017833,0.718817605
ENSG00000152082,MZT2B,0.091032098,0.718817605
ENSG00000074266,EED,0.09108168,0.718817605
ENSG00000127241,MASP1,0.091083203,0.718817605
ENSG00000154721,JAM2,0.09116026,0.718832046
ENSG00000128656,CHN1,0.091172572,0.718832046
ENSG00000230190,.,0.091365603,0.719058907
ENSG00000197275,RAD54B,0.091382098,0.719058907
ENSG00000099992,TBC1D10A,0.091429615,0.719058907
ENSG00000211460,TSN,0.091434536,0.719058907
ENSG00000198963,RORB,0.091440153,0.719058907
ENSG00000011332,DPF1,0.091610058,0.719058907
ENSG00000165572,KBTBD6,0.091685621,0.719058907
ENSG00000136143,SUCLA2,0.091711629,0.719058907
ENSG00000122025,FLT3,0.091712293,0.719058907
ENSG00000136859,ANGPTL2,0.091756961,0.719058907
ENSG00000145390,USP53,0.091797594,0.719058907
ENSG00000114993,RTKN,0.091809329,0.719058907
ENSG00000120705,ETF1,0.091819995,0.719058907
ENSG00000141401,IMPA2,0.091835788,0.719058907
ENSG00000147571,CRH,0.091858101,0.719058907
ENSG00000140157,NIPA2,0.091950971,0.719114504
ENSG00000251408,.,0.091965689,0.719114504
ENSG00000147402,GABRQ,0.091999285,0.719114504
ENSG00000150764,DIXDC1,0.092040351,0.719114504
ENSG00000131634,TMEM204,0.092119608,0.719391496
ENSG00000155714,PDZD9,0.092208634,0.719744485
ENSG00000107672,NSMCE4A,0.092362506,0.720029992
ENSG00000267506,.,0.092364148,0.720029992
ENSG00000253982,.,0.09237674,0.720029992
ENSG00000128708,HAT1,0.092505074,0.720687006
ENSG00000125534,PPDPF,0.092548797,0.720687006
ENSG00000108588,CCDC47,0.092855121,0.722382047
ENSG00000205544,C17orf61,0.092876528,0.722382047
ENSG00000169951,ZNF764,0.092898428,0.722382047
ENSG00000159596,TMEM69,0.092995721,0.722522556
ENSG00000134954,ETS1,0.093016735,0.722522556
ENSG00000137831,UACA,0.093085067,0.722522556
ENSG00000100319,ZMAT5,0.093114514,0.722522556
ENSG00000136504,KAT7,0.09315648,0.722522556
ENSG00000138385,SSB,0.093182684,0.722522556
ENSG00000261064,.,0.093224459,0.722522556
ENSG00000134884,ARGLU1,0.093348798,0.722890434
ENSG00000169291,SHE,0.093359959,0.722890434
ENSG00000198763,MT-ND2,0.093694865,0.724809644
ENSG00000184185,KCNJ12,0.093696089,0.724809644
ENSG00000148444,COMMD3,0.093991009,0.725729357
ENSG00000268030,.,0.094002373,0.725729357
ENSG00000253716,.,0.094008069,0.725729357
ENSG00000112242,E2F3,0.094112843,0.725729357
ENSG00000146215,CRIP3,0.09413098,0.725729357
ENSG00000183850,ZNF730,0.094142125,0.725729357
ENSG00000131188,PRR7,0.094146433,0.725729357
ENSG00000095794,CREM,0.094168499,0.725729357
ENSG00000115128,.,0.094424174,0.727358451
ENSG00000005882,PDK2,0.094545725,0.727946158
ENSG00000112812,PRSS16,0.094589119,0.727946158
ENSG00000152022,LIX1L,0.094652058,0.728089343
ENSG00000121957,GPSM2,0.094751308,0.728213831
ENSG00000064042,LIMCH1,0.094756924,0.728213831
ENSG00000241489,.,0.094893232,0.728920274
ENSG00000081052,COL4A4,0.095039497,0.729702503
ENSG00000153012,LGI2,0.095175585,0.730073445
ENSG00000169814,BTD,0.095202297,0.730073445
ENSG00000153237,CCDC148,0.095233432,0.730073445
ENSG00000134852,CLOCK,0.095265627,0.730073445
ENSG00000007202,KIAA0100,0.095356411,0.730368108
ENSG00000175182,FAM131A,0.095393796,0.730368108
ENSG00000157600,TMEM164,0.095437494,0.730368108
ENSG00000124659,TBCC,0.095559152,0.730727215
ENSG00000127528,KLF2,0.095573407,0.730727215
ENSG00000070778,PTPN21,0.095647975,0.730957047
ENSG00000132182,NUP210,0.095720213,0.731054271
ENSG00000175352,NRIP3,0.095749725,0.731054271
ENSG00000164674,SYTL3,0.095915725,0.731490305
ENSG00000249286,.,0.095929656,0.731490305
ENSG00000238198,.,0.095940456,0.731490305
ENSG00000244398,.,0.096080911,0.731887858
ENSG00000197343,ZNF655,0.09612835,0.731887858
ENSG00000174370,C11orf45,0.096140701,0.731887858
ENSG00000075790,BCAP29,0.096178478,0.731887858
ENSG00000170088,TMEM192,0.096215423,0.731887858
ENSG00000249690,.,0.096315804,0.732117619
ENSG00000168661,ZNF30,0.096401855,0.732117619
ENSG00000157483,MYO1E,0.096426819,0.732117619
ENSG00000145063,.,0.096458517,0.732117619
ENSG00000198561,CTNND1,0.096494698,0.732117619
ENSG00000258033,.,0.096576846,0.732117619
ENSG00000077713,SLC25A43,0.096666809,0.732117619
ENSG00000106123,EPHB6,0.096739722,0.732117619
ENSG00000116406,EDEM3,0.096758901,0.732117619
ENSG00000163431,LMOD1,0.096808076,0.732117619
ENSG00000114520,SNX4,0.096844992,0.732117619
ENSG00000069329,VPS35,0.096870343,0.732117619
ENSG00000250584,.,0.096881456,0.732117619
ENSG00000138777,PPA2,0.096916718,0.732117619
ENSG00000143971,ETAA1,0.096939513,0.732117619
ENSG00000065457,ADAT1,0.09697767,0.732117619
ENSG00000260415,.,0.097003467,0.732117619
ENSG00000159884,CCDC107,0.09709539,0.732457283
ENSG00000103319,EEF2K,0.09713767,0.732457283
ENSG00000115364,MRPL19,0.097209184,0.732525754
ENSG00000205726,ITSN1,0.097235958,0.732525754
ENSG00000152520,PAN3,0.097333851,0.732927025
ENSG00000204287,HLA-DRA,0.09759975,0.734536669
ENSG00000185024,BRF1,0.097637067,0.734536669
ENSG00000154305,MIA3,0.097758615,0.734712702
ENSG00000104969,SGTA,0.097806561,0.734712702
ENSG00000196839,ADA,0.0978249,0.734712702
ENSG00000156639,ZFAND3,0.097870156,0.734712702
ENSG00000167085,PHB,0.097937727,0.734712702
ENSG00000178075,GRAMD1C,0.097998435,0.734712702
ENSG00000136891,TEX10,0.098013251,0.734712702
ENSG00000179889,PDXDC1,0.098367027,0.734712702
ENSG00000135334,AKIRIN2,0.098413424,0.734712702
ENSG00000100554,ATP6V1D,0.098512452,0.734712702
ENSG00000143226,FCGR2A,0.098535007,0.734712702
ENSG00000100814,CCNB1IP1,0.098548768,0.734712702
ENSG00000198040,ZNF84,0.098581352,0.734712702
ENSG00000113532,ST8SIA4,0.098611449,0.734712702
ENSG00000231533,.,0.098626126,0.734712702
ENSG00000182500,ORAI1,0.098640043,0.734712702
ENSG00000136206,SPDYE1,0.098647196,0.734712702
ENSG00000151729,SLC25A4,0.098649849,0.734712702
ENSG00000163281,GNPDA2,0.098684683,0.734712702
ENSG00000177181,RIMKLA,0.098697952,0.734712702
ENSG00000178631,ACTG1P1,0.098731888,0.734712702
ENSG00000174353,STAG3L3,0.098736852,0.734712702
ENSG00000204619,PPP1R11,0.098742479,0.734712702
ENSG00000138293,NCOA4,0.098766391,0.734712702
ENSG00000150510,FAM124A,0.098778886,0.734712702
ENSG00000225614,ZNF469,0.099197067,0.736669119
ENSG00000137073,UBAP2,0.099219494,0.736669119
ENSG00000240256,MAGI1-IT1,0.099240023,0.736669119
ENSG00000107551,RASSF4,0.09926236,0.736669119
ENSG00000154040,CABYR,0.099266197,0.736669119
ENSG00000167037,SGSM1,0.099355912,0.73700187
ENSG00000137575,SDCBP,0.099447247,0.737223569
ENSG00000130584,ZBTB46,0.099475579,0.737223569
ENSG00000070961,ATP2B1,0.099648863,0.737994197
ENSG00000065613,SLK,0.099684195,0.737994197
ENSG00000163814,CDCP1,0.099714372,0.737994197
ENSG00000135763,URB2,0.100186859,0.740817975
ENSG00000166452,AKIP1,0.100273914,0.740817975
ENSG00000261705,.,0.100341942,0.740817975
ENSG00000178187,ZNF454,0.100353828,0.740817975
ENSG00000181894,ZNF329,0.100415341,0.740817975
ENSG00000179950,PUF60,0.100417581,0.740817975
ENSG00000179431,FJX1,0.100445181,0.740817975
ENSG00000263053,.,0.100456776,0.740817975
ENSG00000070476,ZXDC,0.100567347,0.741052217
ENSG00000264895,.,0.100578785,0.741052217
ENSG00000145214,DGKQ,0.100635739,0.741139346
ENSG00000134352,IL6ST,0.100849451,0.742380337
ENSG00000143162,CREG1,0.100895445,0.742386152
ENSG00000115548,KDM3A,0.101122204,0.743721429
ENSG00000144306,SCRN3,0.101223208,0.743936497
ENSG00000205413,SAMD9,0.101242043,0.743936497
ENSG00000141965,FEM1A,0.101341383,0.744224834
ENSG00000178802,MPI,0.101412836,0.744224834
ENSG00000144191,CNGA3,0.101417231,0.744224834
ENSG00000150990,DHX37,0.101549933,0.744865808
ENSG00000180902,D2HGDH,0.101692434,0.745391869
ENSG00000134686,PHC2,0.1017344,0.745391869
ENSG00000213341,CHUK,0.101757813,0.745391869
ENSG00000015153,YAF2,0.101813277,0.745398108
ENSG00000005238,FAM214B,0.10184944,0.745398108
ENSG00000131016,AKAP12,0.101996134,0.745811329
ENSG00000091073,DTX2,0.101996727,0.745811329
ENSG00000176274,SLC25A53,0.102104338,0.746022146
ENSG00000197558,SSPO,0.102116409,0.746022146
ENSG00000162032,SPSB3,0.102376009,0.747434345
ENSG00000261195,.,0.102400735,0.747434345
ENSG00000169129,AFAP1L2,0.102472866,0.747514556
ENSG00000139579,NABP2,0.102533371,0.747514556
ENSG00000144401,METTL21A,0.102548273,0.747514556
ENSG00000107779,BMPR1A,0.102612144,0.747648286
ENSG00000137106,GRHPR,0.102695342,0.747922665
ENSG00000071564,TCF3,0.102806168,0.748397915
ENSG00000105732,ZNF574,0.102913689,0.748848703
ENSG00000105792,C7orf63,0.102985368,0.749038394
ENSG00000087302,C14orf166,0.103089558,0.749196488
ENSG00000101773,RBBP8,0.103098342,0.749196488
ENSG00000090889,KIF4A,0.103171753,0.749398363
ENSG00000183454,GRIN2A,0.103245396,0.749601739
ENSG00000130939,UBE4B,0.10334179,0.749682454
ENSG00000165506,DNAAF2,0.103372726,0.749682454
ENSG00000260551,PWRN2,0.103418493,0.749682454
ENSG00000183092,BEGAIN,0.103439106,0.749682454
ENSG00000133740,E2F5,0.103511795,0.749878348
ENSG00000120071,KANSL1,0.10358239,0.750034152
ENSG00000145362,ANK2,0.103624642,0.750034152
ENSG00000197566,ZNF624,0.103733063,0.750470619
ENSG00000135821,GLUL,0.103833235,0.750470619
ENSG00000112214,FHL5,0.103949297,0.750470619
ENSG00000050405,LIMA1,0.103997576,0.750470619
ENSG00000179523,.,0.104045224,0.750470619
ENSG00000162496,DHRS3,0.104055657,0.750470619
ENSG00000143164,DCAF6,0.104061611,0.750470619
ENSG00000170759,KIF5B,0.104146894,0.750470619
ENSG00000103111,MON1B,0.104276147,0.750470619
ENSG00000143793,C1orf35,0.104279265,0.750470619
ENSG00000144642,RBMS3,0.104290198,0.750470619
ENSG00000187837,HIST1H1C,0.104320252,0.750470619
ENSG00000260257,.,0.104332658,0.750470619
ENSG00000048707,VPS13D,0.104341324,0.750470619
ENSG00000148690,FRA10AC1,0.104386261,0.750470619
ENSG00000181274,FRAT2,0.104416085,0.750470619
ENSG00000136159,NUDT15,0.104477351,0.750566332
ENSG00000103343,ZNF174,0.104558304,0.750566332
ENSG00000005339,CREBBP,0.10458655,0.750566332
ENSG00000091656,ZFHX4,0.104612329,0.750566332
ENSG00000179915,NRXN1,0.104657913,0.750566332
ENSG00000025156,HSF2,0.104944747,0.751895526
ENSG00000006114,SYNRG,0.104997296,0.751895526
ENSG00000243667,WDR92,0.105280092,0.751895526
ENSG00000139734,DIAPH3,0.105292686,0.751895526
ENSG00000241111,.,0.105328823,0.751895526
ENSG00000260664,.,0.105478553,0.751895526
ENSG00000249751,ECSCR,0.105517269,0.751895526
ENSG00000217930,PAM16,0.105527389,0.751895526
ENSG00000151413,NUBPL,0.105531092,0.751895526
ENSG00000124496,TRERF1,0.105531232,0.751895526
ENSG00000147130,ZMYM3,0.10559219,0.751895526
ENSG00000113597,C5orf44,0.105665294,0.751895526
ENSG00000147649,MTDH,0.105680966,0.751895526
ENSG00000143436,MRPL9,0.105701437,0.751895526
ENSG00000134330,IAH1,0.105719117,0.751895526
ENSG00000146414,SHPRH,0.105760456,0.751895526
ENSG00000170006,TMEM154,0.105831949,0.751895526
ENSG00000109113,RAB34,0.105862441,0.751895526
ENSG00000204790,CBWD6,0.105875056,0.751895526
ENSG00000186188,O3FAR1,0.105886388,0.751895526
ENSG00000205664,.,0.105936296,0.751895526
ENSG00000165185,KIAA1958,0.105937161,0.751895526
ENSG00000254473,.,0.1059518,0.751895526
ENSG00000089101,C20orf26,0.105987322,0.751895526
ENSG00000237263,MAPK6PS3,0.106031714,0.751895526
ENSG00000076201,PTPN23,0.106066199,0.751895526
ENSG00000230124,.,0.106097688,0.751895526
ENSG00000197016,ZNF470,0.106156146,0.751895526
ENSG00000227544,.,0.106170963,0.751895526
ENSG00000163754,GYG1,0.106329974,0.752189779
ENSG00000087460,GNAS,0.106364035,0.752189779
ENSG00000197081,IGF2R,0.106395096,0.752189779
ENSG00000133794,ARNTL,0.106395717,0.752189779
ENSG00000259706,HSP90B2P,0.10646537,0.752358337
ENSG00000182256,GABRG3,0.106616162,0.753099885
ENSG00000213593,TMX2,0.106681527,0.753237624
ENSG00000166323,C11orf65,0.106730698,0.753260959
ENSG00000168824,.,0.106904997,0.753765949
ENSG00000248050,.,0.106929454,0.753765949
ENSG00000064687,ABCA7,0.106944969,0.753765949
ENSG00000164330,EBF1,0.106985839,0.753765949
ENSG00000197701,ZNF595,0.107248817,0.754216743
ENSG00000131848,ZSCAN5A,0.107284446,0.754216743
ENSG00000004961,HCCS,0.10730382,0.754216743
ENSG00000099998,GGT5,0.107331619,0.754216743
ENSG00000121406,ZNF549,0.107338321,0.754216743
ENSG00000125450,NUP85,0.107387582,0.754216743
ENSG00000183044,ABAT,0.107416287,0.754216743
ENSG00000140598,EFTUD1,0.107479223,0.754216743
ENSG00000156162,DPY19L4,0.107511939,0.754216743
ENSG00000083535,PIBF1,0.107547037,0.754216743
ENSG00000263899,.,0.107554991,0.754216743
ENSG00000115129,TP53I3,0.107714832,0.754871105
ENSG00000163694,RBM47,0.107756535,0.754871105
ENSG00000242215,.,0.107786199,0.754871105
ENSG00000184014,DENND5A,0.107876315,0.755180186
ENSG00000241847,.,0.107943307,0.7553272
ENSG00000106635,BCL7B,0.108010372,0.75547459
ENSG00000116194,ANGPTL1,0.108102615,0.755797889
ENSG00000170004,CHD3,0.108500093,0.758254056
ENSG00000092621,PHGDH,0.108658386,0.758454536
ENSG00000178952,TUFM,0.108672398,0.758454536
ENSG00000178700,DHFRL1,0.108676826,0.758454536
ENSG00000149792,MRPL49,0.10871351,0.758454536
ENSG00000121057,AKAP1,0.108772225,0.758541931
ENSG00000120708,TGFBI,0.10887746,0.758548153
ENSG00000186815,TPCN1,0.108902014,0.758548153
ENSG00000260799,.,0.108911681,0.758548153
ENSG00000127481,UBR4,0.108977973,0.758644074
ENSG00000158321,AUTS2,0.109017842,0.758644074
ENSG00000134108,ARL8B,0.10907803,0.758741415
ENSG00000113389,NPR3,0.109141932,0.758864503
ENSG00000164037,SLC9B1,0.109225916,0.759127051
ENSG00000187210,GCNT1,0.109356172,0.75959114
ENSG00000125107,CNOT1,0.109385194,0.75959114
ENSG00000163026,C2orf44,0.109455121,0.759680454
ENSG00000135951,TSGA10,0.109528001,0.759680454
ENSG00000102967,DHODH,0.109536827,0.759680454
ENSG00000215475,SIAH3,0.109589718,0.759726439
ENSG00000214174,AMZ2P1,0.10972198,0.760022479
ENSG00000182986,ZNF320,0.109743952,0.760022479
ENSG00000106484,MEST,0.109771255,0.760022479
ENSG00000106327,TFR2,0.109923964,0.760400453
ENSG00000077684,PHF17,0.109945685,0.760400453
ENSG00000135482,ZC3H10,0.109964749,0.760400453
ENSG00000213468,.,0.110067806,0.760439799
ENSG00000255103,KIAA0754,0.110140239,0.760439799
ENSG00000163541,SUCLG1,0.110171596,0.760439799
ENSG00000155097,ATP6V1C1,0.110179637,0.760439799
ENSG00000120265,PCMT1,0.110217919,0.760439799
ENSG00000143466,IKBKE,0.110281313,0.760439799
ENSG00000160325,CACFD1,0.110321585,0.760439799
ENSG00000147432,CHRNB3,0.110370122,0.760439799
ENSG00000150893,FREM2,0.110387169,0.760439799
ENSG00000174871,CNIH2,0.110497613,0.760815895
ENSG00000176531,PHLDB3,0.110555798,0.760815895
ENSG00000126456,IRF3,0.110640983,0.760815895
ENSG00000147382,FAM58A,0.110655117,0.760815895
ENSG00000162620,LRRIQ3,0.110813043,0.760815895
ENSG00000261647,IMPDH1P11,0.110827586,0.760815895
ENSG00000157110,RBPMS,0.1108404,0.760815895
ENSG00000145545,SRD5A1,0.110862883,0.760815895
ENSG00000168872,DDX19A,0.11089689,0.760815895
ENSG00000184900,SUMO3,0.110921547,0.760815895
ENSG00000087903,RFX2,0.110981951,0.760815895
ENSG00000149923,PPP4C,0.111022917,0.760815895
ENSG00000222012,.,0.111105786,0.760815895
ENSG00000169884,WNT10B,0.111157125,0.760815895
ENSG00000053770,AP5M1,0.111162304,0.760815895
ENSG00000116353,MECR,0.111182984,0.760815895
ENSG00000267290,.,0.111264565,0.76105704
ENSG00000168906,MAT2A,0.111316458,0.761095002
ENSG00000034533,ASTE1,0.111403343,0.761372075
ENSG00000249604,.,0.111550533,0.762060901
ENSG00000179954,SSC5D,0.111626622,0.762200966
ENSG00000125895,TMEM74B,0.111696687,0.762200966
ENSG00000099797,TECR,0.111734906,0.762200966
ENSG00000186871,ERCC6L,0.111756678,0.762200966
ENSG00000120686,UFM1,0.111871385,0.762501235
ENSG00000135185,C7orf23,0.111916256,0.762501235
ENSG00000205959,.,0.111974143,0.762501235
ENSG00000105750,ZNF85,0.11198642,0.762501235
ENSG00000074317,SNCB,0.112076654,0.762799374
ENSG00000189042,ZNF567,0.112196304,0.763297393
ENSG00000122694,GLIPR2,0.112303153,0.763504707
ENSG00000176894,PXMP2,0.112319757,0.763504707
ENSG00000256422,.,0.112465505,0.764179146
ENSG00000100802,C14orf93,0.112599447,0.764466535
ENSG00000133321,RARRES3,0.112600898,0.764466535
ENSG00000145536,ADAMTS16,0.112699606,0.764566559
ENSG00000261254,.,0.11270874,0.764566559
ENSG00000166927,MS4A7,0.112846816,0.765187141
ENSG00000165606,DRGX,0.112915742,0.765338516
ENSG00000162244,RPL29,0.113031278,0.765805562
ENSG00000177694,NAALADL2,0.113204358,0.766412978
ENSG00000178750,STX19,0.113214266,0.766412978
ENSG00000088179,PTPN4,0.113299177,0.766671767
ENSG00000121644,DESI2,0.113351857,0.766712334
ENSG00000112773,FAM46A,0.113468407,0.767058474
ENSG00000162004,CCDC78,0.113496443,0.767058474
ENSG00000169851,PCDH7,0.113656056,0.767562543
ENSG00000171067,C11orf24,0.113688714,0.767562543
ENSG00000180822,PSMG4,0.113734196,0.767562543
ENSG00000181827,RFX7,0.113757975,0.767562543
ENSG00000255794,RMST,0.113924716,0.768371917
ENSG00000105173,CCNE1,0.114024194,0.768727151
ENSG00000141506,PIK3R5,0.114080105,0.768788498
ENSG00000100219,XBP1,0.114155633,0.768981939
ENSG00000175634,RPS6KB2,0.114241898,0.769247514
ENSG00000099256,PRTFDC1,0.114363857,0.769753125
ENSG00000142459,EVI5L,0.11441196,0.769761419
ENSG00000156709,AIFM1,0.11455121,0.770218748
ENSG00000174238,PITPNA,0.114573732,0.770218748
ENSG00000166188,ZNF319,0.114673696,0.770228719
ENSG00000162298,SYVN1,0.114686364,0.770228719
ENSG00000188153,COL4A5,0.114715914,0.770228719
ENSG00000163964,PIGX,0.114853043,0.770456041
ENSG00000110514,MADD,0.11493523,0.770456041
ENSG00000143315,PIGM,0.114937807,0.770456041
ENSG00000166441,RPL27A,0.114972377,0.770456041
ENSG00000140285,FGF7,0.114984336,0.770456041
ENSG00000107798,LIPA,0.115098994,0.770909779
ENSG00000049245,VAMP3,0.115226291,0.771204489
ENSG00000135387,CAPRIN1,0.115236913,0.771204489
ENSG00000259860,.,0.115315586,0.771318307
ENSG00000189337,KAZN,0.115446592,0.771318307
ENSG00000120896,SORBS3,0.115460694,0.771318307
ENSG00000174498,IGDCC3,0.115508867,0.771318307
ENSG00000220563,PKMP3,0.115552121,0.771318307
ENSG00000068885,IFT80,0.11562839,0.771318307
ENSG00000143847,PPFIA4,0.11562948,0.771318307
ENSG00000146556,WASH2P,0.115629646,0.771318307
ENSG00000204802,.,0.115746402,0.771783664
ENSG00000106077,ABHD11,0.115801241,0.771835953
ENSG00000126012,KDM5C,0.115893247,0.772132598
ENSG00000148019,CEP78,0.115944992,0.772132598
ENSG00000092096,SLC22A17,0.115986794,0.772132598
ENSG00000249087,C1orf213,0.116066907,0.772148501
ENSG00000119396,RAB14,0.116159359,0.772148501
ENSG00000259863,SH3RF3-AS1,0.116159725,0.772148501
ENSG00000188042,ARL4C,0.11620927,0.772148501
ENSG00000111731,KIAA0528,0.116241769,0.772148501
ENSG00000187229,.,0.116359327,0.772148501
ENSG00000172380,GNG12,0.116370992,0.772148501
ENSG00000161888,SPC24,0.116378371,0.772148501
ENSG00000187145,MRPS21,0.116448115,0.772148501
ENSG00000198331,HYLS1,0.116511629,0.772148501
ENSG00000170959,DCDC5,0.116516185,0.772148501
ENSG00000228971,.,0.11661463,0.772148501
ENSG00000140044,JDP2,0.116709154,0.772148501
ENSG00000185008,ROBO2,0.116728299,0.772148501
ENSG00000174106,LEMD3,0.116735422,0.772148501
ENSG00000022976,ZNF839,0.116748995,0.772148501
ENSG00000181322,NME9,0.11678846,0.772148501
ENSG00000118503,TNFAIP3,0.116865421,0.772194735
ENSG00000180817,PPA1,0.116893896,0.772194735
ENSG00000130312,MRPL34,0.11693651,0.772194735
ENSG00000123684,LPGAT1,0.117189958,0.77326859
ENSG00000180628,PCGF5,0.117293084,0.77326859
ENSG00000182552,RWDD4,0.117303021,0.77326859
ENSG00000170962,PDGFD,0.117320658,0.77326859
ENSG00000073350,LLGL2,0.11739479,0.77326859
ENSG00000204311,DFNB59,0.117402537,0.77326859
ENSG00000204304,PBX2,0.11742872,0.77326859
ENSG00000132478,UNK,0.117858922,0.77569743
ENSG00000178685,PARP10,0.117939369,0.77569743
ENSG00000260411,.,0.117953304,0.77569743
ENSG00000133424,LARGE,0.118002934,0.77569743
ENSG00000120333,MRPS14,0.118033726,0.77569743
ENSG00000005810,MYCBP2,0.118103738,0.775847074
ENSG00000164967,RPP25L,0.11817241,0.775921732
ENSG00000197943,PLCG2,0.118241404,0.775921732
ENSG00000180660,MAB21L1,0.118285793,0.775921732
ENSG00000234419,CICP13,0.118380595,0.775921732
ENSG00000188917,TRMT2B,0.118386129,0.775921732
ENSG00000130363,RSPH3,0.118482951,0.775921732
ENSG00000186732,MPPED1,0.118485452,0.775921732
ENSG00000214176,PLEKHM1P,0.118534851,0.775921732
ENSG00000107719,PALD1,0.118587248,0.775921732
ENSG00000164904,ALDH7A1,0.118587563,0.775921732
ENSG00000196428,TSC22D2,0.118900248,0.776045391
ENSG00000134014,ELP3,0.118933583,0.776045391
ENSG00000135407,AVIL,0.118949272,0.776045391
ENSG00000227248,FAM155A-IT1,0.119024039,0.776045391
ENSG00000189403,HMGB1,0.119042112,0.776045391
ENSG00000156931,VPS8,0.119053024,0.776045391
ENSG00000122359,ANXA11,0.119053776,0.776045391
ENSG00000167543,TP53I13,0.119096399,0.776045391
ENSG00000226430,USP17L7,0.119105234,0.776045391
ENSG00000229153,EPHA1-AS1,0.119107216,0.776045391
ENSG00000154654,NCAM2,0.119159779,0.776045391
ENSG00000203772,SPRN,0.119173505,0.776045391
ENSG00000215105,TTC3P1,0.119396847,0.777191605
ENSG00000229422,.,0.119685694,0.778763136
ENSG00000172765,TMCC1,0.11977222,0.77901749
ENSG00000167984,NLRC3,0.119903203,0.779367
ENSG00000260515,.,0.119920868,0.779367
ENSG00000152439,ZNF773,0.120022641,0.779425247
ENSG00000261374,.,0.12004581,0.779425247
ENSG00000149591,TAGLN,0.120082826,0.779425247
ENSG00000122482,ZNF644,0.120159686,0.779425247
ENSG00000197162,ZNF785,0.120167127,0.779425247
ENSG00000109445,ZNF330,0.120234132,0.779551976
ENSG00000185730,ZNF696,0.120393109,0.780274673
ENSG00000165898,ISCA2,0.120454432,0.780364154
ENSG00000146476,C6orf211,0.12052577,0.780379943
ENSG00000142875,PRKACB,0.120566582,0.780379943
ENSG00000251023,.,0.120599421,0.780379943
ENSG00000003989,SLC7A2,0.120727505,0.78061815
ENSG00000169504,CLIC4,0.12075451,0.78061815
ENSG00000178401,DNAJC22,0.12078921,0.78061815
ENSG00000046889,PREX2,0.120891398,0.78061815
ENSG00000115825,PRKD3,0.120900802,0.78061815
ENSG00000126062,TMEM115,0.120921426,0.78061815
ENSG00000214114,MYCBP,0.121018696,0.780733982
ENSG00000172992,DCAKD,0.121034447,0.780733982
ENSG00000131196,NFATC1,0.121082248,0.780735673
ENSG00000100796,SMEK1,0.12123066,0.781385845
ENSG00000213397,HAUS7,0.121310303,0.78159243
ENSG00000099860,GADD45B,0.121385872,0.781772617
ENSG00000198466,ZNF587,0.12153896,0.782053089
ENSG00000185033,SEMA4B,0.121575204,0.782053089
ENSG00000116717,GADD45A,0.121605254,0.782053089
ENSG00000106636,YKT6,0.121619898,0.782053089
ENSG00000112695,COX7A2,0.121808491,0.782959233
ENSG00000241644,INMT,0.121857125,0.782965403
ENSG00000230989,HSBP1,0.122009139,0.783534575
ENSG00000108932,SLC16A6,0.122096135,0.783534575
ENSG00000213213,KIAA1984,0.122259222,0.783534575
ENSG00000068615,REEP1,0.122349102,0.783534575
ENSG00000134207,SYT6,0.122393644,0.783534575
ENSG00000176354,.,0.122393702,0.783534575
ENSG00000262732,.,0.122479465,0.783534575
ENSG00000115816,CEBPZ,0.122593874,0.783534575
ENSG00000183111,ARHGEF37,0.122614724,0.783534575
ENSG00000077150,NFKB2,0.122623892,0.783534575
ENSG00000157087,ATP2B2,0.122680202,0.783534575
ENSG00000101577,LPIN2,0.122725815,0.783534575
ENSG00000127914,AKAP9,0.122747611,0.783534575
ENSG00000144821,MYH15,0.122771818,0.783534575
ENSG00000158301,GPRASP2,0.12279088,0.783534575
ENSG00000143515,ATP8B2,0.122823083,0.783534575
ENSG00000152104,PTPN14,0.122826472,0.783534575
ENSG00000259234,.,0.122862315,0.783534575
ENSG00000197299,BLM,0.122885043,0.783534575
ENSG00000148082,SHC3,0.12301706,0.783534575
ENSG00000214711,CAPN14,0.123069097,0.783534575
ENSG00000116329,OPRD1,0.123100427,0.783534575
ENSG00000240891,PLCXD2,0.123105971,0.783534575
ENSG00000100147,CCDC134,0.12313568,0.783534575
ENSG00000099814,KIAA0284,0.123171237,0.783534575
ENSG00000076344,RGS11,0.123227368,0.783534575
ENSG00000178201,VN1R1,0.123233868,0.783534575
ENSG00000101198,NKAIN4,0.12347724,0.784246417
ENSG00000254901,MEF2BNB,0.123480401,0.784246417
ENSG00000185825,BCAP31,0.123497308,0.784246417
ENSG00000225339,.,0.123536837,0.784246417
ENSG00000123119,NECAB1,0.123729376,0.784914573
ENSG00000159842,ABR,0.123777258,0.784914573
ENSG00000177599,ZNF491,0.123884221,0.784914573
ENSG00000197857,ZNF44,0.123981873,0.784914573
ENSG00000104980,TIMM44,0.124073473,0.784914573
ENSG00000118412,CASP8AP2,0.124293828,0.784914573
ENSG00000227986,TRIM60P18,0.124295734,0.784914573
ENSG00000136535,TBR1,0.124312166,0.784914573
ENSG00000239828,.,0.124338229,0.784914573
ENSG00000115421,PAPOLG,0.124359953,0.784914573
ENSG00000035664,DAPK2,0.124360343,0.784914573
ENSG00000112062,MAPK14,0.124486861,0.784914573
ENSG00000228824,MIR4500HG,0.124490468,0.784914573
ENSG00000128594,LRRC4,0.124493747,0.784914573
ENSG00000215492,HNRNPA1P7,0.124563166,0.784914573
ENSG00000171759,PAH,0.124581688,0.784914573
ENSG00000160271,RALGDS,0.124619538,0.784914573
ENSG00000173473,SMARCC1,0.12474354,0.784914573
ENSG00000177575,CD163,0.124763584,0.784914573
ENSG00000132356,PRKAA1,0.124775478,0.784914573
ENSG00000007080,CCDC124,0.124831573,0.784914573
ENSG00000157657,ZNF618,0.124846738,0.784914573
ENSG00000159189,C1QC,0.124876956,0.784914573
ENSG00000172428,MYEOV2,0.124955682,0.784914573
ENSG00000182568,SATB1,0.12498343,0.784914573
ENSG00000111305,GSG1,0.125024939,0.784914573
ENSG00000178397,FAM220A,0.12502884,0.784914573
ENSG00000109861,CTSC,0.125149564,0.784914573
ENSG00000180543,TSPYL5,0.125163205,0.784914573
ENSG00000187792,ZNF70,0.125163338,0.784914573
ENSG00000135912,TTLL4,0.125205464,0.784914573
ENSG00000083444,PLOD1,0.125300593,0.784914573
ENSG00000102606,ARHGEF7,0.125300755,0.784914573
ENSG00000123552,USP45,0.125306782,0.784914573
ENSG00000004975,DVL2,0.125314864,0.784914573
ENSG00000001617,SEMA3F,0.12561028,0.786254715
ENSG00000166189,HPS6,0.125624574,0.786254715
ENSG00000092978,GPATCH2,0.125698916,0.78627454
ENSG00000170604,IRF2BP1,0.125723494,0.78627454
ENSG00000015592,STMN4,0.12581728,0.786310667
ENSG00000163682,RPL9,0.125865564,0.786310667
ENSG00000124215,CDH26,0.125873406,0.786310667
ENSG00000030582,GRN,0.1259394,0.786310667
ENSG00000143473,KCNH1,0.125970477,0.786310667
ENSG00000196369,SRGAP2B,0.126066587,0.786310667
ENSG00000151651,ADAM8,0.126092283,0.786310667
ENSG00000175582,RAB6A,0.126164494,0.786310667
ENSG00000005893,LAMP2,0.126179621,0.786310667
ENSG00000187187,ZNF546,0.126210685,0.786310667
ENSG00000115902,SLC1A4,0.126255936,0.786310667
ENSG00000163131,CTSS,0.126347743,0.786584151
ENSG00000241015,TPM3P9,0.126617528,0.786972477
ENSG00000005020,SKAP2,0.12664768,0.786972477
ENSG00000258790,KIAA0391,0.126683318,0.786972477
ENSG00000104343,UBE2W,0.126777615,0.786972477
ENSG00000197479,PCDHB11,0.12685951,0.786972477
ENSG00000138386,NAB1,0.126863672,0.786972477
ENSG00000127884,ECHS1,0.126962325,0.786972477
ENSG00000138442,WDR12,0.126972165,0.786972477
ENSG00000102898,NUTF2,0.127268858,0.786972477
ENSG00000181444,ZNF467,0.127359101,0.786972477
ENSG00000128513,POT1,0.127368414,0.786972477
ENSG00000072952,MRVI1,0.127375651,0.786972477
ENSG00000169499,PLEKHA2,0.127492897,0.786972477
ENSG00000172346,CSDC2,0.127525962,0.786972477
ENSG00000008394,MGST1,0.127578089,0.786972477
ENSG00000159231,CBR3,0.127687437,0.786972477
ENSG00000223427,.,0.127693671,0.786972477
ENSG00000177733,HNRNPA0,0.127788762,0.786972477
ENSG00000132801,ZSWIM3,0.127792547,0.786972477
ENSG00000132740,IGHMBP2,0.127796061,0.786972477
ENSG00000196865,NHLRC2,0.127821696,0.786972477
ENSG00000267321,.,0.127825755,0.786972477
ENSG00000248643,RBM14-RBM4,0.127830316,0.786972477
ENSG00000122912,SLC25A16,0.127898874,0.786972477
ENSG00000010810,FYN,0.127903523,0.786972477
ENSG00000259915,.,0.128017504,0.786972477
ENSG00000044524,EPHA3,0.12812258,0.786972477
ENSG00000136521,NDUFB5,0.128140535,0.786972477
ENSG00000160285,LSS,0.128151364,0.786972477
ENSG00000069493,CLEC2D,0.128240917,0.786972477
ENSG00000141858,SAMD1,0.12837238,0.786972477
ENSG00000055118,KCNH2,0.128380321,0.786972477
ENSG00000165525,NEMF,0.128413679,0.786972477
ENSG00000089250,NOS1,0.128449182,0.786972477
ENSG00000144034,TPRKB,0.12854837,0.786972477
ENSG00000103021,CCDC113,0.128552531,0.786972477
ENSG00000019505,SYT13,0.128678546,0.786972477
ENSG00000134717,BTF3L4,0.12869795,0.786972477
ENSG00000129566,TEP1,0.128699222,0.786972477
ENSG00000172469,MANEA,0.128747835,0.786972477
ENSG00000196071,OR2L13,0.128815946,0.786972477
ENSG00000182771,GRID1,0.12881904,0.786972477
ENSG00000151131,C12orf45,0.128823873,0.786972477
ENSG00000011304,PTBP1,0.128826196,0.786972477
ENSG00000028277,POU2F2,0.128839678,0.786972477
ENSG00000197635,DPP4,0.128926961,0.786972477
ENSG00000254896,OPCML-IT1,0.12897925,0.786972477
ENSG00000249915,PDCD6,0.128993439,0.786972477
ENSG00000245680,ZNF585B,0.129039755,0.786972477
ENSG00000241685,ARPC1A,0.129063204,0.786972477
ENSG00000256193,LINC00507,0.129077971,0.786972477
ENSG00000180964,TCEAL8,0.129127043,0.786972477
ENSG00000140320,BAHD1,0.129165447,0.786972477
ENSG00000106809,OGN,0.129194924,0.786972477
ENSG00000117036,ETV3,0.129208725,0.786972477
ENSG00000260583,LINC00515,0.129212129,0.786972477
ENSG00000105808,RASA4,0.129226118,0.786972477
ENSG00000261255,.,0.12923005,0.786972477
ENSG00000171988,JMJD1C,0.129237336,0.786972477
ENSG00000173875,ZNF791,0.129291049,0.787005872
ENSG00000184988,TMEM106A,0.1293661,0.787005872
ENSG00000174744,BRMS1,0.129439876,0.787005872
ENSG00000131381,ZFYVE20,0.129473239,0.787005872
ENSG00000119328,FAM206A,0.129530328,0.787005872
ENSG00000134627,PIWIL4,0.129597534,0.787005872
ENSG00000186665,C17orf58,0.129618619,0.787005872
ENSG00000119321,FKBP15,0.129660737,0.787005872
ENSG00000242428,.,0.129682486,0.787005872
ENSG00000170540,ARL6IP1,0.12972203,0.787005872
ENSG00000106012,IQCE,0.129815949,0.78703181
ENSG00000112651,MRPL2,0.12982215,0.78703181
ENSG00000159461,AMFR,0.129943136,0.787474587
ENSG00000162777,DENND2D,0.130009456,0.787560547
ENSG00000224287,MSL3P1,0.13005323,0.787560547
ENSG00000140022,STON2,0.130137798,0.787751842
ENSG00000198231,DDX42,0.130222263,0.787751842
ENSG00000136908,DPM2,0.130320498,0.787751842
ENSG00000086717,PPEF1,0.130328586,0.787751842
ENSG00000166265,CYYR1,0.130371689,0.787751842
ENSG00000126970,ZC4H2,0.130396715,0.787751842
ENSG00000266118,.,0.130420584,0.787751842
ENSG00000119537,KDSR,0.130577003,0.787905309
ENSG00000157014,TATDN2,0.130582507,0.787905309
ENSG00000112232,KHDRBS2,0.130631224,0.787905309
ENSG00000254838,GVINP1,0.130704991,0.787905309
ENSG00000174953,DHX36,0.130709564,0.787905309
ENSG00000138433,CIR1,0.130733847,0.787905309
ENSG00000137642,SORL1,0.130822806,0.788132489
ENSG00000103356,EARS2,0.130867521,0.788132489
ENSG00000176124,DLEU1,0.130930433,0.788222322
ENSG00000101166,SLMO2,0.130996793,0.788332841
ENSG00000269609,.,0.131095073,0.788406202
ENSG00000174080,CTSF,0.131104995,0.788406202
ENSG00000114850,SSR3,0.131230329,0.788871045
ENSG00000116793,PHTF1,0.131312086,0.789039864
ENSG00000072778,ACADVL,0.131366126,0.789039864
ENSG00000256073,C21orf119,0.131402547,0.789039864
ENSG00000008441,NFIX,0.131568621,0.789680694
ENSG00000140105,WARS,0.131605435,0.789680694
ENSG00000106392,C1GALT1,0.131685278,0.789871192
ENSG00000183597,C22orf25,0.131840146,0.790511396
ENSG00000082213,C5orf22,0.131904687,0.790518045
ENSG00000130856,ZNF236,0.131937524,0.790518045
ENSG00000135119,RNFT2,0.132053174,0.790751752
ENSG00000183010,PYCR1,0.132072828,0.790751752
ENSG00000097033,SH3GLB1,0.132212719,0.791115242
ENSG00000261360,.,0.132248104,0.791115242
ENSG00000184381,PLA2G6,0.132278052,0.791115242
ENSG00000152558,TMEM123,0.132361744,0.791283081
ENSG00000051009,FAM160A2,0.13243091,0.791283081
ENSG00000117602,RCAN3,0.13259533,0.791283081
ENSG00000159692,CTBP1,0.132597461,0.791283081
ENSG00000130338,TULP4,0.132716133,0.791283081
ENSG00000178694,NSUN3,0.132834146,0.791283081
ENSG00000236204,.,0.132857154,0.791283081
ENSG00000087076,HSD17B14,0.13293404,0.791283081
ENSG00000120889,TNFRSF10B,0.132984544,0.791283081
ENSG00000057704,TMCC3,0.133048791,0.791283081
ENSG00000119917,IFIT3,0.133051065,0.791283081
ENSG00000130023,C6orf70,0.133057756,0.791283081
ENSG00000111801,BTN3A3,0.133099744,0.791283081
ENSG00000212125,TAS2R15,0.133102984,0.791283081
ENSG00000166170,BAG5,0.133113944,0.791283081
ENSG00000165264,NDUFB6,0.133139843,0.791283081
ENSG00000215570,.,0.133237295,0.791283081
ENSG00000180304,OAZ2,0.133271137,0.791283081
ENSG00000100299,ARSA,0.133296211,0.791283081
ENSG00000103152,MPG,0.133300689,0.791283081
ENSG00000175548,ALG10B,0.133317925,0.791283081
ENSG00000219085,.,0.133412388,0.791557678
ENSG00000172301,C17orf79,0.133640735,0.792626141
ENSG00000103647,CORO2B,0.133694688,0.792659878
ENSG00000145337,PYURF,0.133804022,0.792806889
ENSG00000186472,PCLO,0.133816032,0.792806889
ENSG00000226913,BSN-AS2,0.134043956,0.793451356
ENSG00000076356,PLXNA2,0.134053596,0.793451356
ENSG00000002586,CD99,0.134109632,0.793451356
ENSG00000010438,PRSS3,0.134118064,0.793451356
ENSG00000154642,C21orf91,0.134313438,0.794195607
ENSG00000146733,PSPH,0.134340583,0.794195607
ENSG00000005302,MSL3,0.134415958,0.794355266
ENSG00000183876,ARSI,0.134544269,0.794827527
ENSG00000122203,KIAA1191,0.134603435,0.794891123
ENSG00000217128,FNIP1,0.134874372,0.795728651
ENSG00000185437,SH3BGR,0.134891511,0.795728651
ENSG00000215067,.,0.134953571,0.795728651
ENSG00000163527,STT3B,0.135007945,0.795728651
ENSG00000099624,ATP5D,0.13507402,0.795728651
ENSG00000236333,TRHDE-AS1,0.135077229,0.795728651
ENSG00000107745,MICU1,0.135084423,0.795728651
ENSG00000165655,ZNF503,0.135255134,0.7962213
ENSG00000167306,MYO5B,0.135265548,0.7962213
ENSG00000090447,TFAP4,0.13535458,0.7962213
ENSG00000013523,ANGEL1,0.135392845,0.7962213
ENSG00000160111,CPAMD8,0.135421958,0.7962213
ENSG00000175985,PLEKHD1,0.135507159,0.7962213
ENSG00000163913,IFT122,0.135534503,0.7962213
ENSG00000138246,DNAJC13,0.135555913,0.7962213
ENSG00000121310,ECHDC2,0.135625163,0.796343244
ENSG00000048140,TSPAN17,0.13568602,0.796415837
ENSG00000027697,IFNGR1,0.135775149,0.796627918
ENSG00000260539,.,0.135819166,0.796627918
ENSG00000151332,MBIP,0.135955958,0.796766637
ENSG00000130475,FCHO1,0.136035186,0.796766637
ENSG00000169446,MMGT1,0.136085921,0.796766637
ENSG00000229833,PET100,0.136089342,0.796766637
ENSG00000166448,TMEM130,0.136153915,0.796766637
ENSG00000152952,PLOD2,0.13624873,0.796766637
ENSG00000150722,PPP1R1C,0.13632143,0.796766637
ENSG00000157870,FAM213B,0.136323808,0.796766637
ENSG00000170011,MYRIP,0.136327575,0.796766637
ENSG00000099954,CECR2,0.13634787,0.796766637
ENSG00000205981,DNAJC19,0.136407626,0.796766637
ENSG00000259828,.,0.136437205,0.796766637
ENSG00000066777,ARFGEF1,0.136473516,0.796766637
ENSG00000198382,UVRAG,0.136708461,0.797018787
ENSG00000196705,ZNF431,0.136712529,0.797018787
ENSG00000244567,.,0.136754443,0.797018787
ENSG00000232434,C9orf172,0.136755492,0.797018787
ENSG00000109063,MYH3,0.136761883,0.797018787
ENSG00000169857,AVEN,0.136807889,0.797018787
ENSG00000163364,.,0.136943745,0.797039041
ENSG00000035403,VCL,0.136956827,0.797039041
ENSG00000188211,NCR3LG1,0.136999758,0.797039041
ENSG00000239899,.,0.137063362,0.797039041
ENSG00000171202,TMEM126A,0.137077963,0.797039041
ENSG00000196659,TTC30B,0.137102557,0.797039041
ENSG00000138495,COX17,0.137472913,0.79799212
ENSG00000145734,BDP1,0.137544143,0.79799212
ENSG00000100836,PABPN1,0.13755922,0.79799212
ENSG00000124762,CDKN1A,0.137596499,0.79799212
ENSG00000071082,RPL31,0.137607089,0.79799212
ENSG00000101222,SPEF1,0.137645301,0.79799212
ENSG00000138381,ASNSD1,0.13774582,0.79799212
ENSG00000016602,CLCA4,0.137787675,0.79799212
ENSG00000185610,DBX2,0.137789498,0.79799212
ENSG00000049883,PTCD2,0.137850619,0.79799212
ENSG00000165118,C9orf64,0.137918612,0.79799212
ENSG00000197837,HIST4H4,0.137981753,0.79799212
ENSG00000171865,RNASEH1,0.138033051,0.79799212
ENSG00000099381,SETD1A,0.138167595,0.79799212
ENSG00000167380,ZNF226,0.138195679,0.79799212
ENSG00000165621,OXGR1,0.138255626,0.79799212
ENSG00000127951,FGL2,0.138259248,0.79799212
ENSG00000130702,LAMA5,0.138286117,0.79799212
ENSG00000167632,TRAPPC9,0.138330044,0.79799212
ENSG00000160051,IQCC,0.138331685,0.79799212
ENSG00000196652,ZKSCAN5,0.138397185,0.79799212
ENSG00000197956,S100A6,0.138456199,0.79799212
ENSG00000171817,ZNF540,0.138476807,0.79799212
ENSG00000076043,REXO2,0.13847756,0.79799212
ENSG00000182307,C8orf33,0.138502599,0.79799212
ENSG00000168917,SLC35G2,0.138592216,0.79799212
ENSG00000101850,GPR143,0.138618558,0.79799212
ENSG00000165916,PSMC3,0.138627018,0.79799212
ENSG00000081479,LRP2,0.138723921,0.798210827
ENSG00000139668,WDFY2,0.138772978,0.798210827
ENSG00000186919,ZACN,0.138827687,0.798210827
ENSG00000233110,.,0.138859425,0.798210827
ENSG00000084731,KIF3C,0.138911484,0.798230685
ENSG00000004897,CDC27,0.139053163,0.798493218
ENSG00000198168,SVIP,0.139075127,0.798493218
ENSG00000064726,BTBD1,0.139190373,0.798493218
ENSG00000065717,TLE2,0.139191787,0.798493218
ENSG00000212128,TAS2R13,0.139200273,0.798493218
ENSG00000094914,AAAS,0.139356877,0.799112426
ENSG00000162782,TDRD5,0.13941029,0.799139685
ENSG00000011007,TCEB3,0.139467562,0.799189036
ENSG00000260565,ERVK13-1,0.139673985,0.799542515
ENSG00000083642,PDS5B,0.139683621,0.799542515
ENSG00000235016,.,0.139755029,0.799542515
ENSG00000129993,CBFA2T3,0.139758352,0.799542515
ENSG00000182208,MOB2,0.139884053,0.799542515
ENSG00000102879,CORO1A,0.139958161,0.799542515
ENSG00000155313,USP25,0.13996047,0.799542515
ENSG00000101310,SEC23B,0.140017214,0.799542515
ENSG00000106780,MEGF9,0.140040213,0.799542515
ENSG00000182492,BGN,0.140190104,0.799542515
ENSG00000111405,ENDOU,0.140211659,0.799542515
ENSG00000204977,TRIM13,0.140250468,0.799542515
ENSG00000115425,PECR,0.140256766,0.799542515
ENSG00000177692,DNAJC28,0.14026847,0.799542515
ENSG00000082438,COBLL1,0.140327934,0.799542515
ENSG00000233670,PIRT,0.140372648,0.799542515
ENSG00000092148,HECTD1,0.140400575,0.799542515
ENSG00000163884,KLF15,0.140405566,0.799542515
ENSG00000173821,RNF213,0.140457239,0.799559525
ENSG00000156875,HIAT1,0.140512212,0.799590211
ENSG00000102763,VWA8,0.140560004,0.799590211
ENSG00000103351,CLUAP1,0.140754599,0.800268405
ENSG00000118200,CAMSAP2,0.14077668,0.800268405
ENSG00000182718,ANXA2,0.140998552,0.800817249
ENSG00000175390,EIF3F,0.141045207,0.800817249
ENSG00000169136,ATF5,0.14105148,0.800817249
ENSG00000255150,EID3,0.141141943,0.800817249
ENSG00000159904,ZNF890P,0.141148445,0.800817249
ENSG00000136514,RTP4,0.1411658,0.800817249
ENSG00000235381,.,0.141217476,0.800833771
ENSG00000100036,SLC35E4,0.141307202,0.801065993
ENSG00000268516,.,0.141481859,0.80151315
ENSG00000232973,CYP1B1-AS1,0.141553635,0.80151315
ENSG00000239857,GET4,0.14155396,0.80151315
ENSG00000100280,AP1B1,0.141599461,0.80151315
ENSG00000109501,WFS1,0.141738968,0.80151315
ENSG00000198646,NCOA6,0.141928194,0.80151315
ENSG00000084070,SMAP2,0.141937494,0.80151315
ENSG00000113205,PCDHB3,0.141943874,0.80151315
ENSG00000033122,LRRC7,0.142009484,0.80151315
ENSG00000150433,TMEM218,0.142049905,0.80151315
ENSG00000100359,SGSM3,0.142116245,0.80151315
ENSG00000138801,PAPSS1,0.142128921,0.80151315
ENSG00000073536,NLE1,0.14213323,0.80151315
ENSG00000090020,SLC9A1,0.142138501,0.80151315
ENSG00000162636,FAM102B,0.142157442,0.80151315
ENSG00000110330,BIRC2,0.142215764,0.80151315
ENSG00000156787,WDR67,0.14225636,0.80151315
ENSG00000100324,TAB1,0.142264558,0.80151315
ENSG00000231611,.,0.142379348,0.801661888
ENSG00000166004,KIAA1731,0.142388585,0.801661888
ENSG00000168778,TCTN2,0.142550093,0.802296153
ENSG00000135917,SLC19A3,0.142614851,0.802385648
ENSG00000103404,USP31,0.142781168,0.802966674
ENSG00000157617,C2CD2,0.142815908,0.802966674
ENSG00000251405,.,0.143083972,0.804198517
ENSG00000164346,NSA2,0.143144465,0.804263271
ENSG00000166275,C10orf32,0.14330693,0.804900722
ENSG00000171877,FRMD5,0.143661261,0.806495445
ENSG00000204186,ZDBF2,0.143736361,0.806495445
ENSG00000055044,NOP58,0.143747998,0.806495445
ENSG00000102271,KLHL4,0.14378729,0.806495445
ENSG00000130770,ATPIF1,0.143951717,0.806530843
ENSG00000185532,PRKG1,0.143981564,0.806530843
ENSG00000142396,ERVK3-1,0.144007798,0.806530843
ENSG00000159202,UBE2Z,0.144018499,0.806530843
ENSG00000169093,ASMTL,0.144085512,0.806530843
ENSG00000155636,RBM45,0.144090103,0.806530843
ENSG00000005175,RPAP3,0.144147423,0.806530843
ENSG00000107816,LZTS2,0.14418648,0.806530843
ENSG00000237438,CECR7,0.144315616,0.806978334
ENSG00000100353,EIF3D,0.144429659,0.807149018
ENSG00000100241,SBF1,0.144444435,0.807149018
ENSG00000185236,RAB11B,0.144538168,0.807398072
ENSG00000138757,G3BP2,0.144700175,0.807652825
ENSG00000168280,KIF5C,0.144702265,0.807652825
ENSG00000086102,NFX1,0.144731308,0.807652825
ENSG00000116688,MFN2,0.144787453,0.807691691
ENSG00000100479,POLE2,0.144974553,0.808460811
ENSG00000048540,LMO3,0.14509792,0.808874114
ENSG00000103037,SETD6,0.145204351,0.809085126
ENSG00000167925,GHDC,0.145282353,0.809085126
ENSG00000166105,GLB1L3,0.145299793,0.809085126
ENSG00000154553,PDLIM3,0.145360507,0.809085126
ENSG00000123358,NR4A1,0.145437042,0.809085126
ENSG00000120159,CAAP1,0.145597917,0.809085126
ENSG00000267058,.,0.145671838,0.809085126
ENSG00000212747,FAM127C,0.145695205,0.809085126
ENSG00000136014,USP44,0.145747842,0.809085126
ENSG00000112305,SMAP1,0.145760061,0.809085126
ENSG00000171163,ZNF692,0.145770306,0.809085126
ENSG00000269293,.,0.146131888,0.809085126
ENSG00000212694,.,0.146167039,0.809085126
ENSG00000186326,RGS9BP,0.146184003,0.809085126
ENSG00000176422,SPRYD4,0.146194452,0.809085126
ENSG00000263198,.,0.146270664,0.809085126
ENSG00000108924,HLF,0.146292271,0.809085126
ENSG00000116237,ICMT,0.146293106,0.809085126
ENSG00000185272,RBM11,0.146317454,0.809085126
ENSG00000258655,ARHGAP5-AS1,0.146344476,0.809085126
ENSG00000061936,SFSWAP,0.146399204,0.809085126
ENSG00000188878,FBF1,0.146461198,0.809085126
ENSG00000154237,LRRK1,0.14647115,0.809085126
ENSG00000188573,FBLL1,0.146532921,0.809085126
ENSG00000170632,ARMC10,0.14663106,0.809085126
ENSG00000144848,ATG3,0.146683471,0.809085126
ENSG00000189369,GSPT2,0.14672742,0.809085126
ENSG00000093183,SEC22C,0.146779575,0.809085126
ENSG00000110871,COQ5,0.146793478,0.809085126
ENSG00000235121,.,0.146896976,0.809085126
ENSG00000164542,KIAA0895,0.146918728,0.809085126
ENSG00000173214,KIAA1919,0.14692122,0.809085126
ENSG00000139899,CBLN3,0.146921806,0.809085126
ENSG00000260936,FTO-IT1,0.146927479,0.809085126
ENSG00000141002,TCF25,0.146942997,0.809085126
ENSG00000197037,ZNF498,0.147012594,0.809085126
ENSG00000095951,HIVEP1,0.147025558,0.809085126
ENSG00000066135,KDM4A,0.147082076,0.809085126
ENSG00000172732,MUS81,0.147099903,0.809085126
ENSG00000083457,ITGAE,0.147221793,0.809085126
ENSG00000140612,SEC11A,0.14724225,0.809085126
ENSG00000197860,SGTB,0.147319126,0.809085126
ENSG00000181744,C3orf58,0.147326661,0.809085126
ENSG00000242220,TCP10L,0.147454364,0.809085126
ENSG00000155052,CNTNAP5,0.147486477,0.809085126
ENSG00000158286,RNF207,0.147619739,0.809085126
ENSG00000140931,CMTM3,0.147620568,0.809085126
ENSG00000223865,HLA-DPB1,0.147702816,0.809085126
ENSG00000264443,.,0.14774217,0.809085126
ENSG00000148399,WDR85,0.147775083,0.809085126
ENSG00000234161,PABPC5-AS1,0.147781148,0.809085126
ENSG00000164106,SCRG1,0.147890706,0.809085126
ENSG00000109680,TBC1D19,0.147922063,0.809085126
ENSG00000184009,ACTG1,0.148008263,0.809085126
ENSG00000154429,CCSAP,0.148049892,0.809085126
ENSG00000165388,ZNF488,0.148051779,0.809085126
ENSG00000110395,CBL,0.148244012,0.809085126
ENSG00000153162,BMP6,0.148269246,0.809085126
ENSG00000164543,STK17A,0.14829227,0.809085126
ENSG00000165643,SOHLH1,0.148310267,0.809085126
ENSG00000151229,SLC2A13,0.148372342,0.809085126
ENSG00000113575,PPP2CA,0.148386111,0.809085126
ENSG00000050438,SLC4A8,0.148414348,0.809085126
ENSG00000164270,HTR4,0.148422329,0.809085126
ENSG00000183833,MAATS1,0.148427317,0.809085126
ENSG00000157429,ZNF19,0.148443609,0.809085126
ENSG00000168542,COL3A1,0.148452983,0.809085126
ENSG00000113262,GRM6,0.148485817,0.809085126
ENSG00000169062,UPF3A,0.14858762,0.809371302
ENSG00000115183,TANC1,0.148684143,0.809628539
ENSG00000149418,ST14,0.148917271,0.810255507
ENSG00000111786,SRSF9,0.148932181,0.810255507
ENSG00000204301,NOTCH4,0.148966608,0.810255507
ENSG00000181626,ANKRD62,0.149064084,0.810255507
ENSG00000128463,EMC4,0.14906681,0.810255507
ENSG00000026036,RTEL1-TNFRSF6B,0.149107946,0.810255507
ENSG00000162997,PRORSD1P,0.149167486,0.810255507
ENSG00000174226,SNX31,0.149239575,0.810255507
ENSG00000102302,FGD1,0.149254977,0.810255507
ENSG00000246082,.,0.149338037,0.810255507
ENSG00000070190,DAPP1,0.149341985,0.810255507
ENSG00000227184,EPPK1,0.149506647,0.810722716
ENSG00000134007,ADAM20,0.149573602,0.810722716
ENSG00000007372,PAX6,0.149620994,0.810722716
ENSG00000257279,.,0.149625559,0.810722716
ENSG00000150636,CCDC102B,0.149739304,0.81074765
ENSG00000109917,ZNF259,0.149743135,0.81074765
ENSG00000234369,.,0.14979879,0.81074765
ENSG00000010278,CD9,0.149827627,0.81074765
ENSG00000141127,PRPSAP2,0.150108426,0.811748126
ENSG00000172508,CARNS1,0.150177338,0.811748126
ENSG00000172046,USP19,0.150216111,0.811748126
ENSG00000186591,UBE2H,0.150216426,0.811748126
ENSG00000182325,FBXL6,0.150318605,0.811748126
ENSG00000035928,RFC1,0.150357179,0.811748126
ENSG00000112425,EPM2A,0.150358509,0.811748126
ENSG00000183762,KREMEN1,0.150444664,0.811911555
ENSG00000261423,.,0.150537911,0.811911555
ENSG00000166262,FAM227B,0.150687945,0.811911555
ENSG00000232274,.,0.150693477,0.811911555
ENSG00000164187,LMBRD2,0.150709507,0.811911555
ENSG00000177058,SLC38A9,0.150768902,0.811911555
ENSG00000181773,GPR3,0.150775719,0.811911555
ENSG00000074660,SCARF1,0.150784281,0.811911555
ENSG00000157216,SSBP3,0.150867741,0.812094696
ENSG00000230453,ANKRD18B,0.150921924,0.81212017
ENSG00000184068,.,0.151075614,0.81240677
ENSG00000065183,WDR3,0.151118781,0.81240677
ENSG00000108852,MPP2,0.151123588,0.81240677
ENSG00000120254,MTHFD1L,0.151224039,0.812425857
ENSG00000157800,SLC37A3,0.151244937,0.812425857
ENSG00000171310,CHST11,0.151275545,0.812425857
ENSG00000123268,ATF1,0.151444898,0.81285529
ENSG00000166482,MFAP4,0.151507317,0.81285529
ENSG00000151773,CCDC122,0.151519478,0.81285529
ENSG00000261829,.,0.151553486,0.81285529
ENSG00000183018,SPNS2,0.151791059,0.813863717
ENSG00000221829,FANCG,0.151994828,0.814137958
ENSG00000070087,PFN2,0.152048145,0.814137958
ENSG00000157150,TIMP4,0.152060804,0.814137958
ENSG00000116670,MAD2L2,0.152148414,0.814137958
ENSG00000118523,CTGF,0.152173047,0.814137958
ENSG00000196482,ESRRG,0.152174837,0.814137958
ENSG00000264546,.,0.152244831,0.814137958
ENSG00000260296,.,0.152310192,0.814137958
ENSG00000143498,TAF1A,0.152345901,0.814137958
ENSG00000184083,FAM120C,0.152406004,0.814137958
ENSG00000166016,ABTB2,0.152425616,0.814137958
ENSG00000134323,MYCN,0.152437083,0.814137958
ENSG00000183020,AP2A2,0.152571004,0.814345763
ENSG00000062524,LTK,0.152575164,0.814345763
ENSG00000257680,.,0.152808165,0.815100133
ENSG00000198039,ZNF273,0.15286244,0.815100133
ENSG00000101447,FAM83D,0.152877458,0.815100133
ENSG00000160710,ADAR,0.152915313,0.815100133
ENSG00000237172,B3GNT9,0.15296466,0.815100133
ENSG00000186275,NBPF12,0.153147964,0.815567501
ENSG00000134864,GGACT,0.153208547,0.815567501
ENSG00000186350,RXRA,0.153209594,0.815567501
ENSG00000160953,MUM1,0.153251008,0.815567501
ENSG00000237094,.,0.153371378,0.815863344
ENSG00000188987,HIST1H4D,0.153439567,0.815863344
ENSG00000189077,TMEM120A,0.153455634,0.815863344
ENSG00000141741,MIEN1,0.153631214,0.816532501
ENSG00000151575,TEX9,0.153907687,0.817507904
ENSG00000205758,CRYZL1,0.153914293,0.817507904
ENSG00000180071,ANKRD18A,0.154043031,0.817682244
ENSG00000147804,SLC39A4,0.154094444,0.817682244
ENSG00000181826,RELL1,0.154131114,0.817682244
ENSG00000139211,AMIGO2,0.154155412,0.817682244
ENSG00000196405,EVL,0.154243608,0.817682244
ENSG00000248098,BCKDHA,0.154246515,0.817682244
ENSG00000168314,MOBP,0.154321616,0.817682244
ENSG00000108786,HSD17B1,0.154400289,0.817682244
ENSG00000132773,TOE1,0.15440689,0.817682244
ENSG00000100918,REC8,0.154462196,0.817682244
ENSG00000140521,POLG,0.154494794,0.817682244
ENSG00000188641,DPYD,0.154548714,0.817704101
ENSG00000173786,CNP,0.154603229,0.817729094
ENSG00000112096,SOD2,0.154744857,0.818214675
ENSG00000144867,SRPRB,0.154920349,0.81879903
ENSG00000177542,SLC25A22,0.154955087,0.81879903
ENSG00000119681,LTBP2,0.155089728,0.819046884
ENSG00000180537,RNF182,0.155110933,0.819046884
ENSG00000155926,SLA,0.155186849,0.819046884
ENSG00000232433,.,0.155245356,0.819046884
ENSG00000162409,PRKAA2,0.155266092,0.819046884
ENSG00000140265,ZSCAN29,0.155301224,0.819046884
ENSG00000122674,CCZ1,0.15558553,0.820282878
ENSG00000084092,NOA1,0.155683079,0.820533765
ENSG00000116273,PHF13,0.155737964,0.820559697
ENSG00000224078,SNHG14,0.155868335,0.820983215
ENSG00000001084,GCLC,0.156023479,0.82099739
ENSG00000169918,OTUD7A,0.156076676,0.82099739
ENSG00000132286,FXC1,0.156165753,0.82099739
ENSG00000125912,NCLN,0.156167109,0.82099739
ENSG00000119950,MXI1,0.15626471,0.82099739
ENSG00000125247,TMTC4,0.156283416,0.82099739
ENSG00000136141,LRCH1,0.156284051,0.82099739
ENSG00000236295,.,0.156329651,0.82099739
ENSG00000100068,LRP5L,0.156352936,0.82099739
ENSG00000143183,TMCO1,0.156395459,0.82099739
ENSG00000008853,RHOBTB2,0.156509644,0.82099739
ENSG00000180929,GPR62,0.156529626,0.82099739
ENSG00000169371,SNUPN,0.15663871,0.82099739
ENSG00000142686,C1orf216,0.156691002,0.82099739
ENSG00000165156,ZHX1,0.156746382,0.82099739
ENSG00000189171,S100A13,0.156769704,0.82099739
ENSG00000117054,ACADM,0.156778476,0.82099739
ENSG00000123983,ACSL3,0.156896775,0.82099739
ENSG00000157191,NECAP2,0.156919516,0.82099739
ENSG00000139874,SSTR1,0.156956077,0.82099739
ENSG00000233932,CTXN2,0.157009124,0.82099739
ENSG00000184224,C11orf72,0.157020215,0.82099739
ENSG00000076685,NT5C2,0.157058273,0.82099739
ENSG00000239455,.,0.157070803,0.82099739
ENSG00000070061,IKBKAP,0.157185505,0.821335522
ENSG00000235833,.,0.157271015,0.821520954
ENSG00000234913,.,0.15738107,0.82156752
ENSG00000102924,CBLN1,0.157389868,0.82156752
ENSG00000120008,WDR11,0.157442646,0.82156752
ENSG00000142556,ZNF614,0.157480031,0.82156752
ENSG00000132341,RAN,0.157849544,0.82188739
ENSG00000101210,EEF1A2,0.157892843,0.82188739
ENSG00000039068,CDH1,0.157913473,0.82188739
ENSG00000152413,HOMER1,0.157992981,0.82188739
ENSG00000162419,GMEB1,0.15807168,0.82188739
ENSG00000130222,GADD45G,0.158074382,0.82188739
ENSG00000101052,IFT52,0.158218551,0.82188739
ENSG00000253882,.,0.158242984,0.82188739
ENSG00000112335,SNX3,0.158243675,0.82188739
ENSG00000170836,PPM1D,0.158339574,0.82188739
ENSG00000148248,SURF4,0.158426595,0.82188739
ENSG00000237877,.,0.158506632,0.82188739
ENSG00000153802,TMPRSS11D,0.158568429,0.82188739
ENSG00000180667,YOD1,0.158630618,0.82188739
ENSG00000249484,.,0.158640872,0.82188739
ENSG00000065057,NTHL1,0.15869013,0.82188739
ENSG00000226688,.,0.158770905,0.82188739
ENSG00000227500,SCAMP4,0.158807087,0.82188739
ENSG00000065600,TMEM206,0.158817742,0.82188739
ENSG00000092820,EZR,0.158858226,0.82188739
ENSG00000010704,HFE,0.158867262,0.82188739
ENSG00000151135,C12orf23,0.158887774,0.82188739
ENSG00000171813,PWWP2B,0.158904729,0.82188739
ENSG00000168538,TRAPPC11,0.158953218,0.82188739
ENSG00000010610,CD4,0.159015873,0.82188739
ENSG00000111224,PARP11,0.159088467,0.82188739
ENSG00000130224,LRCH2,0.15915033,0.82188739
ENSG00000072849,DERL2,0.159182842,0.82188739
ENSG00000034693,PEX3,0.159213046,0.82188739
ENSG00000230658,KLHL7-AS1,0.159216399,0.82188739
ENSG00000084754,HADHA,0.15922581,0.82188739
ENSG00000188801,ZNF322P1,0.159259683,0.82188739
ENSG00000063169,GLTSCR1,0.159284849,0.82188739
ENSG00000066427,ATXN3,0.159309347,0.82188739
ENSG00000050165,DKK3,0.159340149,0.82188739
ENSG00000099960,SLC7A4,0.15942597,0.82188739
ENSG00000100564,PIGH,0.159469509,0.82188739
ENSG00000141219,C17orf80,0.159477419,0.82188739
ENSG00000117593,DARS2,0.159511727,0.82188739
ENSG00000177879,AP3S1,0.159557672,0.82188739
ENSG00000152475,ZNF837,0.159593186,0.82188739
ENSG00000101544,ADNP2,0.159798195,0.822453402
ENSG00000105171,POP4,0.159850968,0.822453402
ENSG00000130177,CDC16,0.159921171,0.822453402
ENSG00000066468,FGFR2,0.15994847,0.822453402
ENSG00000111237,VPS29,0.15995349,0.822453402
ENSG00000148516,ZEB1,0.160006439,0.822468151
ENSG00000103199,ZNF500,0.160143202,0.822913581
ENSG00000188636,LDOC1L,0.160345938,0.823439224
ENSG00000198804,MT-CO1,0.160365063,0.823439224
ENSG00000149269,PAK1,0.160408336,0.823439224
ENSG00000100979,PLTP,0.160482619,0.823439224
ENSG00000163468,CCT3,0.160501357,0.823439224
ENSG00000101745,ANKRD12,0.160546331,0.823439224
ENSG00000160584,SIK3,0.160698973,0.823964794
ENSG00000102878,HSF4,0.160789865,0.824173516
ENSG00000058056,USP13,0.16094839,0.824728674
ENSG00000136379,FAM108C1,0.161174132,0.825459769
ENSG00000099725,PRKY,0.16119159,0.825459769
ENSG00000089199,CHGB,0.161380603,0.826034925
ENSG00000160172,FAM86C2P,0.161444386,0.826034925
ENSG00000125510,OPRL1,0.161454796,0.826034925
ENSG00000152700,SAR1B,0.161534602,0.826185851
ENSG00000139679,LPAR6,0.161779326,0.82639918
ENSG00000162517,PEF1,0.161810395,0.82639918
ENSG00000093167,LRRFIP2,0.161832381,0.82639918
ENSG00000104689,TNFRSF10A,0.161905211,0.82639918
ENSG00000079841,RIMS1,0.161979378,0.82639918
ENSG00000183530,PRR14L,0.1620258,0.82639918
ENSG00000127419,TMEM175,0.16211564,0.82639918
ENSG00000134107,BHLHE40,0.162140851,0.82639918
ENSG00000127804,METTL16,0.162149683,0.82639918
ENSG00000142230,SAE1,0.162191501,0.82639918
ENSG00000259886,.,0.162193007,0.82639918
ENSG00000119820,YIPF4,0.162247649,0.82639918
ENSG00000055483,USP36,0.162297954,0.82639918
ENSG00000106665,CLIP2,0.16236335,0.82639918
ENSG00000262119,.,0.162446275,0.82639918
ENSG00000177283,FZD8,0.16246599,0.82639918
ENSG00000152056,AP1S3,0.162653437,0.82639918
ENSG00000125454,SLC25A19,0.162765944,0.82639918
ENSG00000260034,.,0.162773474,0.82639918
ENSG00000132323,ILKAP,0.162823323,0.82639918
ENSG00000205808,PPAPDC2,0.162850336,0.82639918
ENSG00000109920,FNBP4,0.162862858,0.82639918
ENSG00000174547,MRPL11,0.162892251,0.82639918
ENSG00000175166,PSMD2,0.162903706,0.82639918
ENSG00000226167,AP4B1-AS1,0.162925823,0.82639918
ENSG00000185031,.,0.162963959,0.82639918
ENSG00000000971,CFH,0.163022359,0.82639918
ENSG00000175155,YPEL2,0.163090814,0.82639918
ENSG00000067225,PKM,0.163136747,0.82639918
ENSG00000189283,FHIT,0.163165229,0.82639918
ENSG00000104866,PPP1R37,0.163234141,0.82639918
ENSG00000162694,EXTL2,0.163308665,0.82639918
ENSG00000179409,GEMIN4,0.163321993,0.82639918
ENSG00000225017,.,0.163332549,0.82639918
ENSG00000175497,DPP10,0.16334359,0.82639918
ENSG00000112701,SENP6,0.163387818,0.82639918
ENSG00000228434,.,0.163496747,0.826451635
ENSG00000227921,.,0.163546052,0.826451635
ENSG00000164934,DCAF13,0.163557311,0.826451635
ENSG00000232112,TMA7,0.16359948,0.826451635
ENSG00000258702,.,0.163700631,0.826708323
ENSG00000072274,TFRC,0.16382135,0.827063645
ENSG00000167889,MGAT5B,0.16395302,0.827123711
ENSG00000175826,CTDNEP1,0.1639651,0.827123711
ENSG00000073008,PVR,0.164014826,0.827123711
ENSG00000133103,COG6,0.164046814,0.827123711
ENSG00000267690,.,0.164103895,0.827123711
ENSG00000112837,TBX18,0.16413543,0.827123711
ENSG00000130707,ASS1,0.164430784,0.82811685
ENSG00000111321,LTBR,0.164433359,0.82811685
ENSG00000156958,GALK2,0.164538622,0.828392947
ENSG00000160014,CALM3,0.164666693,0.828514558
ENSG00000186281,GPAT2,0.164735699,0.828514558
ENSG00000119973,PRLHR,0.164759508,0.828514558
ENSG00000116809,ZBTB17,0.164775664,0.828514558
ENSG00000103528,SYT17,0.164815019,0.828514558
ENSG00000104679,R3HCC1,0.164933186,0.828854869
ENSG00000233705,SLC26A4-AS1,0.165053717,0.82920685
ENSG00000100941,PNN,0.165222242,0.829727159
ENSG00000134871,COL4A2,0.165258329,0.829727159
ENSG00000164073,MFSD8,0.165540675,0.830504885
ENSG00000095713,CRTAC1,0.165544947,0.830504885
ENSG00000164048,ZNF589,0.165564939,0.830504885
ENSG00000214783,POLR2J4,0.16574912,0.831045224
ENSG00000113100,CDH9,0.165773863,0.831045224
ENSG00000103472,RRN3P2,0.165908188,0.831359554
ENSG00000198865,CCDC152,0.165937808,0.831359554
ENSG00000158987,RAPGEF6,0.165995039,0.83139266
ENSG00000114204,SERPINI2,0.166162922,0.831979778
ENSG00000087086,FTL,0.166228945,0.832056678
ENSG00000151572,ANO4,0.166352047,0.83227998
ENSG00000137414,FAM8A1,0.166412345,0.83227998
ENSG00000215039,CD27-AS1,0.166426833,0.83227998
ENSG00000148834,GSTO1,0.166476608,0.83227998
ENSG00000171497,PPID,0.166526945,0.83227998
ENSG00000169180,XPO6,0.166609572,0.832439613
ENSG00000101972,STAG2,0.166728106,0.832467271
ENSG00000181264,TMEM136,0.166751863,0.832467271
ENSG00000103994,ZFP106,0.166802882,0.832467271
ENSG00000015475,BID,0.166817864,0.832467271
ENSG00000205581,HMGN1,0.166926021,0.832588858
ENSG00000173281,PPP1R3B,0.167007814,0.832588858
ENSG00000256973,.,0.167116287,0.832588858
ENSG00000163257,DCAF16,0.167171436,0.832588858
ENSG00000179909,ZNF154,0.167209976,0.832588858
ENSG00000261740,.,0.167215781,0.832588858
ENSG00000100644,HIF1A,0.167241382,0.832588858
ENSG00000136068,FLNB,0.167305678,0.832588858
ENSG00000160062,ZBTB8A,0.167346758,0.832588858
ENSG00000173020,ADRBK1,0.167395136,0.832588858
ENSG00000091592,NLRP1,0.167417232,0.832588858
ENSG00000141646,SMAD4,0.167450587,0.832588858
ENSG00000110934,BIN2,0.167510799,0.832636156
ENSG00000134020,PEBP4,0.167594009,0.832797702
ENSG00000180672,.,0.167694777,0.832808555
ENSG00000228624,.,0.167709533,0.832808555
ENSG00000168298,HIST1H1E,0.167778878,0.832808555
ENSG00000245149,.,0.167818575,0.832808555
ENSG00000102471,NDFIP2,0.167874641,0.832808555
ENSG00000196961,AP2A1,0.167971512,0.832808555
ENSG00000237732,.,0.168021854,0.832808555
ENSG00000067596,DHX8,0.16803821,0.832808555
ENSG00000235092,.,0.168052582,0.832808555
ENSG00000149089,APIP,0.168174562,0.832983891
ENSG00000175175,PPM1E,0.168189404,0.832983891
ENSG00000151445,VIPAS39,0.168269051,0.83312711
ENSG00000114841,DNAH1,0.168356081,0.833187799
ENSG00000073009,IKBKG,0.168382775,0.833187799
ENSG00000140829,DHX38,0.168643617,0.833923846
ENSG00000198734,F5,0.168680991,0.833923846
ENSG00000100442,FKBP3,0.168683859,0.833923846
ENSG00000173207,CKS1B,0.168772788,0.834112399
ENSG00000163166,IWS1,0.169106177,0.835202001
ENSG00000083635,NUFIP1,0.169165563,0.835202001
ENSG00000246596,.,0.169167205,0.835202001
ENSG00000172476,RAB40A,0.169265157,0.835202001
ENSG00000177971,IMP3,0.169274508,0.835202001
ENSG00000186329,TMEM212,0.169478329,0.835202001
ENSG00000173852,DPY19L1,0.169649096,0.835202001
ENSG00000115289,PCGF1,0.169660648,0.835202001
ENSG00000183281,PLGLB1,0.169666649,0.835202001
ENSG00000111799,COL12A1,0.169691898,0.835202001
ENSG00000236914,.,0.169702755,0.835202001
ENSG00000159110,IFNAR2,0.16972553,0.835202001
ENSG00000106605,BLVRA,0.169749728,0.835202001
ENSG00000166974,MAPRE2,0.169770371,0.835202001
ENSG00000124226,RNF114,0.169776287,0.835202001
ENSG00000115137,DNAJC27,0.16983128,0.835202001
ENSG00000159314,ARHGAP27,0.169857802,0.835202001
ENSG00000005249,PRKAR2B,0.170020417,0.835530442
ENSG00000223704,.,0.17013353,0.835530442
ENSG00000117632,STMN1,0.170135851,0.835530442
ENSG00000101596,SMCHD1,0.170173492,0.835530442
ENSG00000233836,.,0.170178976,0.835530442
ENSG00000114279,FGF12,0.170256792,0.835611593
ENSG00000198624,CCDC69,0.170297266,0.835611593
ENSG00000156860,FBRS,0.170364147,0.835620371
ENSG00000064205,WISP2,0.170437557,0.835620371
ENSG00000164885,CDK5,0.170466699,0.835620371
ENSG00000066651,TRMT11,0.170624382,0.835620371
ENSG00000196774,ANKRD20A1,0.170639811,0.835620371
ENSG00000170248,PDCD6IP,0.170653537,0.835620371
ENSG00000248713,.,0.170692652,0.835620371
ENSG00000104221,BRF2,0.170713905,0.835620371
ENSG00000225194,LINC00092,0.170823026,0.835620371
ENSG00000143344,RGL1,0.170991349,0.835620371
ENSG00000160993,ALKBH4,0.171227764,0.835620371
ENSG00000149201,CCDC81,0.171270456,0.835620371
ENSG00000067082,KLF6,0.171366819,0.835620371
ENSG00000197375,SLC22A5,0.171422459,0.835620371
ENSG00000123473,STIL,0.171498255,0.835620371
ENSG00000116754,SRSF11,0.171508071,0.835620371
ENSG00000064703,DDX20,0.171600419,0.835620371
ENSG00000232755,IKBKAP-IT1,0.171600533,0.835620371
ENSG00000161980,POLR3K,0.171634261,0.835620371
ENSG00000130159,ECSIT,0.171693218,0.835620371
ENSG00000143641,GALNT2,0.171718286,0.835620371
ENSG00000137764,MAP2K5,0.171744875,0.835620371
ENSG00000196704,AMZ2,0.171748291,0.835620371
ENSG00000162396,PARS2,0.171798482,0.835620371
ENSG00000197283,SYNGAP1,0.171813924,0.835620371
ENSG00000126803,HSPA2,0.171834748,0.835620371
ENSG00000267053,.,0.171878048,0.835620371
ENSG00000068903,SIRT2,0.171879505,0.835620371
ENSG00000148541,FAM13C,0.171933333,0.835620371
ENSG00000072182,ASIC4,0.171959967,0.835620371
ENSG00000142039,CCDC97,0.172061345,0.835620371
ENSG00000137507,LRRC32,0.172064191,0.835620371
ENSG00000101199,ARFGAP1,0.172094799,0.835620371
ENSG00000253485,PCDHGA5,0.172095132,0.835620371
ENSG00000122386,ZNF205,0.172126647,0.835620371
ENSG00000147872,PLIN2,0.172215454,0.835620371
ENSG00000167962,ZNF598,0.172228773,0.835620371
ENSG00000160752,FDPS,0.172232537,0.835620371
ENSG00000128191,DGCR8,0.172346057,0.835763621
ENSG00000188681,TEKT4P2,0.172367524,0.835763621
ENSG00000255112,CHMP1B,0.172481396,0.835763621
ENSG00000163605,PPP4R2,0.172488842,0.835763621
ENSG00000182827,ACBD3,0.172538041,0.835763621
ENSG00000171530,TBCA,0.172567402,0.835763621
ENSG00000077097,TOP2B,0.172621127,0.835777348
ENSG00000104723,TUSC3,0.172712845,0.835974966
ENSG00000114735,HEMK1,0.172786412,0.836084633
ENSG00000093072,CECR1,0.17285058,0.836100712
ENSG00000152763,WDR78,0.172894286,0.836100712
ENSG00000142669,SH3BGRL3,0.172942466,0.836100712
ENSG00000183569,SERHL2,0.173107794,0.836653706
ENSG00000106351,AGFG2,0.173213853,0.83692001
ENSG00000239407,.,0.173299516,0.837087634
ENSG00000119397,CNTRL,0.173419539,0.837421079
ENSG00000073921,PICALM,0.173681419,0.838439138
ENSG00000165733,BMS1,0.173783379,0.83865391
ENSG00000011021,CLCN6,0.173828041,0.83865391
ENSG00000197322,C17orf102,0.173908768,0.838703441
ENSG00000154114,TBCEL,0.173940445,0.838703441
ENSG00000145041,VPRBP,0.174039266,0.838733235
ENSG00000163462,TRIM46,0.174076036,0.838733235
ENSG00000148187,MRRF,0.174099835,0.838733235
ENSG00000104497,SNX16,0.174154936,0.838752644
ENSG00000147789,ZNF7,0.174374778,0.839565224
ENSG00000250257,LDHAL6DP,0.174490362,0.83962954
ENSG00000264247,.,0.174520659,0.83962954
ENSG00000090565,RAB11FIP3,0.174541512,0.83962954
ENSG00000101350,KIF3B,0.1746686,0.839700131
ENSG00000204120,GIGYF2,0.174711201,0.839700131
ENSG00000121864,ZNF639,0.174749407,0.839700131
ENSG00000103512,NOMO1,0.174760704,0.839700131
ENSG00000122986,HVCN1,0.174895584,0.840092465
ENSG00000160299,PCNT,0.175063101,0.840092465
ENSG00000136848,DAB2IP,0.1750988,0.840092465
ENSG00000157954,WIPI2,0.175101228,0.840092465
ENSG00000115255,REEP6,0.175262229,0.840092465
ENSG00000144476,CXCR7,0.175273152,0.840092465
ENSG00000099795,NDUFB7,0.175300712,0.840092465
ENSG00000086289,EPDR1,0.175346956,0.840092465
ENSG00000256982,.,0.175371025,0.840092465
ENSG00000102743,SLC25A15,0.175382752,0.840092465
ENSG00000168228,ZCCHC4,0.175405046,0.840092465
ENSG00000160310,PRMT2,0.175710411,0.841262331
ENSG00000165689,SDCCAG3,0.175751754,0.841262331
ENSG00000239467,.,0.175951544,0.841626642
ENSG00000198718,FAM179B,0.175956743,0.841626642
ENSG00000176946,THAP4,0.176023033,0.841626642
ENSG00000127399,LRRC61,0.176072188,0.841626642
ENSG00000203814,HIST2H2BF,0.176264439,0.841626642
ENSG00000171246,NPTX1,0.176318146,0.841626642
ENSG00000150687,PRSS23,0.176451755,0.841626642
ENSG00000115310,RTN4,0.176531963,0.841626642
ENSG00000166582,CENPV,0.176586559,0.841626642
ENSG00000231672,DIRC3,0.176598258,0.841626642
ENSG00000165629,ATP5C1,0.176640063,0.841626642
ENSG00000231721,.,0.176653357,0.841626642
ENSG00000170919,TPT1-AS1,0.176692608,0.841626642
ENSG00000119906,FAM178A,0.176714684,0.841626642
ENSG00000186395,KRT10,0.176721646,0.841626642
ENSG00000130997,POLN,0.176736185,0.841626642
ENSG00000155760,FZD7,0.176801568,0.841626642
ENSG00000032219,ARID4A,0.176848329,0.841626642
ENSG00000169925,BRD3,0.176871394,0.841626642
ENSG00000084207,GSTP1,0.176902562,0.841626642
ENSG00000170275,CRTAP,0.176947769,0.841626642
ENSG00000133606,MKRN1,0.176955294,0.841626642
ENSG00000167680,SEMA6B,0.177094436,0.842044564
ENSG00000213178,.,0.177271846,0.842139197
ENSG00000110811,LEPREL2,0.177314575,0.842139197
ENSG00000168014,C2CD3,0.177329358,0.842139197
ENSG00000179673,RPRML,0.177336727,0.842139197
ENSG00000241945,PWP2,0.177370729,0.842139197
ENSG00000116096,SPR,0.177471267,0.842251383
ENSG00000088812,ATRN,0.177496927,0.842251383
ENSG00000182899,RPL35A,0.177555388,0.842285426
ENSG00000226314,ZNF192P1,0.177656302,0.842379031
ENSG00000167699,GLOD4,0.17770759,0.842379031
ENSG00000259291,.,0.177728999,0.842379031
ENSG00000154274,C4orf19,0.177817807,0.842382393
ENSG00000105722,ERF,0.177832294,0.842382393
ENSG00000106066,CPVL,0.17796654,0.842555762
ENSG00000254429,.,0.177987877,0.842555762
ENSG00000187240,DYNC2H1,0.178022803,0.842555762
ENSG00000101439,CST3,0.178104683,0.842613638
ENSG00000176728,TTTY14,0.178137646,0.842613638
ENSG00000100418,DESI1,0.178216797,0.842745307
ENSG00000269399,.,0.178277938,0.84279176
ENSG00000079739,PGM1,0.178385281,0.842926317
ENSG00000196387,ZNF140,0.178448073,0.842926317
ENSG00000118242,MREG,0.178460379,0.842926317
ENSG00000137936,BCAR3,0.17854504,0.843083726
ENSG00000170113,NIPA1,0.178816871,0.844124597
ENSG00000109738,GLRB,0.179046545,0.84496592
ENSG00000231074,HCG18,0.179245609,0.845087314
ENSG00000133065,SLC41A1,0.179350644,0.845087314
ENSG00000124160,NCOA5,0.179363246,0.845087314
ENSG00000169413,RNASE6,0.179460336,0.845087314
ENSG00000163689,C3orf67,0.179491645,0.845087314
ENSG00000163788,SNRK,0.179515604,0.845087314
ENSG00000235501,.,0.17952119,0.845087314
ENSG00000204843,DCTN1,0.179542782,0.845087314
ENSG00000118804,STBD1,0.179570298,0.845087314
ENSG00000224822,THRB-IT1,0.179714622,0.845087314
ENSG00000229816,DDX50P1,0.179754056,0.845087314
ENSG00000115107,STEAP3,0.17976151,0.845087314
ENSG00000165416,SUGT1,0.179810327,0.845087314
ENSG00000078401,EDN1,0.179828751,0.845087314
ENSG00000114374,USP9Y,0.179844131,0.845087314
ENSG00000103365,GGA2,0.179972898,0.845213339
ENSG00000256223,ZNF10,0.179973881,0.845213339
ENSG00000227888,FAM66A,0.18014221,0.845762011
ENSG00000264364,.,0.180273745,0.846053969
ENSG00000010244,ZNF207,0.180307428,0.846053969
ENSG00000261355,.,0.180422353,0.846351413
ENSG00000149218,ENDOD1,0.180641885,0.847139255
ENSG00000134809,TIMM10,0.18071131,0.847222909
ENSG00000166938,DIS3L,0.180813992,0.847462383
ENSG00000124380,SNRNP27,0.180993642,0.847834607
ENSG00000255310,.,0.180996659,0.847834607
ENSG00000151779,NBAS,0.181205688,0.848352858
ENSG00000237406,NDUFA9P1,0.181210609,0.848352858
ENSG00000006634,DBF4,0.18135264,0.848648856
ENSG00000179933,C14orf119,0.181407363,0.848648856
ENSG00000102468,HTR2A,0.181429191,0.848648856
ENSG00000100478,AP4S1,0.181521653,0.848648856
ENSG00000110048,OSBP,0.181581735,0.848648856
ENSG00000150625,GPM6A,0.18161789,0.848648856
ENSG00000181234,TMEM132C,0.181635555,0.848648856
ENSG00000151967,SCHIP1,0.181745328,0.84882466
ENSG00000242593,.,0.181776553,0.84882466
ENSG00000188467,SLC24A5,0.181869294,0.849016323
ENSG00000164683,HEY1,0.182016294,0.849461095
ENSG00000151474,FRMD4A,0.182283236,0.850087219
ENSG00000133773,CCDC59,0.18238464,0.850087219
ENSG00000171757,LRRC34,0.182421157,0.850087219
ENSG00000105967,TFEC,0.18252762,0.850087219
ENSG00000206344,HCG27,0.182659668,0.850087219
ENSG00000172888,ZNF621,0.18273039,0.850087219
ENSG00000261051,.,0.182741234,0.850087219
ENSG00000032444,PNPLA6,0.182766904,0.850087219
ENSG00000167766,ZNF83,0.182780917,0.850087219
ENSG00000234773,.,0.182855444,0.850087219
ENSG00000168826,ZBTB49,0.182872898,0.850087219
ENSG00000111642,CHD4,0.1828793,0.850087219
ENSG00000174718,KIAA1551,0.182973733,0.850087219
ENSG00000147459,DOCK5,0.183024682,0.850087219
ENSG00000145241,CENPC1,0.183076588,0.850087219
ENSG00000136631,VPS45,0.183132665,0.850087219
ENSG00000162929,KIAA1841,0.183285395,0.850087219
ENSG00000221978,CCNL2,0.183290017,0.850087219
ENSG00000180257,ZNF816,0.183298643,0.850087219
ENSG00000144635,DYNC1LI1,0.183425689,0.850087219
ENSG00000139083,ETV6,0.183479468,0.850087219
ENSG00000108094,CUL2,0.183512391,0.850087219
ENSG00000150787,PTS,0.183518522,0.850087219
ENSG00000076258,FMO4,0.183545901,0.850087219
ENSG00000128512,DOCK4,0.183579492,0.850087219
ENSG00000146216,TTBK1,0.183584845,0.850087219
ENSG00000268549,.,0.18360838,0.850087219
ENSG00000196247,ZNF107,0.183647315,0.850087219
ENSG00000186222,BLOC1S4,0.183651553,0.850087219
ENSG00000260878,.,0.183807797,0.850570708
ENSG00000110427,KIAA1549L,0.183882955,0.850678811
ENSG00000174948,GPR149,0.183950799,0.850753021
ENSG00000183935,HTR7P1,0.184084101,0.850933882
ENSG00000155252,PI4K2A,0.184093532,0.850933882
ENSG00000255302,EID1,0.184254755,0.851136676
ENSG00000266962,.,0.18427533,0.851136676
ENSG00000160799,CCDC12,0.184359879,0.851136676
ENSG00000169231,THBS3,0.18442594,0.851136676
ENSG00000176058,TPRN,0.184436011,0.851136676
ENSG00000140948,ZCCHC14,0.184547983,0.851136676
ENSG00000134882,UBAC2,0.184566829,0.851136676
ENSG00000101204,CHRNA4,0.184646594,0.851136676
ENSG00000196504,PRPF40A,0.184715059,0.851136676
ENSG00000126653,NSRP1,0.184729492,0.851136676
ENSG00000116455,WDR77,0.184765553,0.851136676
ENSG00000036054,TBC1D23,0.184812696,0.851136676
ENSG00000115808,STRN,0.184897311,0.851136676
ENSG00000186479,RGS7BP,0.184906252,0.851136676
ENSG00000110328,GALNTL4,0.184914794,0.851136676
ENSG00000103742,IGDCC4,0.185050991,0.851262414
ENSG00000221890,NPTXR,0.185094509,0.851262414
ENSG00000189212,DPY19L2P1,0.185097612,0.851262414
ENSG00000122034,GTF3A,0.185277831,0.851415674
ENSG00000237187,.,0.185334908,0.851415674
ENSG00000204065,TCEAL5,0.185360122,0.851415674
ENSG00000132153,DHX30,0.185363418,0.851415674
ENSG00000124191,TOX2,0.185390151,0.851415674
ENSG00000142534,RPS11,0.185484955,0.851494633
ENSG00000246375,.,0.185555534,0.851494633
ENSG00000223385,COX10-AS1,0.185562887,0.851494633
ENSG00000173638,SLC19A1,0.185645518,0.851635851
ENSG00000101150,TPD52L2,0.18574744,0.85186546
ENSG00000227165,WDR11-AS1,0.185810183,0.851915309
ENSG00000162595,DIRAS3,0.185891748,0.852020877
ENSG00000154146,NRGN,0.185936968,0.852020877
ENSG00000213865,C8orf44,0.186216818,0.852216435
ENSG00000147408,CSGALNACT1,0.186246414,0.852216435
ENSG00000260244,.,0.186282804,0.852216435
ENSG00000166997,CNPY4,0.186322949,0.852216435
ENSG00000100376,FAM118A,0.186361172,0.852216435
ENSG00000167395,ZNF646,0.18656099,0.852216435
ENSG00000009709,PAX7,0.18657971,0.852216435
ENSG00000111669,TPI1,0.186615823,0.852216435
ENSG00000087095,NLK,0.186737328,0.852216435
ENSG00000087586,AURKA,0.186737753,0.852216435
ENSG00000135241,PNPLA8,0.186770166,0.852216435
ENSG00000127663,KDM4B,0.186818476,0.852216435
ENSG00000075413,MARK3,0.186839028,0.852216435
ENSG00000129990,SYT5,0.186853361,0.852216435
ENSG00000167323,STIM1,0.186887291,0.852216435
ENSG00000141446,ESCO1,0.186910267,0.852216435
ENSG00000242485,MRPL20,0.187005266,0.852216435
ENSG00000242028,HYPK,0.187027322,0.852216435
ENSG00000180626,ZNF594,0.187214133,0.852216435
ENSG00000100991,TRPC4AP,0.187265567,0.852216435
ENSG00000132109,TRIM21,0.187272542,0.852216435
ENSG00000205517,RGL3,0.187349612,0.852216435
ENSG00000183604,.,0.187393263,0.852216435
ENSG00000113460,BRIX1,0.187401989,0.852216435
ENSG00000239382,ALKBH6,0.187425668,0.852216435
ENSG00000124813,RUNX2,0.187471414,0.852216435
ENSG00000236841,.,0.187510682,0.852216435
ENSG00000236064,.,0.187582737,0.852216435
ENSG00000126602,TRAP1,0.187592157,0.852216435
ENSG00000132382,MYBBP1A,0.187598384,0.852216435
ENSG00000238795,SCARNA12,0.187622905,0.852216435
ENSG00000204644,ZFP57,0.18767512,0.852216435
ENSG00000108352,RAPGEFL1,0.187755394,0.852216435
ENSG00000173088,C10orf131,0.187755859,0.852216435
ENSG00000178028,DMAP1,0.187795852,0.852216435
ENSG00000137959,IFI44L,0.187998186,0.852898953
ENSG00000228653,.,0.188053847,0.852915862
ENSG00000169991,IFFO2,0.188265298,0.853291799
ENSG00000261422,.,0.188351261,0.853291799
ENSG00000231607,DLEU2,0.188405166,0.853291799
ENSG00000136271,DDX56,0.188411045,0.853291799
ENSG00000166037,CEP57,0.188437854,0.853291799
ENSG00000124588,NQO2,0.188478767,0.853291799
ENSG00000256383,.,0.188500435,0.853291799
ENSG00000163655,GMPS,0.188724787,0.853724927
ENSG00000158156,XKR8,0.188725079,0.853724927
ENSG00000197385,ZNF860,0.188785104,0.853724927
ENSG00000179455,MKRN3,0.188926566,0.853724927
ENSG00000133997,MED6,0.189015568,0.853724927
ENSG00000018408,WWTR1,0.189082861,0.853724927
ENSG00000170579,DLGAP1,0.189088314,0.853724927
ENSG00000164484,TMEM200A,0.189100564,0.853724927
ENSG00000204387,C6orf48,0.189179843,0.853724927
ENSG00000126947,ARMCX1,0.18923809,0.853724927
ENSG00000183444,.,0.189247153,0.853724927
ENSG00000242950,ERVW-1,0.189304142,0.853724927
ENSG00000124151,NCOA3,0.189359722,0.853724927
ENSG00000125354,SEPT6,0.189373123,0.853724927
ENSG00000170860,LSM3,0.18937587,0.853724927
ENSG00000119866,BCL11A,0.189505698,0.853862454
ENSG00000129007,CALML4,0.18951036,0.853862454
ENSG00000122126,OCRL,0.18957774,0.853931767
ENSG00000141556,TBCD,0.189632967,0.853946318
ENSG00000014216,CAPN1,0.189865597,0.854759513
ENSG00000146386,ABRACL,0.190075841,0.855458406
ENSG00000067715,SYT1,0.190125019,0.855458406
ENSG00000130226,DPP6,0.190198636,0.855555244
ENSG00000149273,RPS3,0.190281731,0.855694653
ENSG00000186994,KANK3,0.190444947,0.856099006
ENSG00000198707,CEP290,0.190475904,0.856099006
ENSG00000250616,.,0.190580904,0.856219474
ENSG00000165195,PIGA,0.190606978,0.856219474
ENSG00000188986,COBRA1,0.190707386,0.856436261
ENSG00000197557,TTC30A,0.190896786,0.857052466
ENSG00000186283,TOR3A,0.190985755,0.85721756
ENSG00000143110,C1orf162,0.191062711,0.857316958
ENSG00000075651,PLD1,0.191219676,0.857316958
ENSG00000080371,RAB21,0.191247147,0.857316958
ENSG00000146648,EGFR,0.191280011,0.857316958
ENSG00000130787,HIP1R,0.191420347,0.857316958
ENSG00000213020,ZNF611,0.191571875,0.857316958
ENSG00000140090,SLC24A4,0.191575455,0.857316958
ENSG00000143702,CEP170,0.191827545,0.857316958
ENSG00000169718,DUS1L,0.191869291,0.857316958
ENSG00000080822,CLDND1,0.192004097,0.857316958
ENSG00000129680,MAP7D3,0.192040757,0.857316958
ENSG00000267194,.,0.192206651,0.857316958
ENSG00000153165,RGPD3,0.192240153,0.857316958
ENSG00000259726,.,0.192267662,0.857316958
ENSG00000268059,.,0.192321933,0.857316958
ENSG00000140416,TPM1,0.192359253,0.857316958
ENSG00000089486,CDIP1,0.192371754,0.857316958
ENSG00000172965,.,0.192375194,0.857316958
ENSG00000112039,FANCE,0.192375758,0.857316958
ENSG00000116183,PAPPA2,0.192388786,0.857316958
ENSG00000104059,FAM189A1,0.192441376,0.857316958
ENSG00000253457,.,0.19244686,0.857316958
ENSG00000099901,RANBP1,0.192517561,0.857316958
ENSG00000111737,RAB35,0.192531766,0.857316958
ENSG00000129518,EAPP,0.19256335,0.857316958
ENSG00000155368,DBI,0.192577326,0.857316958
ENSG00000128699,ORMDL1,0.192587525,0.857316958
ENSG00000224675,.,0.192607276,0.857316958
ENSG00000176595,KBTBD11,0.192607781,0.857316958
ENSG00000075568,TMEM131,0.192624023,0.857316958
ENSG00000138698,RAP1GDS1,0.192649901,0.857316958
ENSG00000169682,SPNS1,0.192678371,0.857316958
ENSG00000265666,.,0.192891648,0.857869654
ENSG00000100523,DDHD1,0.192907059,0.857869654
ENSG00000213891,RPL3P6,0.193011711,0.857903203
ENSG00000174579,MSL2,0.193030269,0.857903203
ENSG00000135144,DTX1,0.193089628,0.857903203
ENSG00000196227,FAM217B,0.193166969,0.857903203
ENSG00000158373,HIST1H2BD,0.193175793,0.857903203
ENSG00000126767,ELK1,0.193264007,0.857970313
ENSG00000169071,ROR2,0.193295388,0.857970313
ENSG00000224531,C6orf228,0.193409317,0.858244048
ENSG00000127124,HIVEP3,0.193546218,0.85842584
ENSG00000146963,LUC7L2,0.193554825,0.85842584
ENSG00000123384,LRP1,0.193658331,0.858653014
ENSG00000158815,FGF17,0.193798364,0.859041977
ENSG00000172716,SLFN11,0.193981637,0.859183798
ENSG00000239213,.,0.194000398,0.859183798
ENSG00000145293,ENOPH1,0.194099012,0.859183798
ENSG00000241288,.,0.19413037,0.859183798
ENSG00000128595,CALU,0.194165836,0.859183798
ENSG00000126267,COX6B1,0.194201102,0.859183798
ENSG00000219626,FAM228B,0.194309945,0.859183798
ENSG00000145495,MARCH6,0.194323637,0.859183798
ENSG00000100997,ABHD12,0.194437468,0.859183798
ENSG00000198890,PRMT6,0.194525635,0.859183798
ENSG00000225190,PLEKHM1,0.194570467,0.859183798
ENSG00000138587,MNS1,0.194572921,0.859183798
ENSG00000213699,C2orf18,0.194629481,0.859183798
ENSG00000175416,CLTB,0.194633008,0.859183798
ENSG00000183513,COA5,0.194685683,0.859183798
ENSG00000160194,NDUFV3,0.194690379,0.859183798
ENSG00000122585,NPY,0.194763315,0.859183798
ENSG00000137463,MGARP,0.194880252,0.859183798
ENSG00000167601,AXL,0.194894513,0.859183798
ENSG00000135404,CD63,0.194896383,0.859183798
ENSG00000103089,FA2H,0.194928992,0.859183798
ENSG00000186162,CIDECP,0.195065308,0.859553943
ENSG00000186469,GNG2,0.195165702,0.859657502
ENSG00000104427,ZC2HC1A,0.195193498,0.859657502
ENSG00000111679,PTPN6,0.195325678,0.859886148
ENSG00000198366,HIST1H3A,0.195350132,0.859886148
ENSG00000205707,LYRM5,0.195650254,0.859966831
ENSG00000118308,LRMP,0.195699715,0.859966831
ENSG00000076706,MCAM,0.195725372,0.859966831
ENSG00000251400,ALDH7A1P1,0.19573057,0.859966831
ENSG00000158411,MITD1,0.19573352,0.859966831
ENSG00000134247,PTGFRN,0.195817186,0.859966831
ENSG00000157837,SPPL3,0.195847356,0.859966831
ENSG00000268912,.,0.195882808,0.859966831
ENSG00000232018,.,0.195889761,0.859966831
ENSG00000142166,IFNAR1,0.195892097,0.859966831
ENSG00000108960,MMD,0.195997372,0.859998072
ENSG00000029993,HMGB3,0.19604611,0.859998072
ENSG00000136936,XPA,0.196157244,0.859998072
ENSG00000142892,PIGK,0.196172077,0.859998072
ENSG00000127472,PLA2G5,0.196223435,0.859998072
ENSG00000124302,CHST8,0.196252501,0.859998072
ENSG00000112406,HECA,0.196265772,0.859998072
ENSG00000144741,SLC25A26,0.196354583,0.860157727
ENSG00000094880,CDC23,0.196417409,0.860203494
ENSG00000259431,THTPA,0.196885751,0.860761226
ENSG00000092054,MYH7,0.196900546,0.860761226
ENSG00000156345,CDK20,0.196919428,0.860761226
ENSG00000197653,DNAH10,0.196977246,0.860761226
ENSG00000175768,TOMM5,0.19698274,0.860761226
ENSG00000243244,STON1,0.197004298,0.860761226
ENSG00000161638,ITGA5,0.197075321,0.860761226
ENSG00000004864,SLC25A13,0.197100084,0.860761226
ENSG00000184226,PCDH9,0.197108113,0.860761226
ENSG00000246089,.,0.197109082,0.860761226
ENSG00000082516,GEMIN5,0.197121292,0.860761226
ENSG00000178053,MLF1,0.197284911,0.861246703
ENSG00000063180,CA11,0.197388022,0.861330021
ENSG00000196923,PDLIM7,0.197448051,0.861330021
ENSG00000165434,PGM2L1,0.197461337,0.861330021
ENSG00000083454,P2RX5,0.197563754,0.861482543
ENSG00000130830,MPP1,0.197601214,0.861482543
ENSG00000185130,HIST1H2BL,0.197758933,0.861941335
ENSG00000106153,CHCHD2,0.197925562,0.862204666
ENSG00000157184,CPT2,0.197958429,0.862204666
ENSG00000138115,CYP2C8,0.197976849,0.862204666
ENSG00000106052,TAX1BP1,0.198138249,0.862556022
ENSG00000185475,TMEM179B,0.198211481,0.862556022
ENSG00000204682,C10orf114,0.198228025,0.862556022
ENSG00000203987,.,0.198269792,0.862556022
ENSG00000147679,UTP23,0.198344438,0.862556022
ENSG00000173011,TADA2B,0.198372654,0.862556022
ENSG00000081148,IMPG2,0.198482761,0.862594506
ENSG00000261770,.,0.198526755,0.862594506
ENSG00000251669,FAM86EP,0.198539075,0.862594506
ENSG00000113231,PDE8B,0.198733813,0.862707774
ENSG00000268220,.,0.198748353,0.862707774
ENSG00000062282,DGAT2,0.19874924,0.862707774
ENSG00000143319,ISG20L2,0.198812084,0.862707774
ENSG00000168356,SCN11A,0.198863078,0.862707774
ENSG00000225706,.,0.198880328,0.862707774
ENSG00000177556,ATOX1,0.199006907,0.862852168
ENSG00000117616,C1orf63,0.199018694,0.862852168
ENSG00000254539,.,0.199198623,0.863107844
ENSG00000140326,CDAN1,0.199317513,0.863107844
ENSG00000130751,NPAS1,0.199333262,0.863107844
ENSG00000204380,.,0.199381714,0.863107844
ENSG00000130985,UBA1,0.199436337,0.863107844
ENSG00000109171,SLAIN2,0.19950232,0.863107844
ENSG00000092036,HAUS4,0.199529911,0.863107844
ENSG00000120318,ARAP3,0.199549284,0.863107844
ENSG00000108684,ASIC2,0.19955066,0.863107844
ENSG00000250312,ZNF718,0.199618365,0.863173358
ENSG00000221843,C2orf16,0.199749851,0.863272855
ENSG00000125968,ID1,0.19983848,0.863272855
ENSG00000198841,KTI12,0.199854587,0.863272855
ENSG00000167977,KCTD5,0.199897494,0.863272855
ENSG00000196542,SPTSSB,0.199904199,0.863272855
ENSG00000067221,STOML1,0.199977261,0.863361345
ENSG00000089693,MLF2,0.200080462,0.863579876
ENSG00000198752,CDC42BPB,0.200253986,0.863966833
ENSG00000177700,POLR2L,0.200338875,0.863966833
ENSG00000114054,PCCB,0.200369219,0.863966833
ENSG00000269699,ZIM2,0.200380544,0.863966833
ENSG00000152034,MCHR2,0.200644685,0.864247254
ENSG00000165029,ABCA1,0.200779847,0.864247254
ENSG00000171657,GPR82,0.200806128,0.864247254
ENSG00000142178,SIK1,0.200842799,0.864247254
ENSG00000102109,PCSK1N,0.20088956,0.864247254
ENSG00000122481,RWDD3,0.200903898,0.864247254
ENSG00000242539,.,0.200911118,0.864247254
ENSG00000232224,LINC00202,0.200912374,0.864247254
ENSG00000189275,.,0.2009192,0.864247254
ENSG00000164743,C8orf48,0.20101582,0.864412362
ENSG00000133393,FOPNL,0.201102584,0.864412362
ENSG00000013619,MAMLD1,0.201115487,0.864412362
ENSG00000227028,SLC8A1-AS1,0.201250856,0.864652772
ENSG00000146950,SHROOM2,0.201276718,0.864652772
ENSG00000239389,PCDHA13,0.201437561,0.865117434
ENSG00000149743,TRPT1,0.201624231,0.865446609
ENSG00000131153,GINS2,0.201649497,0.865446609
ENSG00000117569,PTBP2,0.201672299,0.865446609
ENSG00000197771,MCMBP,0.20179826,0.865612585
ENSG00000144224,UBXN4,0.201816391,0.865612585
ENSG00000148219,ASTN2,0.201936967,0.865751249
ENSG00000136930,PSMB7,0.201954152,0.865751249
ENSG00000128524,ATP6V1F,0.202066471,0.866006695
ENSG00000144339,TMEFF2,0.202234641,0.866155605
ENSG00000137494,ANKRD42,0.20223648,0.866155605
ENSG00000148429,USP6NL,0.202259438,0.866155605
ENSG00000229321,.,0.20249359,0.866775604
ENSG00000177301,KCNA2,0.202509772,0.866775604
ENSG00000183647,ZNF530,0.202594431,0.866912024
ENSG00000178222,RNF212,0.203175239,0.868798364
ENSG00000113396,SLC27A6,0.203188579,0.868798364
ENSG00000267481,.,0.203199577,0.868798364
ENSG00000100034,PPM1F,0.203274211,0.868798364
ENSG00000236017,ASMTL-AS1,0.203299769,0.868798364
ENSG00000107362,FAM108B1,0.203355648,0.868811085
ENSG00000133619,KRBA1,0.203496248,0.869185666
ENSG00000171858,RPS21,0.203644145,0.869247029
ENSG00000066185,ZMYND12,0.203673418,0.869247029
ENSG00000164418,GRIK2,0.203718631,0.869247029
ENSG00000101247,NDUFAF5,0.203808909,0.869247029
ENSG00000131069,ACSS2,0.203912572,0.869247029
ENSG00000197704,FRMPD2P1,0.203925521,0.869247029
ENSG00000175573,C11orf68,0.203956566,0.869247029
ENSG00000197324,LRP10,0.203973515,0.869247029
ENSG00000114120,SLC25A36,0.203986973,0.869247029
ENSG00000168411,RFWD3,0.204231233,0.869539422
ENSG00000155592,ZKSCAN2,0.204232836,0.869539422
ENSG00000187097,ENTPD5,0.204252156,0.869539422
ENSG00000105974,CAV1,0.204267374,0.869539422
ENSG00000102921,N4BP1,0.204407593,0.869638256
ENSG00000121361,KCNJ8,0.204423228,0.869638256
ENSG00000161920,MED11,0.204472496,0.869638256
ENSG00000153147,SMARCA5,0.204564015,0.869638256
ENSG00000057468,MSH4,0.204595928,0.869638256
ENSG00000122378,FAM213A,0.204608307,0.869638256
ENSG00000162599,NFIA,0.204777159,0.86982187
ENSG00000256576,.,0.204796362,0.86982187
ENSG00000116791,CRYZ,0.204858466,0.86982187
ENSG00000155367,PPM1J,0.204911341,0.86982187
ENSG00000152804,HHEX,0.205166089,0.86982187
ENSG00000198556,ZNF789,0.205203104,0.86982187
ENSG00000213139,CRYGS,0.20522747,0.86982187
ENSG00000187699,C2orf88,0.205295382,0.86982187
ENSG00000162511,LAPTM5,0.205303256,0.86982187
ENSG00000165175,MID1IP1,0.205383894,0.86982187
ENSG00000123130,ACOT9,0.205396022,0.86982187
ENSG00000171408,PDE7B,0.205448803,0.86982187
ENSG00000157181,C1orf27,0.205534496,0.86982187
ENSG00000143748,NVL,0.20556562,0.86982187
ENSG00000119508,NR4A3,0.205694895,0.86982187
ENSG00000137038,C9orf123,0.205703358,0.86982187
ENSG00000173915,USMG5,0.205735209,0.86982187
ENSG00000132879,FBXO44,0.205828172,0.86982187
ENSG00000176619,LMNB2,0.205870219,0.86982187
ENSG00000241316,.,0.205877363,0.86982187
ENSG00000215915,ATAD3C,0.205921267,0.86982187
ENSG00000099365,STX1B,0.205935304,0.86982187
ENSG00000259345,.,0.205975532,0.86982187
ENSG00000185624,P4HB,0.205976804,0.86982187
ENSG00000263426,.,0.206023277,0.86982187
ENSG00000163961,RNF168,0.206103644,0.86982187
ENSG00000104894,CD37,0.206113926,0.86982187
ENSG00000130818,ZNF426,0.206134489,0.86982187
ENSG00000138030,KHK,0.206490652,0.871100943
ENSG00000004799,PDK4,0.206567856,0.871202848
ENSG00000163638,ADAMTS9,0.206754439,0.871229554
ENSG00000024862,CCDC28A,0.206780875,0.871229554
ENSG00000101203,COL20A1,0.206787182,0.871229554
ENSG00000177234,C10orf85,0.206836861,0.871229554
ENSG00000155330,C16orf87,0.206870432,0.871229554
ENSG00000112584,FAM120B,0.206892484,0.871229554
ENSG00000105993,DNAJB6,0.207037942,0.871335565
ENSG00000254656,RTL1,0.207126601,0.871335565
ENSG00000196507,TCEAL3,0.207145396,0.871335565
ENSG00000188818,ZDHHC11,0.207168648,0.871335565
ENSG00000237505,.,0.207182937,0.871335565
ENSG00000112667,C6orf108,0.207356569,0.871631101
ENSG00000151136,BTBD11,0.207380791,0.871631101
ENSG00000106025,TSPAN12,0.207478209,0.871631101
ENSG00000160877,NACC1,0.207488317,0.871631101
ENSG00000148680,HTR7,0.20756732,0.871631101
ENSG00000239264,TXNDC5,0.207571652,0.871631101
ENSG00000105499,PLA2G4C,0.207716353,0.871923018
ENSG00000215769,.,0.207747352,0.871923018
ENSG00000123416,TUBA1B,0.207823239,0.872018666
ENSG00000173113,TRMT112,0.208019103,0.872282561
ENSG00000104946,TBC1D17,0.208023316,0.872282561
ENSG00000181195,PENK,0.208045472,0.872282561
ENSG00000175267,VWA3A,0.208121465,0.872378465
ENSG00000196597,ZNF782,0.208281483,0.872774522
ENSG00000011258,MBTD1,0.208322239,0.872774522
ENSG00000243658,MTND5P16,0.208389641,0.872834246
ENSG00000183060,LYSMD4,0.208459016,0.872902196
ENSG00000101096,NFATC2,0.208626711,0.873221952
ENSG00000205364,MT1M,0.208641718,0.873221952
ENSG00000260941,LINC00622,0.208910714,0.87412501
ENSG00000148400,NOTCH1,0.208976896,0.874179207
ENSG00000162885,B3GALNT2,0.20908174,0.874395062
ENSG00000072315,TRPC5,0.20921728,0.874739153
ENSG00000158106,RHPN1,0.209290309,0.874802419
ENSG00000105982,RNF32,0.209338946,0.874802419
ENSG00000162852,CNST,0.209500734,0.874915954
ENSG00000075035,WSCD2,0.209579928,0.874915954
ENSG00000105404,RABAC1,0.209589712,0.874915954
ENSG00000114796,KLHL24,0.209642512,0.874915954
ENSG00000148288,GBGT1,0.209670324,0.874915954
ENSG00000185627,PSMD13,0.209685757,0.874915954
ENSG00000123349,PFDN5,0.209951923,0.87580402
ENSG00000065491,TBC1D22B,0.210035682,0.87593093
ENSG00000115286,NDUFS7,0.210092889,0.87594707
ENSG00000143374,TARS2,0.210294222,0.876365845
ENSG00000141428,C18orf21,0.210300055,0.876365845
ENSG00000184307,ZDHHC23,0.210598287,0.877386016
ENSG00000102387,TAF7L,0.210670521,0.877464359
ENSG00000168348,INSM2,0.210914565,0.878199979
ENSG00000239922,.,0.210954084,0.878199979
ENSG00000176476,CCDC101,0.211050731,0.878379664
ENSG00000071859,FAM50A,0.211350975,0.879406401
ENSG00000180370,PAK2,0.211441002,0.879435983
ENSG00000243902,.,0.211465183,0.879435983
ENSG00000105364,MRPL4,0.21153551,0.879505742
ENSG00000171885,AQP4,0.211781673,0.880306355
ENSG00000080709,KCNN2,0.211950887,0.880669207
ENSG00000240859,.,0.212024574,0.880669207
ENSG00000120539,MASTL,0.212064828,0.880669207
ENSG00000108788,MLX,0.212133412,0.880669207
ENSG00000120438,TCP1,0.212180355,0.880669207
ENSG00000180953,ST20,0.212307169,0.880669207
ENSG00000235253,.,0.21235064,0.880669207
ENSG00000132031,MATN3,0.21237173,0.880669207
ENSG00000198822,GRM3,0.212398506,0.880669207
ENSG00000103671,TRIP4,0.212453101,0.880669207
ENSG00000115042,FAHD2A,0.212458832,0.880669207
ENSG00000122584,NXPH1,0.212528573,0.880689393
ENSG00000178904,DPY19L3,0.212570953,0.880689393
ENSG00000101407,TTI1,0.212797852,0.881211944
ENSG00000161526,SAP30BP,0.212804394,0.881211944
ENSG00000253352,TUG1,0.212980375,0.881718349
ENSG00000163346,PBXIP1,0.213046937,0.881771635
ENSG00000260923,.,0.213182073,0.881927786
ENSG00000146834,MEPCE,0.213192067,0.881927786
ENSG00000175183,CSRP2,0.213250929,0.881949132
ENSG00000142627,EPHA2,0.213331643,0.88206082
ENSG00000172819,RARG,0.213507359,0.882358462
ENSG00000005075,POLR2J,0.213511084,0.882358462
ENSG00000182022,CHST15,0.213652208,0.882511341
ENSG00000256981,TAS2R18,0.21372966,0.882511341
ENSG00000187068,C3orf70,0.213788858,0.882511341
ENSG00000165985,C1QL3,0.213862893,0.882511341
ENSG00000136235,GPNMB,0.213870681,0.882511341
ENSG00000137267,TUBB2A,0.21394428,0.882511341
ENSG00000223501,VPS52,0.214062516,0.882511341
ENSG00000102935,ZNF423,0.214071701,0.882511341
ENSG00000176390,CRLF3,0.214074415,0.882511341
ENSG00000006695,COX10,0.214220159,0.882511341
ENSG00000179520,SLC17A8,0.214266696,0.882511341
ENSG00000088205,DDX18,0.214276253,0.882511341
ENSG00000169230,PRELID1,0.214312223,0.882511341
ENSG00000112419,PHACTR2,0.214318481,0.882511341
ENSG00000119125,GDA,0.214354122,0.882511341
ENSG00000119509,INVS,0.214447389,0.882634509
ENSG00000241878,PISD,0.214491526,0.882634509
ENSG00000184160,ADRA2C,0.214639817,0.883023474
ENSG00000129467,ADCY4,0.214882208,0.883696481
ENSG00000267136,.,0.214911024,0.883696481
ENSG00000245532,NEAT1,0.215001317,0.883846464
ENSG00000135063,FAM189A2,0.215116948,0.883957009
ENSG00000158483,FAM86C1,0.215215347,0.883957009
ENSG00000122643,NT5C3,0.215272715,0.883957009
ENSG00000170091,.,0.215334878,0.883957009
ENSG00000113734,BNIP1,0.21539969,0.883957009
ENSG00000153930,ANKFN1,0.215431249,0.883957009
ENSG00000103257,SLC7A5,0.215546609,0.883957009
ENSG00000177106,EPS8L2,0.215561787,0.883957009
ENSG00000170606,HSPA4,0.215640933,0.883957009
ENSG00000112902,SEMA5A,0.215657359,0.883957009
ENSG00000250988,.,0.21567098,0.883957009
ENSG00000139173,TMEM117,0.215674099,0.883957009
ENSG00000169752,NRG4,0.215734121,0.883982402
ENSG00000169592,INO80E,0.215873052,0.884331039
ENSG00000116544,DLGAP3,0.216080714,0.884858253
ENSG00000173230,GOLGB1,0.216141035,0.884858253
ENSG00000250092,.,0.216209759,0.884858253
ENSG00000143740,SNAP47,0.216344579,0.884858253
ENSG00000204920,ZNF155,0.216390703,0.884858253
ENSG00000176222,ZNF404,0.216404291,0.884858253
ENSG00000261737,.,0.216412048,0.884858253
ENSG00000105989,WNT2,0.216432784,0.884858253
ENSG00000164244,PRRC1,0.216687321,0.884902609
ENSG00000046647,GEMIN8,0.216687514,0.884902609
ENSG00000147677,EIF3H,0.216757475,0.884902609
ENSG00000111729,CLEC4A,0.216776421,0.884902609
ENSG00000130988,RGN,0.216778234,0.884902609
ENSG00000261179,.,0.216796086,0.884902609
ENSG00000126950,TMEM35,0.216874248,0.884902609
ENSG00000107954,NEURL,0.216899671,0.884902609
ENSG00000176809,LRRC37A3,0.21692857,0.884902609
ENSG00000262155,.,0.217325933,0.886303403
ENSG00000082258,CCNT2,0.217430346,0.886348228
ENSG00000133275,CSNK1G2,0.217493721,0.886348228
ENSG00000170846,.,0.217498834,0.886348228
ENSG00000154639,CXADR,0.217654282,0.886656206
ENSG00000170417,TMEM182,0.217682386,0.886656206
ENSG00000164086,DUSP7,0.217853704,0.88704649
ENSG00000233087,.,0.217886229,0.88704649
ENSG00000235989,MORC2-AS1,0.218046052,0.887477153
ENSG00000214309,MBLAC1,0.218245832,0.887754537
ENSG00000119888,EPCAM,0.21827085,0.887754537
ENSG00000171241,SHCBP1,0.218391817,0.887754537
ENSG00000165449,SLC16A9,0.218396768,0.887754537
ENSG00000236287,ZBED5,0.218432709,0.887754537
ENSG00000267632,.,0.218482103,0.887754537
ENSG00000173334,TRIB1,0.218543661,0.887754537
ENSG00000105197,TIMM50,0.21860452,0.887754537
ENSG00000261819,.,0.218624313,0.887754537
ENSG00000169733,RFNG,0.218739753,0.887754537
ENSG00000143155,TIPRL,0.218781614,0.887754537
ENSG00000122085,MTERFD2,0.21881054,0.887754537
ENSG00000122033,MTIF3,0.218844805,0.887754537
ENSG00000107201,DDX58,0.218870981,0.887754537
ENSG00000146109,ABT1,0.21926008,0.887754537
ENSG00000136444,RSAD1,0.219296878,0.887754537
ENSG00000148335,NTMT1,0.219337416,0.887754537
ENSG00000169860,P2RY1,0.219351695,0.887754537
ENSG00000107560,RAB11FIP2,0.219352844,0.887754537
ENSG00000170779,CDCA4,0.219490955,0.887754537
ENSG00000105655,ISYNA1,0.219570143,0.887754537
ENSG00000183208,GDPGP1,0.219588588,0.887754537
ENSG00000160360,GPSM1,0.219614532,0.887754537
ENSG00000103494,RPGRIP1L,0.219625184,0.887754537
ENSG00000204282,.,0.219664057,0.887754537
ENSG00000228363,.,0.219695325,0.887754537
ENSG00000168329,CX3CR1,0.219716126,0.887754537
ENSG00000185379,RAD51D,0.219769772,0.887754537
ENSG00000198053,SIRPA,0.219772127,0.887754537
ENSG00000171443,ZNF524,0.219781554,0.887754537
ENSG00000079263,SP140,0.219789926,0.887754537
ENSG00000101337,TM9SF4,0.219867114,0.887847951
ENSG00000242629,.,0.220139763,0.888138511
ENSG00000055208,TAB2,0.220149505,0.888138511
ENSG00000048471,SNX29,0.220162314,0.888138511
ENSG00000115459,ELMOD3,0.220301532,0.888138511
ENSG00000136754,ABI1,0.220323167,0.888138511
ENSG00000174501,ANKRD36C,0.220337228,0.888138511
ENSG00000170289,CNGB3,0.220369193,0.888138511
ENSG00000108107,RPL28,0.220482288,0.888138511
ENSG00000143376,SNX27,0.220535349,0.888138511
ENSG00000139352,ASCL1,0.220746923,0.888138511
ENSG00000214491,SEC14L6,0.220766679,0.888138511
ENSG00000223770,MIR1255B1,0.220819709,0.888138511
ENSG00000177576,C18orf32,0.22084947,0.888138511
ENSG00000122547,EEPD1,0.22086681,0.888138511
ENSG00000068323,TFE3,0.220883305,0.888138511
ENSG00000267106,.,0.220930669,0.888138511
ENSG00000175575,PAAF1,0.220992057,0.888138511
ENSG00000113141,IK,0.22100822,0.888138511
ENSG00000157404,KIT,0.221016309,0.888138511
ENSG00000162702,ZNF281,0.221267668,0.888138511
ENSG00000147119,CHST7,0.221285912,0.888138511
ENSG00000122515,ZMIZ2,0.221309154,0.888138511
ENSG00000120925,RNF170,0.221356563,0.888138511
ENSG00000267216,.,0.221401116,0.888138511
ENSG00000117691,NENF,0.221479997,0.888138511
ENSG00000125741,OPA3,0.221501465,0.888138511
ENSG00000248100,.,0.221508921,0.888138511
ENSG00000152291,TGOLN2,0.221597606,0.888138511
ENSG00000265478,.,0.221664733,0.888138511
ENSG00000151576,QTRTD1,0.221676297,0.888138511
ENSG00000249471,ZNF324B,0.221752446,0.888138511
ENSG00000137252,HCRTR2,0.221807672,0.888138511
ENSG00000167522,ANKRD11,0.221849001,0.888138511
ENSG00000110931,CAMKK2,0.221874052,0.888138511
ENSG00000168944,CEP120,0.221882867,0.888138511
ENSG00000135245,HILPDA,0.221885911,0.888138511
ENSG00000186369,LINC00643,0.221968666,0.888253265
ENSG00000180198,RCC1,0.222197707,0.888953215
ENSG00000180287,PLD5,0.222252464,0.888955728
ENSG00000103544,C16orf62,0.222359129,0.889016387
ENSG00000248343,.,0.222415305,0.889016387
ENSG00000181240,SLC25A41,0.222469165,0.889016387
ENSG00000221926,TRIM16,0.222484159,0.889016387
ENSG00000162706,CADM3,0.222725181,0.889697872
ENSG00000164684,ZNF704,0.222763055,0.889697872
ENSG00000117114,LPHN2,0.222835348,0.889770223
ENSG00000257061,.,0.223068853,0.89048609
ENSG00000151151,IPMK,0.223216185,0.890729948
ENSG00000102362,SYTL4,0.223238414,0.890729948
ENSG00000253406,.,0.223639635,0.892033031
ENSG00000114026,OGG1,0.22367363,0.892033031
ENSG00000171943,SRGAP2C,0.223869149,0.892095445
ENSG00000031081,ARHGAP31,0.223884911,0.892095445
ENSG00000130347,RTN4IP1,0.223974698,0.892095445
ENSG00000172379,ARNT2,0.224004382,0.892095445
ENSG00000101191,DIDO1,0.224026911,0.892095445
ENSG00000198668,CALM1,0.224250777,0.892095445
ENSG00000248309,.,0.224382179,0.892095445
ENSG00000197930,ERO1L,0.224484397,0.892095445
ENSG00000173110,HSPA6,0.224513094,0.892095445
ENSG00000152268,SPON1,0.22452025,0.892095445
ENSG00000253915,MAPRE1P1,0.224543829,0.892095445
ENSG00000154764,WNT7A,0.224607333,0.892095445
ENSG00000178761,FAM219B,0.224616286,0.892095445
ENSG00000130827,PLXNA3,0.224773992,0.892095445
ENSG00000253137,.,0.22478192,0.892095445
ENSG00000144791,LIMD1,0.224790402,0.892095445
ENSG00000215712,TMEM242,0.224810577,0.892095445
ENSG00000115290,GRB14,0.224845996,0.892095445
ENSG00000234390,.,0.224862576,0.892095445
ENSG00000139970,RTN1,0.224949701,0.892095445
ENSG00000119737,GPR75,0.224979998,0.892095445
ENSG00000106105,GARS,0.224987322,0.892095445
ENSG00000173369,C1QB,0.225033349,0.892095445
ENSG00000178021,TSPYL6,0.225036324,0.892095445
ENSG00000154162,CDH12,0.225047277,0.892095445
ENSG00000165966,PDZRN4,0.225129464,0.892105753
ENSG00000163029,SMC6,0.225158518,0.892105753
ENSG00000140988,RPS2,0.225306281,0.892475894
ENSG00000178252,WDR6,0.225463075,0.892881619
ENSG00000065325,GLP2R,0.225549493,0.893008515
ENSG00000114626,ABTB1,0.225707327,0.893261224
ENSG00000103599,IQCH,0.225722102,0.893261224
ENSG00000173621,LRFN4,0.225893348,0.89360172
ENSG00000167895,TMC8,0.225959439,0.89360172
ENSG00000154174,TOMM70A,0.225971378,0.89360172
ENSG00000224877,C17orf89,0.226094865,0.89387481
ENSG00000132793,LPIN3,0.226208073,0.893981505
ENSG00000118976,.,0.226326249,0.893981505
ENSG00000232956,SNHG15,0.226361207,0.893981505
ENSG00000230461,PROX1-AS1,0.22637883,0.893981505
ENSG00000155629,PIK3AP1,0.226412094,0.893981505
ENSG00000137825,ITPKA,0.22644846,0.893981505
ENSG00000144810,COL8A1,0.226564805,0.894013216
ENSG00000178127,NDUFV2,0.226636091,0.894013216
ENSG00000068971,PPP2R5B,0.226669031,0.894013216
ENSG00000196187,TMEM63A,0.226674239,0.894013216
ENSG00000086189,DIMT1,0.226753382,0.894110633
ENSG00000246067,.,0.226813168,0.894131701
ENSG00000241935,HOGA1,0.227029327,0.894385342
ENSG00000197976,AKAP17A,0.227182216,0.894385342
ENSG00000125995,ROMO1,0.227224977,0.894385342
ENSG00000131143,COX4I1,0.227238002,0.894385342
ENSG00000101882,NKAP,0.227241131,0.894385342
ENSG00000188243,COMMD6,0.227266357,0.894385342
ENSG00000160392,C19orf47,0.227306593,0.894385342
ENSG00000079819,EPB41L2,0.22735035,0.894385342
ENSG00000130559,CAMSAP1,0.227449925,0.894385342
ENSG00000119714,GPR68,0.227548559,0.894385342
ENSG00000140479,PCSK6,0.227655496,0.894385342
ENSG00000227036,LINC00511,0.227689308,0.894385342
ENSG00000196169,KIF19,0.227798888,0.894385342
ENSG00000204580,DDR1,0.227846289,0.894385342
ENSG00000124702,KLHDC3,0.227897423,0.894385342
ENSG00000206527,PTPLB,0.227934071,0.894385342
ENSG00000204348,DOM3Z,0.228005691,0.894385342
ENSG00000096093,EFHC1,0.228213409,0.894385342
ENSG00000136982,DSCC1,0.228227836,0.894385342
ENSG00000214413,BBIP1,0.228240367,0.894385342
ENSG00000092929,UNC13D,0.228357857,0.894385342
ENSG00000129480,DTD2,0.2284281,0.894385342
ENSG00000174442,ZWILCH,0.228428115,0.894385342
ENSG00000187123,LYPD6,0.22844983,0.894385342
ENSG00000145247,OCIAD2,0.228464609,0.894385342
ENSG00000196456,ZNF775,0.228491604,0.894385342
ENSG00000100201,DDX17,0.22853769,0.894385342
ENSG00000096401,CDC5L,0.22860411,0.894385342
ENSG00000184164,CRELD2,0.228616258,0.894385342
ENSG00000081014,AP4E1,0.228630911,0.894385342
ENSG00000257103,LSM14A,0.228786459,0.894385342
ENSG00000183605,SFXN4,0.228871855,0.894385342
ENSG00000221963,APOL6,0.228952996,0.894385342
ENSG00000072858,SIDT1,0.228972825,0.894385342
ENSG00000205838,TTC23L,0.229035132,0.894385342
ENSG00000267199,.,0.229040894,0.894385342
ENSG00000250251,PKD1P6,0.229053398,0.894385342
ENSG00000115946,PNO1,0.229202565,0.894385342
ENSG00000231632,.,0.229252443,0.894385342
ENSG00000176046,NUPR1,0.229258545,0.894385342
ENSG00000059122,FLYWCH1,0.229308264,0.894385342
ENSG00000060558,GNA15,0.229357882,0.894385342
ENSG00000188596,C12orf55,0.229373794,0.894385342
ENSG00000183763,TRAIP,0.229375151,0.894385342
ENSG00000267167,.,0.229378604,0.894385342
ENSG00000137876,RSL24D1,0.229414846,0.894385342
ENSG00000196365,LONP1,0.229437097,0.894385342
ENSG00000015532,XYLT2,0.229533041,0.89454702
ENSG00000196683,TOMM7,0.229635739,0.894624399
ENSG00000185973,TMLHE,0.229767026,0.894624399
ENSG00000151665,PIGF,0.229895608,0.894624399
ENSG00000261997,.,0.230019378,0.894624399
ENSG00000249669,MIR143HG,0.23010913,0.894624399
ENSG00000147144,CCDC120,0.230168231,0.894624399
ENSG00000223509,.,0.230178494,0.894624399
ENSG00000228878,.,0.230305198,0.894624399
ENSG00000259806,.,0.230351913,0.894624399
ENSG00000164221,CCDC112,0.230392913,0.894624399
ENSG00000186842,C21orf77,0.230429494,0.894624399
ENSG00000226803,.,0.230432791,0.894624399
ENSG00000188050,RNF133,0.230471219,0.894624399
ENSG00000169562,GJB1,0.230479858,0.894624399
ENSG00000198042,MAK16,0.230616486,0.894624399
ENSG00000230189,.,0.230622371,0.894624399
ENSG00000148841,ITPRIP,0.230636207,0.894624399
ENSG00000264538,.,0.230709042,0.894624399
ENSG00000215346,.,0.23070984,0.894624399
ENSG00000233178,.,0.230829288,0.894624399
ENSG00000137501,SYTL2,0.230855682,0.894624399
ENSG00000168487,BMP1,0.230964997,0.894624399
ENSG00000083828,ZNF586,0.231033758,0.894624399
ENSG00000150054,MPP7,0.231097023,0.894624399
ENSG00000115762,PLEKHB2,0.231138038,0.894624399
ENSG00000118482,PHF3,0.231158081,0.894624399
ENSG00000109180,OCIAD1,0.231281316,0.894624399
ENSG00000115165,CYTIP,0.231291372,0.894624399
ENSG00000184788,SATL1,0.231301834,0.894624399
ENSG00000233056,ERVH48-1,0.231316662,0.894624399
ENSG00000267248,.,0.231400774,0.894624399
ENSG00000141959,PFKL,0.231442104,0.894624399
ENSG00000214244,SETP21,0.231515404,0.894624399
ENSG00000224072,.,0.231576225,0.894624399
ENSG00000139351,SYCP3,0.231640991,0.894624399
ENSG00000230844,ZNF674-AS1,0.231645326,0.894624399
ENSG00000257727,CNPY2,0.231704722,0.894624399
ENSG00000058262,SEC61A1,0.231821556,0.894624399
ENSG00000119048,UBE2B,0.231877261,0.894624399
ENSG00000169241,SLC50A1,0.231882367,0.894624399
ENSG00000148688,RPP30,0.231932603,0.894624399
ENSG00000124570,SERPINB6,0.231941592,0.894624399
ENSG00000145020,AMT,0.231969235,0.894624399
ENSG00000105519,CAPS,0.231978549,0.894624399
ENSG00000164776,PHKG1,0.232028632,0.894624399
ENSG00000183723,CMTM4,0.232097131,0.894624399
ENSG00000148835,TAF5,0.232202822,0.894624399
ENSG00000053900,ANAPC4,0.232220558,0.894624399
ENSG00000151883,PARP8,0.232335421,0.894624399
ENSG00000157020,SEC13,0.232440912,0.894624399
ENSG00000139190,VAMP1,0.232487729,0.894624399
ENSG00000163900,TMEM41A,0.232632717,0.894624399
ENSG00000103549,RNF40,0.232691841,0.894624399
ENSG00000068796,KIF2A,0.232734309,0.894624399
ENSG00000158113,LRRC43,0.232747662,0.894624399
ENSG00000134343,ANO3,0.232766992,0.894624399
ENSG00000136813,KIAA0368,0.232896973,0.894624399
ENSG00000155229,MMS19,0.232953,0.894624399
ENSG00000221983,UBA52,0.23300231,0.894624399
ENSG00000267160,.,0.233023814,0.894624399
ENSG00000162062,C16orf59,0.233043978,0.894624399
ENSG00000128016,ZFP36,0.233056692,0.894624399
ENSG00000205189,ZBTB10,0.233138329,0.894624399
ENSG00000198522,GPN1,0.233140388,0.894624399
ENSG00000235034,C19orf81,0.233162619,0.894624399
ENSG00000176994,SMCR8,0.233190441,0.894624399
ENSG00000122565,CBX3,0.233202646,0.894624399
ENSG00000115677,HDLBP,0.233349937,0.894980388
ENSG00000225377,.,0.233609503,0.895393356
ENSG00000198876,DCAF12,0.233619585,0.895393356
ENSG00000212916,KIAA1383,0.23365577,0.895393356
ENSG00000159079,C21orf59,0.233677503,0.895393356
ENSG00000134744,ZCCHC11,0.23377885,0.895393356
ENSG00000152669,CCNO,0.233784736,0.895393356
ENSG00000091732,ZC3HC1,0.233902677,0.895615392
ENSG00000268721,.,0.2340214,0.895615392
ENSG00000118454,ANKRD13C,0.234052567,0.895615392
ENSG00000174123,TLR10,0.234087002,0.895615392
ENSG00000163516,ANKZF1,0.234172744,0.895615392
ENSG00000102383,ZDHHC15,0.234216773,0.895615392
ENSG00000069431,ABCC9,0.234357749,0.895615392
ENSG00000111652,COPS7A,0.234389122,0.895615392
ENSG00000185220,PGBD2,0.234415279,0.895615392
ENSG00000258366,RTEL1,0.234448554,0.895615392
ENSG00000152128,TMEM163,0.234567329,0.895615392
ENSG00000174574,AKIRIN1,0.23459015,0.895615392
ENSG00000005884,ITGA3,0.234645182,0.895615392
ENSG00000171649,ZIK1,0.234774539,0.895615392
ENSG00000075089,ACTR6,0.23480603,0.895615392
ENSG00000135049,AGTPBP1,0.234833344,0.895615392
ENSG00000027001,MIPEP,0.234888091,0.895615392
ENSG00000120314,WDR55,0.234899138,0.895615392
ENSG00000147650,LRP12,0.234901929,0.895615392
ENSG00000163781,TOPBP1,0.234990767,0.895615392
ENSG00000133028,SCO1,0.235048424,0.895615392
ENSG00000131375,CAPN7,0.235062287,0.895615392
ENSG00000160298,C21orf58,0.235146438,0.895615392
ENSG00000164919,COX6C,0.235200784,0.895615392
ENSG00000064655,EYA2,0.235215975,0.895615392
ENSG00000066027,PPP2R5A,0.235285104,0.895615392
ENSG00000107521,HPS1,0.235367915,0.895615392
ENSG00000175866,BAIAP2,0.235369667,0.895615392
ENSG00000143995,MEIS1,0.235484855,0.895846137
ENSG00000093000,NUP50,0.235641052,0.895980601
ENSG00000217648,.,0.235658459,0.895980601
ENSG00000161277,THAP8,0.235732907,0.895980601
ENSG00000153707,PTPRD,0.235783708,0.895980601
ENSG00000198590,C3orf35,0.236151507,0.895980601
ENSG00000198648,STK39,0.236231049,0.895980601
ENSG00000197586,ENTPD6,0.23626213,0.895980601
ENSG00000167772,ANGPTL4,0.236274121,0.895980601
ENSG00000157570,TSPAN18,0.236342578,0.895980601
ENSG00000100056,DGCR14,0.236377163,0.895980601
ENSG00000261556,.,0.236397564,0.895980601
ENSG00000151806,GUF1,0.236430893,0.895980601
ENSG00000149428,HYOU1,0.236491736,0.895980601
ENSG00000154277,UCHL1,0.236570871,0.895980601
ENSG00000072422,RHOBTB1,0.236612164,0.895980601
ENSG00000240225,ZNF542,0.236693316,0.895980601
ENSG00000164236,ANKRD33B,0.236812092,0.895980601
ENSG00000215559,ANKRD20A11P,0.236847411,0.895980601
ENSG00000186866,POFUT2,0.23685392,0.895980601
ENSG00000144199,FAHD2B,0.236981612,0.895980601
ENSG00000100347,SAMM50,0.236984245,0.895980601
ENSG00000172578,KLHL6,0.236989661,0.895980601
ENSG00000122696,SLC25A51,0.237024031,0.895980601
ENSG00000104450,SPAG1,0.237057908,0.895980601
ENSG00000040531,CTNS,0.237084792,0.895980601
ENSG00000232300,FAM215B,0.237092778,0.895980601
ENSG00000164715,LMTK2,0.23718361,0.895980601
ENSG00000204520,MICA,0.237346578,0.895980601
ENSG00000070269,C14orf101,0.237350228,0.895980601
ENSG00000078304,PPP2R5C,0.237355359,0.895980601
ENSG00000106633,GCK,0.237360403,0.895980601
ENSG00000124613,ZNF391,0.237470245,0.895980601
ENSG00000140525,FANCI,0.23753431,0.895980601
ENSG00000137449,CPEB2,0.23754547,0.895980601
ENSG00000204351,SKIV2L,0.237586494,0.895980601
ENSG00000103148,NPRL3,0.237665568,0.895980601
ENSG00000250933,GAPDHP66,0.237716253,0.895980601
ENSG00000079101,CLUL1,0.237740435,0.895980601
ENSG00000111348,ARHGDIB,0.23783115,0.895980601
ENSG00000116212,LRRC42,0.237890917,0.895980601
ENSG00000134313,KIDINS220,0.237953829,0.895980601
ENSG00000077279,DCX,0.237994243,0.895980601
ENSG00000164764,SBSPON,0.237996296,0.895980601
ENSG00000205277,MUC12,0.238020928,0.895980601
ENSG00000227543,SPAG5-AS1,0.238139012,0.895980601
ENSG00000133265,HSPBP1,0.238161021,0.895980601
ENSG00000113716,HMGXB3,0.238189735,0.895980601
ENSG00000177051,FBXO46,0.238194292,0.895980601
ENSG00000132294,EFR3A,0.238230202,0.895980601
ENSG00000226647,.,0.238292194,0.895980601
ENSG00000175264,CHST1,0.238354308,0.895980601
ENSG00000138814,PPP3CA,0.238357136,0.895980601
ENSG00000013364,MVP,0.238432558,0.895999884
ENSG00000108106,UBE2S,0.238471381,0.895999884
ENSG00000168615,ADAM9,0.238539776,0.896051862
ENSG00000141458,NPC1,0.238806659,0.896383164
ENSG00000176024,ZNF613,0.238807807,0.896383164
ENSG00000100077,ADRBK2,0.23884564,0.896383164
ENSG00000135083,CCNJL,0.238846859,0.896383164
ENSG00000173588,CCDC41,0.238966058,0.896383164
ENSG00000107771,FAM190B,0.239027544,0.896383164
ENSG00000196167,C11orf92,0.239044118,0.896383164
ENSG00000100288,CHKB,0.239083456,0.896383164
ENSG00000234807,.,0.239170247,0.896383164
ENSG00000187051,RPS19BP1,0.239216112,0.896383164
ENSG00000177606,JUN,0.239292572,0.896383164
ENSG00000147117,ZNF157,0.239301477,0.896383164
ENSG00000185710,.,0.239449744,0.896383164
ENSG00000116704,SLC35D1,0.23948816,0.896383164
ENSG00000142046,TMEM91,0.239539118,0.896383164
ENSG00000116016,EPAS1,0.239583029,0.896383164
ENSG00000088808,PPP1R13B,0.239808765,0.896383164
ENSG00000162600,OMA1,0.239816186,0.896383164
ENSG00000261670,.,0.239830935,0.896383164
ENSG00000113391,FAM172A,0.239837148,0.896383164
ENSG00000169057,MECP2,0.239872445,0.896383164
ENSG00000176681,LRRC37A,0.239891771,0.896383164
ENSG00000247400,DNAJC3-AS1,0.239899661,0.896383164
ENSG00000261329,.,0.239947599,0.896383164
ENSG00000112511,PHF1,0.240021835,0.896383164
ENSG00000017621,MAGIX,0.240104887,0.896383164
ENSG00000140990,NDUFB10,0.240119871,0.896383164
ENSG00000135847,ACBD6,0.240156239,0.896383164
ENSG00000132199,ENOSF1,0.240258757,0.896562047
ENSG00000104825,NFKBIB,0.240353226,0.896566794
ENSG00000121316,PLBD1,0.240432174,0.896566794
ENSG00000129158,SERGEF,0.240444233,0.896566794
ENSG00000165046,LETM2,0.240527508,0.896566794
ENSG00000254427,.,0.240592658,0.896566794
ENSG00000175984,DENND2C,0.240643961,0.896566794
ENSG00000196510,ANAPC7,0.240679153,0.896566794
ENSG00000231566,.,0.240777546,0.896566794
ENSG00000140538,NTRK3,0.240964804,0.896566794
ENSG00000241043,TIGD1L2,0.241031232,0.896566794
ENSG00000134138,MEIS2,0.241069937,0.896566794
ENSG00000264575,LINC00526,0.241098763,0.896566794
ENSG00000141349,G6PC3,0.241107209,0.896566794
ENSG00000204681,GABBR1,0.241118094,0.896566794
ENSG00000225110,.,0.241199447,0.896566794
ENSG00000197020,ZNF100,0.24124238,0.896566794
ENSG00000233476,EEF1A1P6,0.241245186,0.896566794
ENSG00000188315,C3orf62,0.241306421,0.896566794
ENSG00000183114,FAM43B,0.241342358,0.896566794
ENSG00000177613,CSTF2T,0.241426641,0.896566794
ENSG00000188687,SLC4A5,0.241514531,0.896566794
ENSG00000101608,MYL12A,0.241547697,0.896566794
ENSG00000135956,TMEM127,0.241595621,0.896566794
ENSG00000100804,PSMB5,0.2416061,0.896566794
ENSG00000143437,ARNT,0.241624833,0.896566794
ENSG00000179918,SEPHS2,0.241733817,0.896609896
ENSG00000104835,SARS2,0.241885728,0.896609896
ENSG00000100416,TRMU,0.242075947,0.896609896
ENSG00000166477,LEO1,0.242081847,0.896609896
ENSG00000044115,CTNNA1,0.242089239,0.896609896
ENSG00000119899,SLC17A5,0.242149979,0.896609896
ENSG00000140153,WDR20,0.24215853,0.896609896
ENSG00000166822,TMEM170A,0.242212453,0.896609896
ENSG00000107164,FUBP3,0.242246317,0.896609896
ENSG00000108578,BLMH,0.242259849,0.896609896
ENSG00000197746,PSAP,0.24226019,0.896609896
ENSG00000162869,PPP1R21,0.24232531,0.896609896
ENSG00000117523,PRRC2C,0.242391381,0.896609896
ENSG00000234456,MAGI2-AS3,0.242403504,0.896609896
ENSG00000102547,CAB39L,0.242497115,0.896609896
ENSG00000178982,EIF3K,0.242601519,0.896609896
ENSG00000112699,GMDS,0.242749895,0.896609896
ENSG00000176890,TYMS,0.242785271,0.896609896
ENSG00000138379,MSTN,0.242847225,0.896609896
ENSG00000181211,HECW1-IT1,0.242866944,0.896609896
ENSG00000001626,CFTR,0.242929489,0.896609896
ENSG00000159200,RCAN1,0.243031261,0.896609896
ENSG00000079246,XRCC5,0.243048645,0.896609896
ENSG00000104267,CA2,0.243148272,0.896609896
ENSG00000115760,BIRC6,0.243151878,0.896609896
ENSG00000167107,ACSF2,0.243162915,0.896609896
ENSG00000141076,CIRH1A,0.243202463,0.896609896
ENSG00000177303,CASKIN2,0.243215563,0.896609896
ENSG00000179841,AKAP5,0.243219697,0.896609896
ENSG00000151881,C5orf28,0.243364365,0.896723386
ENSG00000175387,SMAD2,0.243424514,0.896723386
ENSG00000135048,TMEM2,0.243435841,0.896723386
ENSG00000231312,.,0.243477098,0.896723386
ENSG00000105556,MIER2,0.243528276,0.896723386
ENSG00000117410,ATP6V0B,0.243578093,0.896723386
ENSG00000048028,USP28,0.243634239,0.896729071
ENSG00000175170,FAM182B,0.243706476,0.896793962
ENSG00000229847,EMX2OS,0.243780036,0.896825156
ENSG00000049239,H6PD,0.243824169,0.896825156
ENSG00000165283,STOML2,0.243924836,0.896994533
ENSG00000158864,NDUFS2,0.244129566,0.897419615
ENSG00000118369,USP35,0.244293931,0.897419615
ENSG00000233478,.,0.244295056,0.897419615
ENSG00000128311,TST,0.24432933,0.897419615
ENSG00000267427,.,0.24438326,0.897419615
ENSG00000108479,GALK1,0.244687908,0.897419615
ENSG00000173442,EHBP1L1,0.244691191,0.897419615
ENSG00000070540,WIPI1,0.244700556,0.897419615
ENSG00000018869,ZNF582,0.2447951,0.897419615
ENSG00000151917,BEND6,0.244912716,0.897419615
ENSG00000197150,ABCB8,0.244958408,0.897419615
ENSG00000123965,PMS2P5,0.245006984,0.897419615
ENSG00000169118,CSNK1G1,0.245066409,0.897419615
ENSG00000145916,RMND5B,0.245086343,0.897419615
ENSG00000138592,USP8,0.245169002,0.897419615
ENSG00000141756,FKBP10,0.245221986,0.897419615
ENSG00000174456,C12orf76,0.245246382,0.897419615
ENSG00000204147,ASAH2B,0.245344119,0.897419615
ENSG00000164604,GPR85,0.245487551,0.897419615
ENSG00000179029,TMEM107,0.245514353,0.897419615
ENSG00000134955,SLC37A2,0.245547597,0.897419615
ENSG00000259946,.,0.245566595,0.897419615
ENSG00000149212,SESN3,0.245609971,0.897419615
ENSG00000152454,ZNF256,0.245812427,0.897419615
ENSG00000163634,THOC7,0.245829991,0.897419615
ENSG00000008300,CELSR3,0.245865147,0.897419615
ENSG00000116017,ARID3A,0.245975878,0.897419615
ENSG00000186377,CYP4X1,0.246057139,0.897419615
ENSG00000074935,TUBE1,0.246089197,0.897419615
ENSG00000175606,TMEM70,0.246151001,0.897419615
ENSG00000173611,SCAI,0.24617953,0.897419615
ENSG00000105290,APLP1,0.246205006,0.897419615
ENSG00000114631,PODXL2,0.246433868,0.897419615
ENSG00000225649,.,0.246492937,0.897419615
ENSG00000120899,PTK2B,0.246575235,0.897419615
ENSG00000130643,CALY,0.246576244,0.897419615
ENSG00000154589,LY96,0.24663463,0.897419615
ENSG00000102024,PLS3,0.246648973,0.897419615
ENSG00000261079,.,0.24677289,0.897419615
ENSG00000131023,LATS1,0.246774155,0.897419615
ENSG00000198455,ZXDB,0.246789603,0.897419615
ENSG00000077312,SNRPA,0.247038778,0.897419615
ENSG00000242616,GNG10,0.247047021,0.897419615
ENSG00000173404,INSM1,0.247067836,0.897419615
ENSG00000143514,TP53BP2,0.247123103,0.897419615
ENSG00000134245,WNT2B,0.247169645,0.897419615
ENSG00000177108,ZDHHC22,0.247172368,0.897419615
ENSG00000168904,LRRC28,0.247196872,0.897419615
ENSG00000233273,AMMECR1LP1,0.247248518,0.897419615
ENSG00000111231,GPN3,0.247314163,0.897419615
ENSG00000232630,PRPS1P2,0.247335504,0.897419615
ENSG00000083750,RRAGB,0.247390408,0.897419615
ENSG00000136758,YME1L1,0.247419452,0.897419615
ENSG00000136261,BZW2,0.247432926,0.897419615
ENSG00000109099,PMP22,0.247490649,0.897419615
ENSG00000151466,SCLT1,0.247502892,0.897419615
ENSG00000107862,GBF1,0.247541253,0.897419615
ENSG00000185864,.,0.247555756,0.897419615
ENSG00000126500,FLRT1,0.247609946,0.897419615
ENSG00000269591,.,0.247627546,0.897419615
ENSG00000161328,LRRC56,0.247643838,0.897419615
ENSG00000182329,.,0.247670517,0.897419615
ENSG00000136718,IMP4,0.247686156,0.897419615
ENSG00000167981,ZNF597,0.247703786,0.897419615
ENSG00000103145,HCFC1R1,0.247759283,0.897419615
ENSG00000082781,ITGB5,0.247760941,0.897419615
ENSG00000112685,EXOC2,0.247859593,0.897419615
ENSG00000142784,WDTC1,0.247966605,0.897419615
ENSG00000168303,MPLKIP,0.247996675,0.897419615
ENSG00000156256,USP16,0.248077811,0.897419615
ENSG00000083814,ZNF671,0.248101009,0.897419615
ENSG00000251322,SHANK3,0.248132136,0.897419615
ENSG00000105355,PLIN3,0.248164622,0.897419615
ENSG00000139131,YARS2,0.248195581,0.897419615
ENSG00000104093,DMXL2,0.24820584,0.897419615
ENSG00000153253,SCN3A,0.248214108,0.897419615
ENSG00000164466,SFXN1,0.248288843,0.897419615
ENSG00000141720,PIP4K2B,0.248370299,0.897419615
ENSG00000179988,PSTK,0.248411783,0.897419615
ENSG00000115317,HTRA2,0.248411957,0.897419615
ENSG00000126603,GLIS2,0.248583223,0.897840834
ENSG00000225670,.,0.24868281,0.897938469
ENSG00000158019,BRE,0.248766469,0.897938469
ENSG00000183160,TMEM119,0.248774282,0.897938469
ENSG00000122435,TRMT13,0.24889221,0.898166724
ENSG00000261903,.,0.249144378,0.898713721
ENSG00000117394,SLC2A1,0.249153235,0.898713721
ENSG00000129951,.,0.249248287,0.898726599
ENSG00000184047,DIABLO,0.249371277,0.898726599
ENSG00000187866,FAM122A,0.249495605,0.898726599
ENSG00000160058,BSDC1,0.249602964,0.898726599
ENSG00000171044,XKR6,0.249613669,0.898726599
ENSG00000081277,PKP1,0.249653437,0.898726599
ENSG00000157426,AASDH,0.249768689,0.898726599
ENSG00000076928,ARHGEF1,0.2498011,0.898726599
ENSG00000143333,RGS16,0.249866853,0.898726599
ENSG00000214530,STARD10,0.250036995,0.898726599
ENSG00000177839,PCDHB9,0.250058592,0.898726599
ENSG00000204624,PTCHD2,0.250078639,0.898726599
ENSG00000197465,GYPE,0.250097261,0.898726599
ENSG00000227124,ZNF717,0.250118351,0.898726599
ENSG00000188811,NHLRC3,0.25029749,0.898726599
ENSG00000006757,PNPLA4,0.250316694,0.898726599
ENSG00000138646,HERC5,0.250323749,0.898726599
ENSG00000230724,.,0.250349994,0.898726599
ENSG00000259964,.,0.250426624,0.898726599
ENSG00000000938,FGR,0.250450967,0.898726599
ENSG00000113595,TRIM23,0.250451723,0.898726599
ENSG00000137177,KIF13A,0.250455119,0.898726599
ENSG00000133884,DPF2,0.25049342,0.898726599
ENSG00000183684,ALYREF,0.250590598,0.898726599
ENSG00000225177,.,0.250599631,0.898726599
ENSG00000168263,KCNV2,0.250692224,0.898726599
ENSG00000241528,.,0.250799445,0.898726599
ENSG00000182575,NXPH3,0.250852954,0.898726599
ENSG00000196715,VKORC1L1,0.25090277,0.898726599
ENSG00000108883,EFTUD2,0.250941513,0.898726599
ENSG00000165457,FOLR2,0.250945385,0.898726599
ENSG00000120832,MTERFD3,0.251119595,0.898726599
ENSG00000116711,PLA2G4A,0.251178794,0.898726599
ENSG00000187630,DHRS4L2,0.251202276,0.898726599
ENSG00000108091,CCDC6,0.251373893,0.898726599
ENSG00000265242,.,0.251412035,0.898726599
ENSG00000260526,.,0.251427974,0.898726599
ENSG00000104365,IKBKB,0.251432427,0.898726599
ENSG00000146360,GPR6,0.251448667,0.898726599
ENSG00000124610,HIST1H1A,0.251460557,0.898726599
ENSG00000169288,MRPL1,0.251525088,0.898726599
ENSG00000105366,SIGLEC8,0.251562958,0.898726599
ENSG00000133742,CA1,0.251632832,0.898726599
ENSG00000172350,ABCG4,0.251649336,0.898726599
ENSG00000246250,.,0.251788548,0.898726599
ENSG00000120963,ZNF706,0.251803586,0.898726599
ENSG00000268225,.,0.251850684,0.898726599
ENSG00000172243,CLEC7A,0.25190036,0.898726599
ENSG00000073578,SDHA,0.251996535,0.898726599
ENSG00000161395,PGAP3,0.252026676,0.898726599
ENSG00000196730,DAPK1,0.252053193,0.898726599
ENSG00000119698,PPP4R4,0.252115275,0.898726599
ENSG00000125869,LAMP5,0.252143699,0.898726599
ENSG00000122591,FAM126A,0.252145868,0.898726599
ENSG00000114779,ABHD14B,0.252166606,0.898726599
ENSG00000213967,ZNF726,0.252638294,0.900191175
ENSG00000030419,IKZF2,0.252687165,0.900191175
ENSG00000204767,FAM196B,0.252900316,0.900563565
ENSG00000146094,DOK3,0.252967573,0.900563565
ENSG00000103047,TMCO7,0.253013653,0.900563565
ENSG00000100522,GNPNAT1,0.253046728,0.900563565
ENSG00000006459,JHDM1D,0.253065874,0.900563565
ENSG00000257698,.,0.253128989,0.90059302
ENSG00000072201,LNX1,0.253254535,0.900598439
ENSG00000170906,NDUFA3,0.253432759,0.900598439
ENSG00000196136,SERPINA3,0.253484575,0.900598439
ENSG00000005189,.,0.253541831,0.900598439
ENSG00000135537,LACE1,0.253606734,0.900598439
ENSG00000009954,BAZ1B,0.253701818,0.900598439
ENSG00000051596,THOC3,0.253721646,0.900598439
ENSG00000058799,YIPF1,0.253738985,0.900598439
ENSG00000163617,KIAA1407,0.253771153,0.900598439
ENSG00000143156,NME7,0.253784075,0.900598439
ENSG00000179935,LINC00652,0.253792206,0.900598439
ENSG00000124134,KCNS1,0.253848408,0.900598439
ENSG00000171103,TRMT61B,0.253874283,0.900598439
ENSG00000164122,ASB5,0.253898239,0.900598439
ENSG00000136720,HS6ST1,0.254143787,0.900822079
ENSG00000176771,NCKAP5,0.254201013,0.900822079
ENSG00000037474,NSUN2,0.254217086,0.900822079
ENSG00000070214,SLC44A1,0.25422017,0.900822079
ENSG00000125846,ZNF133,0.254235544,0.900822079
ENSG00000166889,PATL1,0.254417501,0.901125028
ENSG00000233901,.,0.254498773,0.901125028
ENSG00000106367,AP1S1,0.254515713,0.901125028
ENSG00000101974,ATP11C,0.254540523,0.901125028
ENSG00000111358,GTF2H3,0.254687061,0.901436056
ENSG00000136997,MYC,0.254738156,0.901436056
ENSG00000197774,EME2,0.254940981,0.901702277
ENSG00000115944,COX7A2L,0.254949695,0.901702277
ENSG00000124222,STX16,0.255016772,0.901702277
ENSG00000161791,FMNL3,0.255033007,0.901702277
ENSG00000130158,DOCK6,0.255173519,0.901849917
ENSG00000148604,RGR,0.255349772,0.901849917
ENSG00000123106,CCDC91,0.2553663,0.901849917
ENSG00000173991,TCAP,0.25541086,0.901849917
ENSG00000056998,GYG2,0.255552219,0.901849917
ENSG00000099377,HSD3B7,0.255562253,0.901849917
ENSG00000205927,OLIG2,0.255574541,0.901849917
ENSG00000163219,ARHGAP25,0.255577206,0.901849917
ENSG00000170892,TSEN34,0.255700945,0.901849917
ENSG00000186235,.,0.255824122,0.901849917
ENSG00000001036,FUCA2,0.255899557,0.901849917
ENSG00000265579,.,0.255930442,0.901849917
ENSG00000062038,CDH3,0.255961779,0.901849917
ENSG00000180773,SLC36A4,0.256044033,0.901849917
ENSG00000204138,PHACTR4,0.256066813,0.901849917
ENSG00000197808,ZNF461,0.256095159,0.901849917
ENSG00000155115,GTF3C6,0.256109444,0.901849917
ENSG00000159445,THEM4,0.256126899,0.901849917
ENSG00000106701,FSD1L,0.256180334,0.901849917
ENSG00000120733,KDM3B,0.256297116,0.901849917
ENSG00000223522,.,0.256333917,0.901849917
ENSG00000247556,OIP5-AS1,0.256389763,0.901849917
ENSG00000141577,AZI1,0.25639161,0.901849917
ENSG00000248593,DSTNP2,0.256392697,0.901849917
ENSG00000255185,.,0.256540106,0.901855934
ENSG00000171723,GPHN,0.256621215,0.901855934
ENSG00000254911,SCARNA9,0.256703834,0.901855934
ENSG00000196449,YRDC,0.256721292,0.901855934
ENSG00000095739,BAMBI,0.256721836,0.901855934
ENSG00000114013,CD86,0.256723893,0.901855934
ENSG00000169946,ZFPM2,0.256806032,0.901880867
ENSG00000101977,MCF2,0.25687634,0.901880867
ENSG00000185504,C17orf70,0.256915467,0.901880867
ENSG00000198961,PJA2,0.256950653,0.901880867
ENSG00000138162,TACC2,0.257211104,0.902351822
ENSG00000105204,DYRK1B,0.257296233,0.902351822
ENSG00000102934,PLLP,0.257302534,0.902351822
ENSG00000155508,CNOT8,0.257304608,0.902351822
ENSG00000188761,BCL2L15,0.257458843,0.902629671
ENSG00000078114,NEBL,0.257629394,0.902629671
ENSG00000187950,OVCH1,0.257637598,0.902629671
ENSG00000096872,IFT74,0.257701022,0.902629671
ENSG00000164414,SLC35A1,0.257725993,0.902629671
ENSG00000118096,IFT46,0.25772969,0.902629671
ENSG00000198695,MT-ND6,0.257768566,0.902629671
ENSG00000263606,.,0.25788633,0.902735714
ENSG00000136810,TXN,0.257908785,0.902735714
ENSG00000100393,EP300,0.258031156,0.902971592
ENSG00000204852,TCTN1,0.258213033,0.903411941
ENSG00000089335,ZNF302,0.258296655,0.903411941
ENSG00000161265,U2AF1L4,0.258383595,0.903411941
ENSG00000124593,PRICKLE4,0.258431299,0.903411941
ENSG00000165912,PACSIN3,0.258460264,0.903411941
ENSG00000033627,ATP6V0A1,0.258504604,0.903411941
ENSG00000140836,ZFHX3,0.25861213,0.903411941
ENSG00000215252,GOLGA8B,0.258659284,0.903411941
ENSG00000128915,NARG2,0.258697984,0.903411941
ENSG00000151320,AKAP6,0.258707079,0.903411941
ENSG00000166473,.,0.258920154,0.903963795
ENSG00000163053,SLC16A14,0.259018553,0.904092208
ENSG00000267784,.,0.259142652,0.904092208
ENSG00000073584,SMARCE1,0.259162276,0.904092208
ENSG00000140259,MFAP1,0.259177137,0.904092208
ENSG00000244005,NFS1,0.259351876,0.9041746
ENSG00000240498,CDKN2B-AS1,0.259451367,0.9041746
ENSG00000182504,CEP97,0.259456204,0.9041746
ENSG00000129646,QRICH2,0.259468903,0.9041746
ENSG00000101311,FERMT1,0.259476033,0.9041746
ENSG00000180581,SRP9P1,0.259537896,0.904198316
ENSG00000114023,FAM162A,0.2596567,0.904420358
ENSG00000164300,SERINC5,0.259863404,0.904649168
ENSG00000253320,.,0.260060744,0.904649168
ENSG00000237166,.,0.260109141,0.904649168
ENSG00000104643,MTMR9,0.260184707,0.904649168
ENSG00000258938,.,0.260290438,0.904649168
ENSG00000168397,ATG4B,0.260300038,0.904649168
ENSG00000138160,KIF11,0.260404198,0.904649168
ENSG00000185215,TNFAIP2,0.260440608,0.904649168
ENSG00000226958,RNA28S5,0.26049853,0.904649168
ENSG00000129003,VPS13C,0.260647602,0.904649168
ENSG00000128917,DLL4,0.260677434,0.904649168
ENSG00000234338,.,0.26070007,0.904649168
ENSG00000246339,EXTL3-AS1,0.260712379,0.904649168
ENSG00000095564,BTAF1,0.260750408,0.904649168
ENSG00000255004,.,0.26076542,0.904649168
ENSG00000196378,ZNF34,0.260821374,0.904649168
ENSG00000152382,TADA1,0.260898331,0.904649168
ENSG00000176542,KIAA2018,0.260966741,0.904649168
ENSG00000160932,LY6E,0.261008431,0.904649168
ENSG00000263142,.,0.261014008,0.904649168
ENSG00000114738,MAPKAPK3,0.261027521,0.904649168
ENSG00000183831,ANKRD45,0.26115953,0.904649168
ENSG00000263096,.,0.261188876,0.904649168
ENSG00000265313,.,0.261253663,0.904649168
ENSG00000126804,ZBTB1,0.261281198,0.904649168
ENSG00000206562,METTL6,0.261370893,0.904649168
ENSG00000117143,UAP1,0.261375323,0.904649168
ENSG00000041880,PARP3,0.261484167,0.904649168
ENSG00000179097,HTR1F,0.261577976,0.904649168
ENSG00000099875,MKNK2,0.261580204,0.904649168
ENSG00000244041,.,0.261582137,0.904649168
ENSG00000069869,NEDD4,0.261597248,0.904649168
ENSG00000185345,PARK2,0.261811842,0.904649168
ENSG00000205036,C16orf85,0.261924313,0.904649168
ENSG00000263731,.,0.262002498,0.904649168
ENSG00000118420,UBE3D,0.262018371,0.904649168
ENSG00000248610,.,0.26203619,0.904649168
ENSG00000141644,MBD1,0.262083092,0.904649168
ENSG00000113327,GABRG2,0.262089831,0.904649168
ENSG00000109927,TECTA,0.262153513,0.904649168
ENSG00000241061,.,0.262173932,0.904649168
ENSG00000114650,SCAP,0.262199453,0.904649168
ENSG00000085982,USP40,0.262232682,0.904649168
ENSG00000182362,YBEY,0.262277644,0.904649168
ENSG00000105677,TMEM147,0.262303975,0.904649168
ENSG00000100908,EMC9,0.262318612,0.904649168
ENSG00000150347,ARID5B,0.262377091,0.904649168
ENSG00000100360,IFT27,0.262628545,0.904649168
ENSG00000197024,ZNF398,0.262680629,0.904649168
ENSG00000012048,BRCA1,0.26269131,0.904649168
ENSG00000076924,XAB2,0.26277437,0.904649168
ENSG00000140688,C16orf58,0.262803899,0.904649168
ENSG00000267023,LRRC37A16P,0.262848221,0.904649168
ENSG00000143575,HAX1,0.262898898,0.904649168
ENSG00000147996,CBWD5,0.262947379,0.904649168
ENSG00000146278,PNRC1,0.262969201,0.904649168
ENSG00000184007,PTP4A2,0.263054469,0.904649168
ENSG00000029153,ARNTL2,0.263096518,0.904649168
ENSG00000116299,KIAA1324,0.263098944,0.904649168
ENSG00000158195,WASF2,0.263200736,0.904649168
ENSG00000184221,OLIG1,0.263206455,0.904649168
ENSG00000123091,RNF11,0.263405146,0.904649168
ENSG00000188868,ZNF563,0.263493288,0.904649168
ENSG00000161896,IP6K3,0.263496806,0.904649168
ENSG00000146147,MLIP,0.263515014,0.904649168
ENSG00000164897,TMUB1,0.263577218,0.904649168
ENSG00000006747,SCIN,0.263580908,0.904649168
ENSG00000110315,RNF141,0.263698104,0.904649168
ENSG00000144847,IGSF11,0.263726241,0.904649168
ENSG00000086589,RBM22,0.26391276,0.904649168
ENSG00000250366,LINC00617,0.263970262,0.904649168
ENSG00000215548,.,0.26398853,0.904649168
ENSG00000238057,ZEB2-AS1,0.264016694,0.904649168
ENSG00000123444,KBTBD4,0.264026231,0.904649168
ENSG00000154655,L3MBTL4,0.264047889,0.904649168
ENSG00000103194,USP10,0.264105794,0.904649168
ENSG00000226137,BAIAP2-AS1,0.264134922,0.904649168
ENSG00000146038,DCDC2,0.264145135,0.904649168
ENSG00000151657,KIN,0.264181393,0.904649168
ENSG00000204514,ZNF814,0.26427438,0.904649168
ENSG00000165995,CACNB2,0.264311021,0.904649168
ENSG00000239911,PRKAG2-AS1,0.264326532,0.904649168
ENSG00000087206,UIMC1,0.264405693,0.904649168
ENSG00000167110,GOLGA2,0.264574786,0.904649168
ENSG00000166770,.,0.264583862,0.904649168
ENSG00000112561,TFEB,0.264589001,0.904649168
ENSG00000104738,MCM4,0.264651487,0.904649168
ENSG00000163812,ZDHHC3,0.264905988,0.904649168
ENSG00000230590,FTX,0.264927424,0.904649168
ENSG00000105819,PMPCB,0.264942046,0.904649168
ENSG00000166454,ATMIN,0.265022787,0.904649168
ENSG00000269686,.,0.26506707,0.904649168
ENSG00000179886,TIGD5,0.265097378,0.904649168
ENSG00000131174,COX7B,0.265129524,0.904649168
ENSG00000089248,ERP29,0.265195311,0.904649168
ENSG00000253200,.,0.265195744,0.904649168
ENSG00000101958,GLRA2,0.265275436,0.904649168
ENSG00000118495,PLAGL1,0.265308087,0.904649168
ENSG00000134444,KIAA1468,0.265341749,0.904649168
ENSG00000126005,MMP24-AS1,0.265435756,0.904649168
ENSG00000106070,GRB10,0.265528471,0.904649168
ENSG00000180479,ZNF571,0.265634601,0.904649168
ENSG00000164308,ERAP2,0.26564609,0.904649168
ENSG00000142530,FAM71E1,0.265702395,0.904649168
ENSG00000163154,TNFAIP8L2,0.265702956,0.904649168
ENSG00000182831,C16orf72,0.265757776,0.904649168
ENSG00000169299,PGM2,0.265793623,0.904649168
ENSG00000249137,.,0.265951833,0.904649168
ENSG00000151012,SLC7A11,0.266053374,0.904649168
ENSG00000260977,.,0.26614165,0.904649168
ENSG00000138111,TMEM180,0.266224705,0.904649168
ENSG00000181800,CELF2-AS1,0.266263245,0.904649168
ENSG00000173706,HEG1,0.266348309,0.904649168
ENSG00000106460,TMEM106B,0.26641093,0.904649168
ENSG00000118596,SLC16A7,0.266527695,0.904649168
ENSG00000110801,PSMD9,0.266585325,0.904649168
ENSG00000075426,FOSL2,0.26671858,0.904649168
ENSG00000100722,ZC3H14,0.266732083,0.904649168
ENSG00000135315,KIAA1009,0.266736872,0.904649168
ENSG00000198431,TXNRD1,0.266752582,0.904649168
ENSG00000137076,TLN1,0.266762309,0.904649168
ENSG00000162604,TM2D1,0.266822588,0.904649168
ENSG00000214265,SNURF,0.266933259,0.904649168
ENSG00000119965,C10orf88,0.266952274,0.904649168
ENSG00000073605,GSDMB,0.267059339,0.904649168
ENSG00000162946,DISC1,0.267105109,0.904649168
ENSG00000145414,NAF1,0.26715425,0.904649168
ENSG00000091157,WDR7,0.26718292,0.904649168
ENSG00000119688,ABCD4,0.267190962,0.904649168
ENSG00000074842,C19orf10,0.267483078,0.904649168
ENSG00000113407,TARS,0.26749782,0.904649168
ENSG00000153443,FAM100A,0.267510967,0.904649168
ENSG00000198824,CHAMP1,0.267566413,0.904649168
ENSG00000196547,MAN2A2,0.267580878,0.904649168
ENSG00000168491,CCDC110,0.267623557,0.904649168
ENSG00000232564,.,0.267624349,0.904649168
ENSG00000135097,MSI1,0.267645877,0.904649168
ENSG00000181924,COA4,0.267650469,0.904649168
ENSG00000116984,MTR,0.267668711,0.904649168
ENSG00000185070,FLRT2,0.267679193,0.904649168
ENSG00000122641,INHBA,0.26768457,0.904649168
ENSG00000188921,PTPLAD2,0.267702501,0.904649168
ENSG00000110921,MVK,0.267702835,0.904649168
ENSG00000126106,TMEM53,0.267742203,0.904649168
ENSG00000136243,NUPL2,0.267811886,0.904649168
ENSG00000047617,ANO2,0.26791754,0.904649168
ENSG00000257499,.,0.267935326,0.904649168
ENSG00000122140,MRPS2,0.267991757,0.904649168
ENSG00000188859,FAM78B,0.268047032,0.904649168
ENSG00000113140,SPARC,0.268149423,0.904649168
ENSG00000181450,ZNF678,0.268164881,0.904649168
ENSG00000135776,ABCB10,0.268246883,0.904649168
ENSG00000163918,RFC4,0.268380074,0.904649168
ENSG00000170634,ACYP2,0.268447375,0.904649168
ENSG00000008838,MED24,0.268489238,0.904649168
ENSG00000259775,.,0.268491187,0.904649168
ENSG00000245958,.,0.268592461,0.904649168
ENSG00000099364,FBXL19,0.268734191,0.904649168
ENSG00000153820,SPHKAP,0.268741503,0.904649168
ENSG00000127125,PPCS,0.268764487,0.904649168
ENSG00000169016,E2F6,0.268830551,0.904649168
ENSG00000235286,.,0.268913527,0.904649168
ENSG00000120798,NR2C1,0.26897771,0.904649168
ENSG00000187479,C11orf96,0.268978312,0.904649168
ENSG00000230409,TCEA1P2,0.269070638,0.904649168
ENSG00000079805,DNM2,0.26911002,0.904649168
ENSG00000170619,COMMD5,0.269119744,0.904649168
ENSG00000149262,INTS4,0.269131531,0.904649168
ENSG00000127366,TAS2R5,0.269151509,0.904649168
ENSG00000183726,TMEM50A,0.269167226,0.904649168
ENSG00000185909,KLHDC8B,0.269182132,0.904649168
ENSG00000166171,DPCD,0.269262191,0.904649168
ENSG00000164465,DCBLD1,0.269268717,0.904649168
ENSG00000100321,SYNGR1,0.269307056,0.904649168
ENSG00000177469,PTRF,0.269473931,0.904857664
ENSG00000165644,COMTD1,0.269523922,0.904857664
ENSG00000140543,DET1,0.269579083,0.904857664
ENSG00000173041,ZNF680,0.269589512,0.904857664
ENSG00000248019,FAM13A-AS1,0.269736245,0.905034826
ENSG00000168234,TTC39C,0.269794603,0.905034826
ENSG00000175595,ERCC4,0.269831875,0.905034826
ENSG00000147471,PROSC,0.269875704,0.905034826
ENSG00000135127,CCDC64,0.269917833,0.905034826
ENSG00000260838,.,0.270013562,0.905116393
ENSG00000101040,ZMYND8,0.270052385,0.905116393
ENSG00000031823,RANBP3,0.270191833,0.905398994
ENSG00000159720,ATP6V0D1,0.270310548,0.90561202
ENSG00000100575,TIMM9,0.270411492,0.905749663
ENSG00000249485,RBBP4P1,0.27049867,0.905749663
ENSG00000205476,CCDC85C,0.270517086,0.905749663
ENSG00000169032,MAP2K1,0.270772488,0.906032437
ENSG00000158966,CACHD1,0.270838457,0.906032437
ENSG00000174177,CTU2,0.270869987,0.906032437
ENSG00000137513,NARS2,0.270922649,0.906032437
ENSG00000153406,NMRAL1,0.270979214,0.906032437
ENSG00000249242,TMEM150C,0.270995562,0.906032437
ENSG00000100897,DCAF11,0.271211182,0.906032437
ENSG00000054267,ARID4B,0.27127576,0.906032437
ENSG00000106692,FKTN,0.271302767,0.906032437
ENSG00000130755,GMFG,0.271334954,0.906032437
ENSG00000155463,OXA1L,0.271452109,0.906032437
ENSG00000249306,.,0.271643834,0.906032437
ENSG00000204104,TRAF3IP1,0.271747901,0.906032437
ENSG00000091536,MYO15A,0.271805889,0.906032437
ENSG00000178922,HYI,0.271806178,0.906032437
ENSG00000113580,NR3C1,0.271827025,0.906032437
ENSG00000181035,SLC25A42,0.271895879,0.906032437
ENSG00000164045,CDC25A,0.27193074,0.906032437
ENSG00000150977,RILPL2,0.271976264,0.906032437
ENSG00000198960,ARMCX6,0.272083304,0.906032437
ENSG00000119782,FKBP1B,0.272098579,0.906032437
ENSG00000144451,SPAG16,0.27225293,0.906032437
ENSG00000128951,DUT,0.272258892,0.906032437
ENSG00000118418,HMGN3,0.272287111,0.906032437
ENSG00000111907,TPD52L1,0.272306979,0.906032437
ENSG00000225880,LINC00115,0.272315499,0.906032437
ENSG00000120820,GLT8D2,0.272420217,0.906032437
ENSG00000152578,GRIA4,0.272428913,0.906032437
ENSG00000072135,PTPN18,0.272472654,0.906032437
ENSG00000197608,ZNF841,0.272489015,0.906032437
ENSG00000167701,GPT,0.272541185,0.906032437
ENSG00000172244,C5orf34,0.272551791,0.906032437
ENSG00000118292,C1orf54,0.272631493,0.906032437
ENSG00000113360,DROSHA,0.272634367,0.906032437
ENSG00000234377,POU4F1-AS1,0.272716025,0.906032437
ENSG00000142327,RNPEPL1,0.27272033,0.906032437
ENSG00000039139,DNAH5,0.272733622,0.906032437
ENSG00000137815,RTF1,0.272809575,0.906032437
ENSG00000108219,TSPAN14,0.27289596,0.906032437
ENSG00000143147,GPR161,0.273146389,0.906032437
ENSG00000125657,TNFSF9,0.27316256,0.906032437
ENSG00000197969,VPS13A,0.273275763,0.906032437
ENSG00000130713,EXOSC2,0.273302959,0.906032437
ENSG00000103187,COTL1,0.273326258,0.906032437
ENSG00000100207,TCF20,0.273488863,0.906032437
ENSG00000115306,SPTBN1,0.273659283,0.906032437
ENSG00000180900,SCRIB,0.273679313,0.906032437
ENSG00000244476,ERVFRD-1,0.273694763,0.906032437
ENSG00000172660,TAF15,0.273727417,0.906032437
ENSG00000095585,BLNK,0.273771494,0.906032437
ENSG00000143194,MAEL,0.273782586,0.906032437
ENSG00000162961,DPY30,0.273848515,0.906032437
ENSG00000154620,TMSB4Y,0.273874696,0.906032437
ENSG00000188133,TMEM215,0.273938659,0.906032437
ENSG00000172264,MACROD2,0.273942172,0.906032437
ENSG00000106258,CYP3A5,0.273976188,0.906032437
ENSG00000121879,PIK3CA,0.273988055,0.906032437
ENSG00000197846,HIST1H2BF,0.274042817,0.906032437
ENSG00000166667,.,0.274196965,0.906032437
ENSG00000110324,IL10RA,0.274228762,0.906032437
ENSG00000172273,HINFP,0.274288476,0.906032437
ENSG00000125398,SOX9,0.274346019,0.906032437
ENSG00000142207,URB1,0.274349407,0.906032437
ENSG00000224165,DNAJC27-AS1,0.274351114,0.906032437
ENSG00000127249,ATP13A4,0.274480617,0.906032437
ENSG00000196116,TDRD7,0.27450778,0.906032437
ENSG00000255384,.,0.274514621,0.906032437
ENSG00000187860,CCDC157,0.274521315,0.906032437
ENSG00000163412,EIF4E3,0.274523569,0.906032437
ENSG00000135439,AGAP2,0.274537697,0.906032437
ENSG00000260197,.,0.274539305,0.906032437
ENSG00000104321,TRPA1,0.274610874,0.906032437
ENSG00000189339,SLC35E2B,0.274628842,0.906032437
ENSG00000176170,SPHK1,0.274700784,0.906087762
ENSG00000054654,SYNE2,0.274761399,0.906105713
ENSG00000038210,PI4K2B,0.274921746,0.906324612
ENSG00000095370,SH2D3C,0.274985812,0.906324612
ENSG00000106018,VIPR2,0.274993335,0.906324612
ENSG00000157978,LDLRAP1,0.275090658,0.906354019
ENSG00000197444,OGDHL,0.275145644,0.906354019
ENSG00000147883,CDKN2B,0.275167822,0.906354019
ENSG00000239519,CADM2-AS1,0.275291391,0.906579209
ENSG00000248971,KRT8P46,0.27535258,0.906598922
ENSG00000185808,PIGP,0.275540473,0.906785075
ENSG00000102390,CXorf26,0.275551285,0.906785075
ENSG00000188186,LAMTOR4,0.275699395,0.906785075
ENSG00000155254,MARVELD1,0.275775092,0.906785075
ENSG00000107295,SH3GL2,0.275800094,0.906785075
ENSG00000148655,C10orf11,0.275867414,0.906785075
ENSG00000169919,GUSB,0.275868139,0.906785075
ENSG00000172766,NAA16,0.27589438,0.906785075
ENSG00000140511,HAPLN3,0.275945448,0.906785075
ENSG00000105835,NAMPT,0.275993021,0.906785075
ENSG00000154079,C6orf57,0.276016476,0.906785075
ENSG00000152939,MARVELD2,0.276092333,0.906852876
ENSG00000242086,.,0.276194346,0.907006549
ENSG00000196141,SPATS2L,0.276327228,0.907120741
ENSG00000117069,ST6GALNAC5,0.276415531,0.907120741
ENSG00000139192,TAPBPL,0.276472856,0.907120741
ENSG00000138759,FRAS1,0.276506564,0.907120741
ENSG00000170264,FAM161A,0.276530174,0.907120741
ENSG00000239873,GAPDHP27,0.276591095,0.907120741
ENSG00000198931,APRT,0.276649232,0.907120741
ENSG00000185722,ANKFY1,0.276682005,0.907120741
ENSG00000215193,PEX26,0.27679939,0.907120741
ENSG00000067900,ROCK1,0.276829852,0.907120741
ENSG00000177885,GRB2,0.276862403,0.907120741
ENSG00000136490,LIMD2,0.276891937,0.907120741
ENSG00000090273,NUDC,0.277054368,0.907471857
ENSG00000166747,AP1G1,0.277285255,0.908001338
ENSG00000186951,PPARA,0.277371754,0.908001338
ENSG00000111843,TMEM14C,0.277381886,0.908001338
ENSG00000163625,WDFY3,0.27751636,0.908260498
ENSG00000135605,TEC,0.277685761,0.90860734
ENSG00000159733,ZFYVE28,0.27777742,0.90860734
ENSG00000197629,MPEG1,0.277841122,0.90860734
ENSG00000105650,PDE4C,0.277843638,0.90860734
ENSG00000140450,ARRDC4,0.278107526,0.909246043
ENSG00000214160,ALG3,0.278197916,0.909246043
ENSG00000145868,FBXO38,0.278218745,0.909246043
ENSG00000006712,PAF1,0.278265342,0.909246043
ENSG00000224223,.,0.278331887,0.909246043
ENSG00000168116,KIAA1586,0.278371132,0.909246043
ENSG00000203797,DDO,0.278462618,0.909262655
ENSG00000167755,KLK6,0.278584831,0.909262655
ENSG00000196352,CD55,0.278687903,0.909262655
ENSG00000243452,NBPF15,0.278725373,0.909262655
ENSG00000187266,EPOR,0.278758007,0.909262655
ENSG00000184752,NDUFA12,0.27876511,0.909262655
ENSG00000124164,VAPB,0.27882679,0.909262655
ENSG00000254579,.,0.278863269,0.909262655
ENSG00000007255,TRAPPC6A,0.278874505,0.909262655
ENSG00000147799,ARHGAP39,0.279123198,0.909678794
ENSG00000104872,PIH1D1,0.279154973,0.909678794
ENSG00000117519,CNN3,0.279230147,0.909678794
ENSG00000232233,.,0.279253902,0.909678794
ENSG00000113161,HMGCR,0.27935778,0.909678794
ENSG00000249109,.,0.279378237,0.909678794
ENSG00000089876,DHX32,0.27953869,0.909678794
ENSG00000156313,RPGR,0.279606047,0.909678794
ENSG00000103550,C16orf88,0.279666985,0.909678794
ENSG00000197798,FAM118B,0.279679918,0.909678794
ENSG00000158089,GALNT14,0.279684971,0.909678794
ENSG00000197816,C9orf174,0.279722731,0.909678794
ENSG00000187688,TRPV2,0.279759957,0.909678794
ENSG00000233038,.,0.279777604,0.909678794
ENSG00000253305,PCDHGB6,0.279915602,0.909830303
ENSG00000106246,PTCD1,0.279957942,0.909830303
ENSG00000179010,MRFAP1,0.28003005,0.909830303
ENSG00000135373,EHF,0.280062055,0.909830303
ENSG00000163466,ARPC2,0.2801012,0.909830303
ENSG00000165678,GHITM,0.280187117,0.909929409
ENSG00000086619,ERO1LB,0.280321378,0.910119631
ENSG00000162755,KLHDC9,0.28035924,0.910119631
ENSG00000123977,WDR69,0.280411943,0.910119631
ENSG00000168646,AXIN2,0.280585694,0.910216388
ENSG00000117000,RLF,0.280607722,0.910216388
ENSG00000105953,OGDH,0.280608024,0.910216388
ENSG00000158850,B4GALT3,0.280782703,0.910295423
ENSG00000172673,THEMIS,0.280809751,0.910295423
ENSG00000163820,FYCO1,0.280853576,0.910295423
ENSG00000101624,CEP76,0.280854101,0.910295423
ENSG00000227232,WASH7P,0.28101235,0.910358602
ENSG00000162804,SNED1,0.28105156,0.910358602
ENSG00000184402,SS18L1,0.281132903,0.910358602
ENSG00000149050,ZNF214,0.281228956,0.910358602
ENSG00000132881,RSG1,0.281251849,0.910358602
ENSG00000039123,SKIV2L2,0.281330484,0.910358602
ENSG00000055070,SZRD1,0.281462337,0.910358602
ENSG00000134765,DSC1,0.281472893,0.910358602
ENSG00000229743,.,0.281474959,0.910358602
ENSG00000261087,.,0.281500955,0.910358602
ENSG00000197530,MIB2,0.28156589,0.910358602
ENSG00000155827,RNF20,0.281576772,0.910358602
ENSG00000176749,CDK5R1,0.281594209,0.910358602
ENSG00000181291,TMEM132E,0.281762776,0.910461629
ENSG00000152684,PELO,0.281788162,0.910461629
ENSG00000157916,RER1,0.281793199,0.910461629
ENSG00000233223,.,0.281847831,0.910461629
ENSG00000175161,CADM2,0.282104099,0.91087329
ENSG00000204519,ZNF551,0.282176471,0.91087329
ENSG00000077092,RARB,0.282210344,0.91087329
ENSG00000000460,C1orf112,0.282215986,0.91087329
ENSG00000136546,SCN7A,0.282256508,0.91087329
ENSG00000167985,SDHAF2,0.282381823,0.91087329
ENSG00000168291,PDHB,0.282440285,0.91087329
ENSG00000102317,RBM3,0.282474929,0.91087329
ENSG00000178852,EFCAB13,0.282533178,0.91087329
ENSG00000070367,EXOC5,0.282576955,0.91087329
ENSG00000109814,UGDH,0.282660482,0.91087329
ENSG00000241468,ATP5J2,0.282738781,0.91087329
ENSG00000146006,LRRTM2,0.282779083,0.91087329
ENSG00000175664,TEX26,0.282793335,0.91087329
ENSG00000123179,EBPL,0.282807216,0.91087329
ENSG00000198518,HIST1H4E,0.282908197,0.910904411
ENSG00000065060,UHRF1BP1,0.282938579,0.910904411
ENSG00000148154,UGCG,0.282996783,0.910904411
ENSG00000059573,ALDH18A1,0.283081779,0.910904411
ENSG00000125652,ALKBH7,0.283094204,0.910904411
ENSG00000258123,.,0.283293417,0.911366853
ENSG00000126756,UXT,0.283373142,0.911444794
ENSG00000189056,RELN,0.283472608,0.911572302
ENSG00000198846,TOX,0.283523797,0.911572302
ENSG00000010282,HHATL,0.283626837,0.91163057
ENSG00000175820,CCDC168,0.283652939,0.91163057
ENSG00000168701,TMEM208,0.284018509,0.911985858
ENSG00000174093,.,0.284068646,0.911985858
ENSG00000171792,RHNO1,0.284086601,0.911985858
ENSG00000135678,CPM,0.284172209,0.911985858
ENSG00000144567,FAM134A,0.28426196,0.911985858
ENSG00000171604,CXXC5,0.284267084,0.911985858
ENSG00000198467,TPM2,0.284330286,0.911985858
ENSG00000157379,DHRS1,0.28444078,0.911985858
ENSG00000154124,FAM105B,0.284457497,0.911985858
ENSG00000205763,RP9P,0.284638108,0.911985858
ENSG00000105928,DFNA5,0.284804436,0.911985858
ENSG00000143409,FAM63A,0.284959353,0.911985858
ENSG00000177807,KCNJ10,0.284987721,0.911985858
ENSG00000165238,WNK2,0.285107752,0.911985858
ENSG00000164342,TLR3,0.285166025,0.911985858
ENSG00000223396,RPS10P7,0.285204966,0.911985858
ENSG00000172366,FAM195A,0.285231107,0.911985858
ENSG00000170390,DCLK2,0.285280473,0.911985858
ENSG00000167257,RNF214,0.285321744,0.911985858
ENSG00000132305,IMMT,0.285357162,0.911985858
ENSG00000169550,MUC15,0.285375115,0.911985858
ENSG00000142655,PEX14,0.285381639,0.911985858
ENSG00000226742,HSBP1L1,0.285437085,0.911985858
ENSG00000117475,BLZF1,0.28549466,0.911985858
ENSG00000178171,FAM123C,0.285514797,0.911985858
ENSG00000103024,NME3,0.285552415,0.911985858
ENSG00000153064,BANK1,0.285650969,0.911985858
ENSG00000112562,SMOC2,0.285678069,0.911985858
ENSG00000164506,STXBP5,0.285804419,0.911985858
ENSG00000173660,UQCRH,0.285989932,0.911985858
ENSG00000198417,MT1F,0.286013957,0.911985858
ENSG00000257040,.,0.286021576,0.911985858
ENSG00000249859,PVT1,0.286029405,0.911985858
ENSG00000237720,.,0.286062404,0.911985858
ENSG00000086544,ITPKC,0.286081558,0.911985858
ENSG00000166025,AMOTL1,0.286091921,0.911985858
ENSG00000204623,ZNRD1-AS1,0.286166925,0.911985858
ENSG00000155189,AGPAT5,0.286176191,0.911985858
ENSG00000055813,CCDC85A,0.286192077,0.911985858
ENSG00000253974,NRG1-IT1,0.286274663,0.911985858
ENSG00000140092,FBLN5,0.286284279,0.911985858
ENSG00000162430,SEPN1,0.286319461,0.911985858
ENSG00000198911,SREBF2,0.286338504,0.911985858
ENSG00000128284,APOL3,0.286338528,0.911985858
ENSG00000136888,ATP6V1G1,0.286498699,0.911985858
ENSG00000163399,ATP1A1,0.286498758,0.911985858
ENSG00000141499,WRAP53,0.286526341,0.911985858
ENSG00000199916,RMRP,0.286609801,0.911985858
ENSG00000173141,MRP63,0.286625346,0.911985858
ENSG00000116729,WLS,0.286666982,0.911985858
ENSG00000164663,USP49,0.286691665,0.911985858
ENSG00000120049,KCNIP2,0.286719838,0.911985858
ENSG00000165392,WRN,0.286857857,0.911985858
ENSG00000179583,CIITA,0.286948852,0.911985858
ENSG00000168959,GRM5,0.286972718,0.911985858
ENSG00000187244,BCAM,0.287004482,0.911985858
ENSG00000134452,FBXO18,0.287135844,0.911985858
ENSG00000134109,EDEM1,0.287271762,0.911985858
ENSG00000196531,NACA,0.287320434,0.911985858
ENSG00000112983,BRD8,0.287330205,0.911985858
ENSG00000140526,ABHD2,0.287345007,0.911985858
ENSG00000170396,ZNF804A,0.287345074,0.911985858
ENSG00000103150,MLYCD,0.287377078,0.911985858
ENSG00000196418,ZNF124,0.287422348,0.911985858
ENSG00000150556,LYPD6B,0.287606583,0.911985858
ENSG00000150712,MTMR12,0.287634794,0.911985858
ENSG00000137504,CREBZF,0.287674763,0.911985858
ENSG00000125037,EMC3,0.287910115,0.911985858
ENSG00000170035,UBE2E3,0.288007916,0.911985858
ENSG00000255561,FDXACB1,0.28813699,0.911985858
ENSG00000154096,THY1,0.288185188,0.911985858
ENSG00000176438,SYNE3,0.288216278,0.911985858
ENSG00000146085,MUT,0.288250221,0.911985858
ENSG00000213462,ERV3-1,0.288321602,0.911985858
ENSG00000164219,PGGT1B,0.288330975,0.911985858
ENSG00000182165,TP53TG1,0.288365192,0.911985858
ENSG00000174652,ZNF266,0.288391752,0.911985858
ENSG00000128274,A4GALT,0.288463022,0.911985858
ENSG00000184378,ACTRT3,0.288541306,0.911985858
ENSG00000073150,PANX2,0.288560816,0.911985858
ENSG00000164808,KIAA0146,0.28860825,0.911985858
ENSG00000115252,PDE1A,0.288657752,0.911985858
ENSG00000160208,RRP1B,0.28871418,0.911985858
ENSG00000160190,SLC37A1,0.288858378,0.911985858
ENSG00000018236,CNTN1,0.288939324,0.911985858
ENSG00000146828,SLC12A9,0.289097044,0.911985858
ENSG00000135272,MDFIC,0.289165146,0.911985858
ENSG00000115526,CHST10,0.289269848,0.911985858
ENSG00000238881,SCARNA2,0.289397834,0.911985858
ENSG00000203880,PCMTD2,0.289416005,0.911985858
ENSG00000164124,TMEM144,0.289429253,0.911985858
ENSG00000108239,TBC1D12,0.289430379,0.911985858
ENSG00000106992,AK1,0.289436929,0.911985858
ENSG00000153879,CEBPG,0.289441825,0.911985858
ENSG00000128563,PRKRIP1,0.289497692,0.911985858
ENSG00000261220,.,0.289501687,0.911985858
ENSG00000156515,HK1,0.28951915,0.911985858
ENSG00000076641,PAG1,0.289561846,0.911985858
ENSG00000251372,LINC00499,0.289707751,0.911985858
ENSG00000133026,MYH10,0.289736874,0.911985858
ENSG00000108406,DHX40,0.289753724,0.911985858
ENSG00000137331,IER3,0.289769728,0.911985858
ENSG00000197362,ZNF786,0.28987624,0.911985858
ENSG00000198301,SDAD1,0.289928705,0.911985858
ENSG00000168811,IL12A,0.289961473,0.911985858
ENSG00000102241,HTATSF1,0.289970775,0.911985858
ENSG00000260432,.,0.290007124,0.911985858
ENSG00000134115,CNTN6,0.290009505,0.911985858
ENSG00000122707,RECK,0.290038532,0.911985858
ENSG00000228212,OFD1P17,0.290093631,0.911985858
ENSG00000117528,ABCD3,0.290127617,0.911985858
ENSG00000233177,.,0.290229395,0.911985858
ENSG00000140854,KATNB1,0.290303905,0.911985858
ENSG00000197863,ZNF790,0.290333933,0.911985858
ENSG00000063587,ZNF275,0.290334678,0.911985858
ENSG00000253251,.,0.290378989,0.911985858
ENSG00000119280,C1orf198,0.290457529,0.911985858
ENSG00000099282,TSPAN15,0.290523207,0.911985858
ENSG00000127603,MACF1,0.290581059,0.911985858
ENSG00000131508,UBE2D2,0.290610016,0.911985858
ENSG00000171714,ANO5,0.290672159,0.911985858
ENSG00000161298,ZNF382,0.290676457,0.911985858
ENSG00000070371,CLTCL1,0.290804033,0.911985858
ENSG00000085733,CTTN,0.290867589,0.911985858
ENSG00000008282,SYPL1,0.290890628,0.911985858
ENSG00000145919,BOD1,0.290913114,0.911985858
ENSG00000123353,ORMDL2,0.290921701,0.911985858
ENSG00000136861,CDK5RAP2,0.290926935,0.911985858
ENSG00000179314,WSCD1,0.291001993,0.911985858
ENSG00000169251,NMD3,0.291016511,0.911985858
ENSG00000086300,SNX10,0.291161888,0.911985858
ENSG00000185432,METTL7A,0.291169251,0.911985858
ENSG00000163041,H3F3A,0.291202687,0.911985858
ENSG00000041515,MYO16,0.291250674,0.911985858
ENSG00000152076,CCDC74B,0.291290177,0.911985858
ENSG00000104205,SGK3,0.291315704,0.911985858
ENSG00000006062,MAP3K14,0.291477346,0.912258892
ENSG00000003096,KLHL13,0.291606509,0.912258892
ENSG00000266912,.,0.291619633,0.912258892
ENSG00000167775,CD320,0.291714119,0.912258892
ENSG00000005483,MLL5,0.29172372,0.912258892
ENSG00000111262,KCNA1,0.291853156,0.912258892
ENSG00000118473,SGIP1,0.291870984,0.912258892
ENSG00000080200,CRYBG3,0.291879452,0.912258892
ENSG00000120837,NFYB,0.291902848,0.912258892
ENSG00000113494,PRLR,0.291984037,0.912339011
ENSG00000214562,FAM22D,0.292118071,0.91258419
ENSG00000155729,KCTD18,0.292183876,0.912616164
ENSG00000132256,TRIM5,0.292392133,0.913092982
ENSG00000147145,LPAR4,0.292650956,0.913229076
ENSG00000184178,SCFD2,0.292660054,0.913229076
ENSG00000142347,MYO1F,0.292841943,0.913229076
ENSG00000177133,.,0.29300151,0.913229076
ENSG00000196421,LINC00176,0.293005125,0.913229076
ENSG00000138678,AGPAT9,0.293093297,0.913229076
ENSG00000168275,COA6,0.293138013,0.913229076
ENSG00000077147,TM9SF3,0.293201157,0.913229076
ENSG00000164252,AGGF1,0.293295684,0.913229076
ENSG00000067646,ZFY,0.293301273,0.913229076
ENSG00000067840,PDZD4,0.293432556,0.913229076
ENSG00000124942,AHNAK,0.29347227,0.913229076
ENSG00000134716,CYP2J2,0.293508772,0.913229076
ENSG00000130413,STK33,0.293533528,0.913229076
ENSG00000118507,AKAP7,0.293619785,0.913229076
ENSG00000141543,EIF4A3,0.293715941,0.913229076
ENSG00000183150,GPR19,0.293753017,0.913229076
ENSG00000010671,BTK,0.293811512,0.913229076
ENSG00000056972,TRAF3IP2,0.293834259,0.913229076
ENSG00000151834,GABRA2,0.293938491,0.913229076
ENSG00000107282,APBA1,0.293969034,0.913229076
ENSG00000145354,CISD2,0.294036087,0.913229076
ENSG00000134905,CARS2,0.294070565,0.913229076
ENSG00000164142,FAM160A1,0.294143351,0.913229076
ENSG00000139971,C14orf37,0.294347505,0.913229076
ENSG00000153975,ZUFSP,0.294462487,0.913229076
ENSG00000177150,FAM210A,0.294521048,0.913229076
ENSG00000158292,GPR153,0.294723796,0.913229076
ENSG00000187098,MITF,0.294733149,0.913229076
ENSG00000232682,.,0.294776078,0.913229076
ENSG00000111726,CMAS,0.294823236,0.913229076
ENSG00000147526,TACC1,0.29496287,0.913229076
ENSG00000096696,DSP,0.295000358,0.913229076
ENSG00000183826,BTBD9,0.295031591,0.913229076
ENSG00000131475,VPS25,0.295044415,0.913229076
ENSG00000152944,MED21,0.29505282,0.913229076
ENSG00000166986,MARS,0.29505594,0.913229076
ENSG00000249459,ZNF286B,0.295172559,0.913229076
ENSG00000135709,KIAA0513,0.295215794,0.913229076
ENSG00000163945,UVSSA,0.295277425,0.913229076
ENSG00000148225,WDR31,0.295341449,0.913229076
ENSG00000132205,EMILIN2,0.295345063,0.913229076
ENSG00000129562,DAD1,0.295367784,0.913229076
ENSG00000171492,LRRC8D,0.295427365,0.913229076
ENSG00000186480,INSIG1,0.295459123,0.913229076
ENSG00000189298,ZKSCAN3,0.295540115,0.913229076
ENSG00000153207,AHCTF1,0.295679008,0.913229076
ENSG00000136709,WDR33,0.295695825,0.913229076
ENSG00000166979,EVA1C,0.295749689,0.913229076
ENSG00000147027,TMEM47,0.295776223,0.913229076
ENSG00000142156,COL6A1,0.295802742,0.913229076
ENSG00000106443,PHF14,0.295827605,0.913229076
ENSG00000169031,COL4A3,0.295828522,0.913229076
ENSG00000175792,RUVBL1,0.295926763,0.913229076
ENSG00000146281,PM20D2,0.295936298,0.913229076
ENSG00000125457,MIF4GD,0.295960874,0.913229076
ENSG00000118518,RNF146,0.295978159,0.913229076
ENSG00000182749,PAQR7,0.296011515,0.913229076
ENSG00000213442,RPL18AP3,0.296027622,0.913229076
ENSG00000074276,CDHR2,0.296118516,0.913229076
ENSG00000156113,KCNMA1,0.296136706,0.913229076
ENSG00000196437,ZNF569,0.296138714,0.913229076
ENSG00000173327,MAP3K11,0.296162511,0.913229076
ENSG00000228775,.,0.296175335,0.913229076
ENSG00000109220,CHIC2,0.296205616,0.913229076
ENSG00000139718,SETD1B,0.296214173,0.913229076
ENSG00000168843,FSTL5,0.296310532,0.913229076
ENSG00000164116,GUCY1A3,0.296317608,0.913229076
ENSG00000221923,ZNF880,0.296519342,0.913229076
ENSG00000166272,WBP1L,0.296539754,0.913229076
ENSG00000254093,PINX1,0.296658774,0.913229076
ENSG00000226696,LENG8-AS1,0.296659145,0.913229076
ENSG00000198719,DLL1,0.296715117,0.913229076
ENSG00000145681,HAPLN1,0.296736164,0.913229076
ENSG00000164530,PI16,0.29693589,0.913229076
ENSG00000262758,.,0.2969505,0.913229076
ENSG00000102003,SYP,0.296972636,0.913229076
ENSG00000116786,PLEKHM2,0.297029335,0.913229076
ENSG00000182973,CNOT10,0.297070014,0.913229076
ENSG00000140350,ANP32A,0.297120973,0.913229076
ENSG00000246731,.,0.297132963,0.913229076
ENSG00000001167,NFYA,0.297196334,0.913229076
ENSG00000205035,.,0.297211773,0.913229076
ENSG00000066032,CTNNA2,0.297216555,0.913229076
ENSG00000082212,ME2,0.297252607,0.913229076
ENSG00000046651,OFD1,0.297301217,0.913229076
ENSG00000102580,DNAJC3,0.297493719,0.913229076
ENSG00000197971,MBP,0.297510031,0.913229076
ENSG00000172175,MALT1,0.297634892,0.913229076
ENSG00000251580,.,0.297688654,0.913229076
ENSG00000131165,CHMP1A,0.297699876,0.913229076
ENSG00000135211,TMEM60,0.297705425,0.913229076
ENSG00000111711,GOLT1B,0.297726172,0.913229076
ENSG00000166847,DCTN5,0.297728291,0.913229076
ENSG00000119929,CUTC,0.297783313,0.913229076
ENSG00000137478,FCHSD2,0.297822283,0.913229076
ENSG00000175048,ZDHHC14,0.297940318,0.913229076
ENSG00000124688,MAD2L1BP,0.298030651,0.913229076
ENSG00000136108,CKAP2,0.298077385,0.913229076
ENSG00000122756,CNTFR,0.298306103,0.913229076
ENSG00000119900,OGFRL1,0.298402034,0.913229076
ENSG00000187889,C1orf168,0.298454894,0.913229076
ENSG00000186628,FSD2,0.29857505,0.913229076
ENSG00000265688,MAFG-AS1,0.298686984,0.913229076
ENSG00000132718,SYT11,0.298691609,0.913229076
ENSG00000075391,RASAL2,0.298740406,0.913229076
ENSG00000260788,.,0.298749247,0.913229076
ENSG00000185305,ARL15,0.298795331,0.913229076
ENSG00000136003,ISCU,0.298797028,0.913229076
ENSG00000146373,RNF217,0.298799201,0.913229076
ENSG00000215196,.,0.298889857,0.913229076
ENSG00000240857,RDH14,0.29907748,0.913229076
ENSG00000047597,XK,0.299196503,0.913229076
ENSG00000156687,UNC5D,0.299198782,0.913229076
ENSG00000251595,ABCA11P,0.299219192,0.913229076
ENSG00000122545,SEPT7,0.29922298,0.913229076
ENSG00000121897,LIAS,0.299234021,0.913229076
ENSG00000182481,KPNA2,0.29928423,0.913229076
ENSG00000186231,KLHL32,0.299288077,0.913229076
ENSG00000171421,MRPL36,0.299290283,0.913229076
ENSG00000139613,SMARCC2,0.299339218,0.913229076
ENSG00000149243,KLHL35,0.299372369,0.913229076
ENSG00000198176,TFDP1,0.299388248,0.913229076
ENSG00000179532,DNHD1,0.299420862,0.913229076
ENSG00000188266,AGPHD1,0.299456077,0.913229076
ENSG00000239713,APOBEC3G,0.299485171,0.913229076
ENSG00000154451,GBP5,0.299497766,0.913229076
ENSG00000127415,IDUA,0.299682266,0.913477378
ENSG00000225889,.,0.299690441,0.913477378
ENSG00000188803,SHISA6,0.299781276,0.913564318
ENSG00000165806,CASP7,0.299847702,0.913564318
ENSG00000256872,NOL12,0.299885845,0.913564318
ENSG00000162139,NEU3,0.3001436,0.913907183
ENSG00000105397,TYK2,0.300235507,0.913907183
ENSG00000115828,QPCT,0.300339637,0.913907183
ENSG00000112308,C6orf62,0.300354634,0.913907183
ENSG00000205659,LIN52,0.300427114,0.913907183
ENSG00000169085,C8orf46,0.300438483,0.913907183
ENSG00000171115,GIMAP8,0.300457181,0.913907183
ENSG00000173598,NUDT4,0.300484523,0.913907183
ENSG00000065833,ME1,0.300499226,0.913907183
ENSG00000099385,BCL7C,0.300569011,0.91395017
ENSG00000164032,H2AFZ,0.300794378,0.914371884
ENSG00000122218,COPA,0.300826398,0.914371884
ENSG00000171847,FAM90A1,0.300874728,0.914371884
ENSG00000100325,ASCC2,0.301116181,0.91482654
ENSG00000198406,BZW1P2,0.301167268,0.91482654
ENSG00000186812,ZNF397,0.30122138,0.91482654
ENSG00000178531,CTXN1,0.30136322,0.91482654
ENSG00000172602,RND1,0.301398052,0.91482654
ENSG00000105255,FSD1,0.30141384,0.91482654
ENSG00000198860,TSEN15,0.301414261,0.91482654
ENSG00000226852,.,0.301538931,0.91503582
ENSG00000237943,.,0.301619169,0.915110217
ENSG00000161912,ADCY10P1,0.301887055,0.915636352
ENSG00000105053,VRK3,0.301904088,0.915636352
ENSG00000256594,.,0.302014289,0.915744239
ENSG00000197321,SVIL,0.302051181,0.915744239
ENSG00000242385,LSAMP-AS4,0.302116784,0.915774077
ENSG00000184515,BEX5,0.302265832,0.915912777
ENSG00000102158,MAGT1,0.302281154,0.915912777
ENSG00000159459,UBR1,0.302390368,0.915912777
ENSG00000071462,WBSCR22,0.302525437,0.915912777
ENSG00000121067,SPOP,0.302546097,0.915912777
ENSG00000094804,CDC6,0.302552044,0.915912777
ENSG00000006740,ARHGAP44,0.302552933,0.915912777
ENSG00000255622,.,0.30263552,0.915993944
ENSG00000215301,DDX3X,0.302797733,0.916259754
ENSG00000144893,MED12L,0.302834923,0.916259754
ENSG00000176473,WDR25,0.302909369,0.916316185
ENSG00000138326,RPS24,0.303143192,0.91685463
ENSG00000184785,CXorf69,0.303226561,0.916937914
ENSG00000114867,EIF4G1,0.303326679,0.917036671
ENSG00000122550,KLHL7,0.303395687,0.917036671
ENSG00000127995,CASD1,0.303426735,0.917036671
ENSG00000196922,ZNF252P,0.303498422,0.917084561
ENSG00000105298,CACTIN,0.303874568,0.918052251
ENSG00000117713,ARID1A,0.304107075,0.918085981
ENSG00000100926,TM9SF1,0.304174517,0.918085981
ENSG00000100116,GCAT,0.304226996,0.918085981
ENSG00000183751,TBL3,0.304231187,0.918085981
ENSG00000163535,SGOL2,0.30427721,0.918085981
ENSG00000134070,IRAK2,0.304412687,0.918085981
ENSG00000159399,HK2,0.304414617,0.918085981
ENSG00000165934,CPSF2,0.304533083,0.918085981
ENSG00000107338,SHB,0.304763697,0.918085981
ENSG00000147485,PXDNL,0.304809705,0.918085981
ENSG00000119771,KLHL29,0.304813489,0.918085981
ENSG00000198189,HSD17B11,0.304901802,0.918085981
ENSG00000023909,GCLM,0.30498285,0.918085981
ENSG00000108669,CYTH1,0.3050502,0.918085981
ENSG00000241837,ATP5O,0.305065933,0.918085981
ENSG00000138036,DYNC2LI1,0.305104966,0.918085981
ENSG00000163071,SPATA18,0.305159995,0.918085981
ENSG00000117461,PIK3R3,0.305163133,0.918085981
ENSG00000133872,TMEM66,0.305202015,0.918085981
ENSG00000174945,AMZ1,0.305242991,0.918085981
ENSG00000196937,FAM3C,0.305290721,0.918085981
ENSG00000089006,SNX5,0.305364084,0.918085981
ENSG00000186352,ANKRD37,0.305399321,0.918085981
ENSG00000168268,NT5DC2,0.30542525,0.918085981
ENSG00000139684,ESD,0.305436518,0.918085981
ENSG00000107341,UBE2R2,0.305522639,0.918085981
ENSG00000125122,LRRC29,0.305725407,0.918085981
ENSG00000128965,CHAC1,0.305749654,0.918085981
ENSG00000162129,CLPB,0.305769223,0.918085981
ENSG00000197724,PHF2,0.305799222,0.918085981
ENSG00000155858,LSM11,0.305815136,0.918085981
ENSG00000153395,LPCAT1,0.305845987,0.918085981
ENSG00000168216,LMBRD1,0.305865578,0.918085981
ENSG00000160801,PTH1R,0.305958467,0.918085981
ENSG00000140545,MFGE8,0.306055447,0.918085981
ENSG00000057608,GDI2,0.306071674,0.918085981
ENSG00000134201,GSTM5,0.306130032,0.918085981
ENSG00000196963,PCDHB16,0.306182918,0.918085981
ENSG00000171940,ZNF217,0.306290403,0.918085981
ENSG00000173614,NMNAT1,0.306424133,0.918085981
ENSG00000088876,ZNF343,0.306426904,0.918085981
ENSG00000116703,PDC,0.306527585,0.918085981
ENSG00000065621,GSTO2,0.306554585,0.918085981
ENSG00000134759,ELP2,0.306563217,0.918085981
ENSG00000232774,.,0.306569907,0.918085981
ENSG00000125810,CD93,0.306583904,0.918085981
ENSG00000236548,.,0.306658218,0.918085981
ENSG00000198633,ZNF534,0.306882893,0.918085981
ENSG00000235314,.,0.306925883,0.918085981
ENSG00000182508,LHFPL1,0.306963924,0.918085981
ENSG00000261311,.,0.306981989,0.918085981
ENSG00000067334,DNTTIP2,0.307068816,0.918085981
ENSG00000124155,PIGT,0.307136328,0.918085981
ENSG00000205937,RNPS1,0.30716675,0.918085981
ENSG00000031691,CENPQ,0.307179121,0.918085981
ENSG00000159363,ATP13A2,0.307209541,0.918085981
ENSG00000129028,THAP10,0.307270621,0.918085981
ENSG00000110400,PVRL1,0.307328738,0.918085981
ENSG00000258297,.,0.307359693,0.918085981
ENSG00000091428,RAPGEF4,0.307367724,0.918085981
ENSG00000064601,CTSA,0.307391561,0.918085981
ENSG00000114268,PFKFB4,0.307397765,0.918085981
ENSG00000198483,ANKRD35,0.307407588,0.918085981
ENSG00000180530,NRIP1,0.307710358,0.918620704
ENSG00000091664,SLC17A6,0.3077329,0.918620704
ENSG00000180113,TDRD6,0.307889319,0.918620704
ENSG00000215271,HOMEZ,0.307909255,0.918620704
ENSG00000169083,AR,0.307977707,0.918620704
ENSG00000156374,PCGF6,0.308094632,0.918620704
ENSG00000184640,SEPT9,0.308103574,0.918620704
ENSG00000213676,ATF6B,0.308217281,0.918620704
ENSG00000076604,TRAF4,0.308239001,0.918620704
ENSG00000073969,NSF,0.30827448,0.918620704
ENSG00000123411,IKZF4,0.308362283,0.918620704
ENSG00000163629,PTPN13,0.308459761,0.918620704
ENSG00000026652,AGPAT4,0.308463867,0.918620704
ENSG00000120688,WBP4,0.308553095,0.918620704
ENSG00000141504,SAT2,0.30860518,0.918620704
ENSG00000033170,FUT8,0.308703669,0.918620704
ENSG00000241553,ARPC4,0.308738471,0.918620704
ENSG00000269290,.,0.308853421,0.918620704
ENSG00000063015,SEZ6,0.308874853,0.918620704
ENSG00000226686,.,0.309074818,0.918620704
ENSG00000137393,RNF144B,0.309140337,0.918620704
ENSG00000069509,FUNDC1,0.309231764,0.918620704
ENSG00000198836,OPA1,0.309232121,0.918620704
ENSG00000158796,DEDD,0.309250745,0.918620704
ENSG00000081181,ARG2,0.309253033,0.918620704
ENSG00000120696,KBTBD7,0.309260024,0.918620704
ENSG00000010404,IDS,0.309280499,0.918620704
ENSG00000163328,GPR155,0.309443503,0.918620704
ENSG00000057294,PKP2,0.30947674,0.918620704
ENSG00000182158,CREB3L2,0.30951262,0.918620704
ENSG00000253159,PCDHGA12,0.309670222,0.918620704
ENSG00000155959,VBP1,0.309696,0.918620704
ENSG00000107742,SPOCK2,0.309703228,0.918620704
ENSG00000116138,DNAJC16,0.309718332,0.918620704
ENSG00000169064,ZBBX,0.309724432,0.918620704
ENSG00000118705,RPN2,0.30977193,0.918620704
ENSG00000232164,.,0.309818715,0.918620704
ENSG00000129151,BBOX1,0.309836919,0.918620704
ENSG00000107938,C10orf137,0.309869317,0.918620704
ENSG00000164253,WDR41,0.309917589,0.918620704
ENSG00000101752,MIB1,0.309927778,0.918620704
ENSG00000163322,FAM175A,0.309935902,0.918620704
ENSG00000101474,APMAP,0.310283508,0.918770819
ENSG00000163879,DNALI1,0.310287789,0.918770819
ENSG00000168214,RBPJ,0.310384412,0.918770819
ENSG00000185585,OLFML2A,0.310458313,0.918770819
ENSG00000108591,DRG2,0.310484584,0.918770819
ENSG00000103769,RAB11A,0.310517437,0.918770819
ENSG00000132017,DCAF15,0.310550065,0.918770819
ENSG00000186288,PABPC1L2A,0.310559376,0.918770819
ENSG00000138942,RNF185,0.310643001,0.918770819
ENSG00000132330,SCLY,0.310650241,0.918770819
ENSG00000164076,CAMKV,0.310656484,0.918770819
ENSG00000100916,BRMS1L,0.310707248,0.918770819
ENSG00000196152,ZNF79,0.310713824,0.918770819
ENSG00000188677,PARVB,0.310864242,0.918891061
ENSG00000115896,PLCL1,0.310866391,0.918891061
ENSG00000160688,FLAD1,0.310998124,0.918935259
ENSG00000177406,.,0.311001575,0.918935259
ENSG00000088992,TESC,0.311140702,0.918935259
ENSG00000074319,TSG101,0.311157093,0.918935259
ENSG00000267352,SH3GL1P3,0.311180481,0.918935259
ENSG00000152465,NMT2,0.311461675,0.918935259
ENSG00000033178,UBA6,0.311511246,0.918935259
ENSG00000113013,HSPA9,0.311555331,0.918935259
ENSG00000234198,.,0.311604896,0.918935259
ENSG00000244617,ASPRV1,0.311605842,0.918935259
ENSG00000197442,MAP3K5,0.311645598,0.918935259
ENSG00000069275,NUCKS1,0.311646713,0.918935259
ENSG00000132254,ARFIP2,0.311648538,0.918935259
ENSG00000132406,TMEM128,0.311678806,0.918935259
ENSG00000241956,.,0.311775098,0.918935259
ENSG00000124772,CPNE5,0.31177661,0.918935259
ENSG00000169084,DHRSX,0.311996517,0.919418409
ENSG00000160961,ZNF333,0.312055592,0.919427519
ENSG00000241973,PI4KA,0.312223418,0.919593654
ENSG00000173812,EIF1,0.312248175,0.919593654
ENSG00000135506,OS9,0.312279962,0.919593654
ENSG00000142528,ZNF473,0.312338228,0.919600343
ENSG00000179083,FAM133A,0.312534666,0.919702663
ENSG00000242094,FOXP1-IT1,0.312554422,0.919702663
ENSG00000218510,LINC00339,0.312585464,0.919702663
ENSG00000138316,ADAMTS14,0.312596984,0.919702663
ENSG00000115616,SLC9A2,0.312811108,0.920167801
ENSG00000217801,.,0.313047626,0.920187345
ENSG00000180777,ANKRD30B,0.313098819,0.920187345
ENSG00000088888,MAVS,0.313173734,0.920187345
ENSG00000170445,HARS,0.313220544,0.920187345
ENSG00000135521,LTV1,0.313232923,0.920187345
ENSG00000019485,PRDM11,0.313426905,0.920187345
ENSG00000110171,TRIM3,0.313451096,0.920187345
ENSG00000188033,ZNF490,0.313609237,0.920187345
ENSG00000134077,THUMPD3,0.313696285,0.920187345
ENSG00000171503,ETFDH,0.313698221,0.920187345
ENSG00000171867,PRNP,0.313855341,0.920187345
ENSG00000103254,FAM173A,0.313935094,0.920187345
ENSG00000230733,.,0.313962664,0.920187345
ENSG00000157881,PANK4,0.314024018,0.920187345
ENSG00000204370,SDHD,0.314042999,0.920187345
ENSG00000197461,PDGFA,0.314145205,0.920187345
ENSG00000182247,UBE2E2,0.314194542,0.920187345
ENSG00000059691,PET112,0.314376574,0.920187345
ENSG00000038945,MSR1,0.314513869,0.920187345
ENSG00000070193,FGF10,0.314584855,0.920187345
ENSG00000183765,CHEK2,0.314715786,0.920187345
ENSG00000198862,LTN1,0.314794047,0.920187345
ENSG00000166402,TUB,0.314922517,0.920187345
ENSG00000167186,COQ7,0.314984924,0.920187345
ENSG00000046604,DSG2,0.314987946,0.920187345
ENSG00000134333,LDHA,0.315011728,0.920187345
ENSG00000115966,ATF2,0.315023118,0.920187345
ENSG00000086062,B4GALT1,0.315078561,0.920187345
ENSG00000120616,EPC1,0.31507977,0.920187345
ENSG00000105339,DENND3,0.315159648,0.920187345
ENSG00000116521,SCAMP3,0.31519168,0.920187345
ENSG00000008018,PSMB1,0.315209384,0.920187345
ENSG00000108387,SEPT4,0.315228041,0.920187345
ENSG00000162747,FCGR3B,0.315260617,0.920187345
ENSG00000131849,ZNF132,0.315262098,0.920187345
ENSG00000152253,SPC25,0.31534637,0.920187345
ENSG00000144744,UBA3,0.315480184,0.920187345
ENSG00000136160,EDNRB,0.315574831,0.920187345
ENSG00000172071,EIF2AK3,0.315659355,0.920187345
ENSG00000146433,TMEM181,0.315737367,0.920187345
ENSG00000151116,UEVLD,0.315742568,0.920187345
ENSG00000131503,ANKHD1,0.3157656,0.920187345
ENSG00000169221,TBC1D10B,0.31576826,0.920187345
ENSG00000203747,FCGR3A,0.315820539,0.920187345
ENSG00000128731,HERC2,0.315854213,0.920187345
ENSG00000167771,RCOR2,0.315895298,0.920187345
ENSG00000196914,ARHGEF12,0.31597826,0.920187345
ENSG00000255423,EBLN2,0.315988261,0.920187345
ENSG00000165698,C9orf9,0.316124722,0.920187345
ENSG00000071127,WDR1,0.316172384,0.920187345
ENSG00000159111,MRPL10,0.316244042,0.920187345
ENSG00000072571,HMMR,0.316278859,0.920187345
ENSG00000047621,C12orf4,0.316287694,0.920187345
ENSG00000163636,PSMD6,0.316373389,0.920187345
ENSG00000205873,.,0.316425257,0.920187345
ENSG00000108231,LGI1,0.316506044,0.920187345
ENSG00000110079,MS4A4A,0.316517144,0.920187345
ENSG00000143643,TTC13,0.316548602,0.920187345
ENSG00000175309,AGXT2L2,0.316674586,0.920187345
ENSG00000159873,CCDC117,0.316750265,0.920187345
ENSG00000173914,RBM4B,0.316756586,0.920187345
ENSG00000170144,HNRNPA3,0.316757135,0.920187345
ENSG00000251192,ZNF674,0.316800902,0.920187345
ENSG00000198915,RASGEF1A,0.316852225,0.920187345
ENSG00000114948,ADAM23,0.316891911,0.920187345
ENSG00000100206,DMC1,0.316912498,0.920187345
ENSG00000169668,BCRP2,0.316913234,0.920187345
ENSG00000136805,FRRS1L,0.316921405,0.920187345
ENSG00000134594,RAB33A,0.316971067,0.920187345
ENSG00000177239,MAN1B1,0.317072852,0.920187345
ENSG00000100027,YPEL1,0.317111953,0.920187345
ENSG00000119718,EIF2B2,0.317122555,0.920187345
ENSG00000124523,SIRT5,0.317130723,0.920187345
ENSG00000166579,NDEL1,0.317153984,0.920187345
ENSG00000181192,DHTKD1,0.31715619,0.920187345
ENSG00000189091,SF3B3,0.317204896,0.920187345
ENSG00000233237,LINC00472,0.317335708,0.920187345
ENSG00000240583,AQP1,0.31736463,0.920187345
ENSG00000258429,PDF,0.317450767,0.920187345
ENSG00000183648,NDUFB1,0.317727589,0.920187345
ENSG00000164610,RP9,0.31774636,0.920187345
ENSG00000259113,.,0.317920491,0.920187345
ENSG00000180917,FTSJD1,0.317994416,0.920187345
ENSG00000230445,LRRC37A6P,0.318029029,0.920187345
ENSG00000081791,KIAA0141,0.318099827,0.920187345
ENSG00000102226,USP11,0.318125462,0.920187345
ENSG00000080819,CPOX,0.31815848,0.920187345
ENSG00000231925,TAPBP,0.318219578,0.920187345
ENSG00000106686,SPATA6L,0.318221906,0.920187345
ENSG00000198093,ZNF649,0.3183435,0.920187345
ENSG00000121058,COIL,0.31842551,0.920187345
ENSG00000196218,RYR1,0.318484634,0.920187345
ENSG00000188735,TMEM120B,0.318495983,0.920187345
ENSG00000154144,TBRG1,0.318529554,0.920187345
ENSG00000214694,ARHGEF33,0.318537737,0.920187345
ENSG00000196867,ZFP28,0.318538791,0.920187345
ENSG00000176720,BOK,0.318604553,0.920187345
ENSG00000163714,U2SURP,0.318742305,0.920187345
ENSG00000166971,AKTIP,0.318750553,0.920187345
ENSG00000130766,SESN2,0.318805305,0.920187345
ENSG00000170899,GSTA4,0.318848196,0.920187345
ENSG00000164600,NEUROD6,0.318851395,0.920187345
ENSG00000118007,STAG1,0.318969953,0.920187345
ENSG00000174306,ZHX3,0.319005456,0.920187345
ENSG00000143801,PSEN2,0.319063645,0.920187345
ENSG00000017260,ATP2C1,0.319096078,0.920187345
ENSG00000107669,ATE1,0.319170727,0.920187345
ENSG00000243725,TTC4,0.319307222,0.920187345
ENSG00000035687,ADSS,0.319373111,0.920187345
ENSG00000158623,COPG2,0.319393192,0.920187345
ENSG00000152767,FARP1,0.319565537,0.920187345
ENSG00000168300,PCMTD1,0.3195807,0.920187345
ENSG00000020181,GPR124,0.319608195,0.920187345
ENSG00000185187,SIGIRR,0.319707665,0.920187345
ENSG00000170727,BOP1,0.319798092,0.920187345
ENSG00000204071,TCEAL6,0.319900616,0.920187345
ENSG00000183077,AFMID,0.319971268,0.920187345
ENSG00000134780,DAGLA,0.319982881,0.920187345
ENSG00000136560,TANK,0.320062811,0.920187345
ENSG00000169306,IL1RAPL1,0.320087974,0.920187345
ENSG00000136367,ZFHX2,0.320160874,0.920187345
ENSG00000187147,RNF220,0.320257567,0.920187345
ENSG00000028203,VEZT,0.320268207,0.920187345
ENSG00000135999,EPC2,0.320435595,0.920187345
ENSG00000250903,.,0.320454263,0.920187345
ENSG00000186300,ZNF555,0.320469467,0.920187345
ENSG00000182404,.,0.320512557,0.920187345
ENSG00000259404,EFTUD1P1,0.320515618,0.920187345
ENSG00000138744,NAAA,0.320541829,0.920187345
ENSG00000205220,PSMB10,0.320554375,0.920187345
ENSG00000133256,PDE6B,0.320730437,0.920187345
ENSG00000171385,KCND3,0.320775174,0.920187345
ENSG00000100749,VRK1,0.320781588,0.920187345
ENSG00000109163,GNRHR,0.32082305,0.920187345
ENSG00000059145,UNKL,0.320841122,0.920187345
ENSG00000074211,PPP2R2C,0.320845037,0.920187345
ENSG00000224271,.,0.32091654,0.920187345
ENSG00000119431,HDHD3,0.321015501,0.920187345
ENSG00000119514,GALNT12,0.321054168,0.920187345
ENSG00000256463,SALL3,0.321054884,0.920187345
ENSG00000168496,FEN1,0.321089277,0.920187345
ENSG00000116574,RHOU,0.321095023,0.920187345
ENSG00000156206,C15orf26,0.321216079,0.920187345
ENSG00000011347,SYT7,0.321222657,0.920187345
ENSG00000087263,OGFOD1,0.321230149,0.920187345
ENSG00000139546,TARBP2,0.321263994,0.920187345
ENSG00000129933,MAU2,0.321326939,0.920187345
ENSG00000135697,BCMO1,0.321359227,0.920187345
ENSG00000053328,METTL24,0.32140151,0.920187345
ENSG00000171307,ZDHHC16,0.32143779,0.920187345
ENSG00000157470,FAM81A,0.321703391,0.920187345
ENSG00000111647,UHRF1BP1L,0.321859312,0.920187345
ENSG00000105778,AVL9,0.321865477,0.920187345
ENSG00000111911,HINT3,0.321934499,0.920187345
ENSG00000161956,SENP3,0.321971777,0.920187345
ENSG00000196368,NUDT11,0.321987686,0.920187345
ENSG00000246889,.,0.321997145,0.920187345
ENSG00000167383,ZNF229,0.322016086,0.920187345
ENSG00000105894,PTN,0.322080031,0.920187345
ENSG00000134824,FADS2,0.322113466,0.920187345
ENSG00000102837,OLFM4,0.322145701,0.920187345
ENSG00000203668,CHML,0.32225072,0.920187345
ENSG00000116679,IVNS1ABP,0.322273297,0.920187345
ENSG00000090266,NDUFB2,0.32233168,0.920187345
ENSG00000125740,FOSB,0.322339363,0.920187345
ENSG00000092051,JPH4,0.322345586,0.920187345
ENSG00000100196,KDELR3,0.322360257,0.920187345
ENSG00000167513,CDT1,0.322676569,0.920187345
ENSG00000111684,LPCAT3,0.322704654,0.920187345
ENSG00000118298,CA14,0.322804517,0.920187345
ENSG00000204271,SPIN3,0.322988465,0.920187345
ENSG00000165948,IFI27L1,0.323069896,0.920187345
ENSG00000148842,CNNM2,0.323072053,0.920187345
ENSG00000149716,ORAOV1,0.323073287,0.920187345
ENSG00000172531,PPP1CA,0.323163769,0.920187345
ENSG00000036549,ZZZ3,0.323223267,0.920187345
ENSG00000107897,ACBD5,0.323272044,0.920187345
ENSG00000133422,MORC2,0.323278117,0.920187345
ENSG00000155962,CLIC2,0.323404428,0.920187345
ENSG00000138496,PARP9,0.323416549,0.920187345
ENSG00000056487,PHF21B,0.323496343,0.920187345
ENSG00000144935,TRPC1,0.323498594,0.920187345
ENSG00000251350,.,0.323505276,0.920187345
ENSG00000205014,.,0.323562016,0.920187345
ENSG00000157214,STEAP2,0.323577423,0.920187345
ENSG00000139180,NDUFA9,0.323598757,0.920187345
ENSG00000247679,.,0.323694792,0.920187345
ENSG00000164088,PPM1M,0.32369811,0.920187345
ENSG00000138297,TIMM23,0.323701892,0.920187345
ENSG00000196110,ZNF699,0.323796268,0.920187345
ENSG00000165810,BTNL9,0.323837899,0.920187345
ENSG00000251226,.,0.323882014,0.920187345
ENSG00000175029,CTBP2,0.323892116,0.920187345
ENSG00000156232,WHAMM,0.324045925,0.920187345
ENSG00000228696,ARL17B,0.324085476,0.920187345
ENSG00000111716,LDHB,0.324225176,0.920187345
ENSG00000149972,CNTN5,0.324293034,0.920187345
ENSG00000251634,.,0.324404876,0.920187345
ENSG00000259959,.,0.324659635,0.920187345
ENSG00000070614,NDST1,0.324778869,0.920187345
ENSG00000009413,REV3L,0.32478415,0.920187345
ENSG00000104375,STK3,0.324838026,0.920187345
ENSG00000166483,WEE1,0.324869263,0.920187345
ENSG00000051620,HEBP2,0.324872705,0.920187345
ENSG00000145741,BTF3,0.324887908,0.920187345
ENSG00000097046,CDC7,0.324892227,0.920187345
ENSG00000072110,ACTN1,0.324922955,0.920187345
ENSG00000212978,.,0.324951566,0.920187345
ENSG00000111271,ACAD10,0.325097117,0.920187345
ENSG00000183196,CHST6,0.325116906,0.920187345
ENSG00000185238,PRMT3,0.325125746,0.920187345
ENSG00000049860,HEXB,0.32523652,0.920187345
ENSG00000258311,.,0.325302002,0.920187345
ENSG00000143612,C1orf43,0.325360411,0.920187345
ENSG00000124795,DEK,0.325493769,0.920187345
ENSG00000149658,YTHDF1,0.32552457,0.920187345
ENSG00000138964,PARVG,0.325552741,0.920187345
ENSG00000087250,MT3,0.325568687,0.920187345
ENSG00000137871,ZNF280D,0.325632679,0.920187345
ENSG00000075785,RAB7A,0.325697484,0.920187345
ENSG00000143669,LYST,0.325727977,0.920187345
ENSG00000196458,ZNF605,0.325757821,0.920187345
ENSG00000137726,FXYD6,0.325852658,0.920187345
ENSG00000225526,MKRN2-AS1,0.325882113,0.920187345
ENSG00000168081,PNOC,0.32592218,0.920187345
ENSG00000162222,TTC9C,0.32594511,0.920187345
ENSG00000261589,.,0.32606115,0.920187345
ENSG00000123360,PDE1B,0.326103359,0.920187345
ENSG00000140323,DISP2,0.326183936,0.920187345
ENSG00000179295,PTPN11,0.326187278,0.920187345
ENSG00000260391,.,0.326187717,0.920187345
ENSG00000196605,ZNF846,0.326254322,0.920187345
ENSG00000111144,LTA4H,0.32630269,0.920187345
ENSG00000155158,TTC39B,0.326304863,0.920187345
ENSG00000155659,VSIG4,0.326338937,0.920187345
ENSG00000176444,CLK2,0.326355347,0.920187345
ENSG00000106034,CPED1,0.326399106,0.920187345
ENSG00000181588,MEX3D,0.3264474,0.920187345
ENSG00000128578,STRIP2,0.326465301,0.920187345
ENSG00000109929,SC5DL,0.326481619,0.920187345
ENSG00000074695,LMAN1,0.326497507,0.920187345
ENSG00000163923,RPL39L,0.326542137,0.920187345
ENSG00000135749,PCNXL2,0.326551955,0.920187345
ENSG00000085563,ABCB1,0.326559325,0.920187345
ENSG00000164916,FOXK1,0.326583131,0.920187345
ENSG00000108270,AATF,0.32665625,0.920187345
ENSG00000130202,PVRL2,0.326728785,0.920187345
ENSG00000126878,AIF1L,0.32677427,0.920187345
ENSG00000171109,MFN1,0.326866639,0.920187345
ENSG00000114209,PDCD10,0.326999188,0.920187345
ENSG00000117139,KDM5B,0.327061236,0.920187345
ENSG00000047457,CP,0.327090238,0.920187345
ENSG00000169228,RAB24,0.327097431,0.920187345
ENSG00000012124,CD22,0.327100423,0.920187345
ENSG00000107968,MAP3K8,0.327155633,0.920187345
ENSG00000162415,ZSWIM5,0.327161536,0.920187345
ENSG00000113742,CPEB4,0.327242757,0.920258184
ENSG00000161835,GRASP,0.327326693,0.920336633
ENSG00000167641,PPP1R14A,0.327424151,0.920453069
ENSG00000267473,.,0.327566056,0.920694394
ENSG00000142856,ITGB3BP,0.327729922,0.92099735
ENSG00000259366,.,0.327786269,0.920998101
ENSG00000169239,CA5B,0.327876238,0.92104627
ENSG00000105810,CDK6,0.327930902,0.92104627
ENSG00000120942,UBIAD1,0.328024862,0.92104627
ENSG00000186854,TRABD2A,0.328027744,0.92104627
ENSG00000128294,TPST2,0.328153775,0.921242639
ENSG00000241370,RPP21,0.328218195,0.92126601
ENSG00000198171,DDRGK1,0.328331355,0.921302442
ENSG00000134324,LPIN1,0.328343372,0.921302442
ENSG00000013573,DDX11,0.328686078,0.921388478
ENSG00000105372,RPS19,0.328759185,0.921388478
ENSG00000176927,EFCAB5,0.328769054,0.921388478
ENSG00000173715,C11orf80,0.328795536,0.921388478
ENSG00000101266,CSNK2A1,0.328867533,0.921388478
ENSG00000123374,CDK2,0.328872938,0.921388478
ENSG00000163069,SGCB,0.328897978,0.921388478
ENSG00000185052,SLC24A3,0.328917834,0.921388478
ENSG00000101489,CELF4,0.328945952,0.921388478
ENSG00000008311,AASS,0.328982025,0.921388478
ENSG00000260512,.,0.328991173,0.921388478
ENSG00000233264,.,0.329216235,0.921655829
ENSG00000104897,SF3A2,0.329302093,0.921655829
ENSG00000138069,RAB1A,0.329533715,0.921655829
ENSG00000104228,TRIM35,0.329534313,0.921655829
ENSG00000172014,ANKRD20A4,0.329595862,0.921655829
ENSG00000151117,TMEM86A,0.329640017,0.921655829
ENSG00000157827,FMNL2,0.329655232,0.921655829
ENSG00000112379,KIAA1244,0.329686071,0.921655829
ENSG00000147481,SNTG1,0.329789072,0.921655829
ENSG00000235347,.,0.329807962,0.921655829
ENSG00000204390,HSPA1L,0.329820641,0.921655829
ENSG00000058335,RASGRF1,0.329820688,0.921655829
ENSG00000159239,C2orf81,0.329905312,0.921655829
ENSG00000117155,SSX2IP,0.329949656,0.921655829
ENSG00000230269,.,0.329950878,0.921655829
ENSG00000013306,SLC25A39,0.329984551,0.921655829
ENSG00000224043,.,0.330087095,0.921709636
ENSG00000247271,.,0.330143557,0.921709636
ENSG00000198909,MAP3K3,0.330356593,0.921709636
ENSG00000160439,RDH13,0.330361132,0.921709636
ENSG00000048342,CC2D2A,0.330481686,0.921709636
ENSG00000110497,AMBRA1,0.33051884,0.921709636
ENSG00000172568,FNDC9,0.330553267,0.921709636
ENSG00000232098,.,0.330599778,0.921709636
ENSG00000128487,SPECC1,0.330626629,0.921709636
ENSG00000169330,KIAA1024,0.330687348,0.921709636
ENSG00000100883,SRP54,0.330694285,0.921709636
ENSG00000102218,RP2,0.330787085,0.921709636
ENSG00000169896,ITGAM,0.330813114,0.921709636
ENSG00000105875,WDR91,0.330814225,0.921709636
ENSG00000166681,NGFRAP1,0.330845662,0.921709636
ENSG00000119865,CNRIP1,0.331009822,0.921856614
ENSG00000156535,CD109,0.331070058,0.921856614
ENSG00000185127,C6orf120,0.331194319,0.921856614
ENSG00000152102,FAM168B,0.331331851,0.921856614
ENSG00000234797,RPS3AP6,0.331476836,0.921856614
ENSG00000259690,.,0.331482006,0.921856614
ENSG00000205246,RPSAP58,0.331513542,0.921856614
ENSG00000267906,.,0.33153691,0.921856614
ENSG00000140943,MBTPS1,0.331606334,0.921856614
ENSG00000138674,SEC31A,0.331699051,0.921856614
ENSG00000049246,PER3,0.331718634,0.921856614
ENSG00000257337,.,0.331786859,0.921856614
ENSG00000112365,ZBTB24,0.331955255,0.921856614
ENSG00000137877,SPTBN5,0.331995787,0.921856614
ENSG00000164209,SLC25A46,0.332129907,0.921856614
ENSG00000169122,FAM110B,0.332240951,0.921856614
ENSG00000172201,ID4,0.332292181,0.921856614
ENSG00000176907,C8orf4,0.332299325,0.921856614
ENSG00000108953,YWHAE,0.3323021,0.921856614
ENSG00000214193,SH3D21,0.332309942,0.921856614
ENSG00000103569,AQP9,0.33248119,0.921856614
ENSG00000166411,IDH3A,0.332586262,0.921856614
ENSG00000034063,UHRF1,0.332627553,0.921856614
ENSG00000204564,C6orf136,0.332634713,0.921856614
ENSG00000196781,TLE1,0.332640429,0.921856614
ENSG00000142089,IFITM3,0.332654994,0.921856614
ENSG00000198034,RPS4X,0.332695978,0.921856614
ENSG00000213281,NRAS,0.332735329,0.921856614
ENSG00000182118,FAM89A,0.332736891,0.921856614
ENSG00000130940,CASZ1,0.332865129,0.921856614
ENSG00000133731,IMPA1,0.332885095,0.921856614
ENSG00000135924,DNAJB2,0.332892805,0.921856614
ENSG00000041988,THAP3,0.332921204,0.921856614
ENSG00000106829,TLE4,0.332964922,0.921856614
ENSG00000091651,ORC6,0.333025395,0.921856614
ENSG00000198691,ABCA4,0.333146543,0.921856614
ENSG00000154258,ABCA9,0.333217001,0.921856614
ENSG00000099204,ABLIM1,0.333258438,0.921856614
ENSG00000170734,POLH,0.333258661,0.921856614
ENSG00000011243,AKAP8L,0.333270176,0.921856614
ENSG00000105656,ELL,0.333360552,0.921856614
ENSG00000076662,ICAM3,0.333405139,0.921856614
ENSG00000223779,.,0.333423745,0.921856614
ENSG00000087448,KLHDC5,0.333425877,0.921856614
ENSG00000171466,ZNF562,0.333514048,0.921856614
ENSG00000177917,ARL6IP6,0.333571521,0.921856614
ENSG00000158315,RHBDL2,0.333588704,0.921856614
ENSG00000173208,ABCD2,0.333651763,0.921856614
ENSG00000130829,DUSP9,0.333712327,0.921856614
ENSG00000067601,PMS2P4,0.333750063,0.921856614
ENSG00000140830,TXNL4B,0.33379184,0.921856614
ENSG00000205181,LINC00654,0.333817286,0.921856614
ENSG00000173376,NDNF,0.333889622,0.921901355
ENSG00000166783,KIAA0430,0.334026058,0.922025648
ENSG00000149231,CCDC82,0.334046922,0.922025648
ENSG00000170291,ELP5,0.334385777,0.922604276
ENSG00000162105,SHANK2,0.334417404,0.922604276
ENSG00000182372,CLN8,0.33442509,0.922604276
ENSG00000137522,RNF121,0.334498473,0.922651733
ENSG00000090432,MUL1,0.334718657,0.922880561
ENSG00000173153,ESRRA,0.334881383,0.922880561
ENSG00000215114,UBXN2B,0.334888384,0.922880561
ENSG00000185513,L3MBTL1,0.334910349,0.922880561
ENSG00000180998,GPR137C,0.334940519,0.922880561
ENSG00000007237,GAS7,0.334958033,0.922880561
ENSG00000130032,PRRG3,0.335024656,0.922880561
ENSG00000162063,CCNF,0.335120762,0.922880561
ENSG00000164008,C1orf50,0.335128866,0.922880561
ENSG00000101017,CD40,0.335143376,0.922880561
ENSG00000109944,C11orf63,0.335265353,0.922909788
ENSG00000138768,USO1,0.335266382,0.922909788
ENSG00000064102,ASUN,0.335369075,0.92303776
ENSG00000177485,ZBTB33,0.335601538,0.923522797
ENSG00000115350,POLE4,0.335812751,0.923949205
ENSG00000110768,GTF2H1,0.335899902,0.924034187
ENSG00000231205,ZNF826P,0.336027176,0.924173762
ENSG00000204386,NEU1,0.336063186,0.924173762
ENSG00000239887,C1orf226,0.336253552,0.924372702
ENSG00000112769,LAMA4,0.336274959,0.924372702
ENSG00000120709,FAM53C,0.336355696,0.924372702
ENSG00000227053,.,0.336360669,0.924372702
ENSG00000167965,MLST8,0.336512884,0.924564558
ENSG00000261420,.,0.336543075,0.924564558
ENSG00000106991,ENG,0.336628661,0.924628017
ENSG00000204569,PPP1R10,0.336678927,0.924628017
ENSG00000205485,.,0.336797042,0.924628017
ENSG00000138650,PCDH10,0.336837829,0.924628017
ENSG00000065000,AP3D1,0.336922867,0.924628017
ENSG00000125458,NT5C,0.336924905,0.924628017
ENSG00000259030,FPGT-TNNI3K,0.33701244,0.924628017
ENSG00000024422,EHD2,0.337016581,0.924628017
ENSG00000147121,ZNF673,0.337108092,0.924724604
ENSG00000260261,.,0.337188069,0.924754925
ENSG00000223802,CERS1,0.337231763,0.924754925
ENSG00000082014,SMARCD3,0.337424756,0.924895739
ENSG00000102096,PIM2,0.337453516,0.924895739
ENSG00000174891,RSRC1,0.337471164,0.924895739
ENSG00000256436,TAS2R31,0.337508382,0.924895739
ENSG00000160828,.,0.337654673,0.925009693
ENSG00000188825,.,0.337662614,0.925009693
ENSG00000186314,PRELID2,0.337817415,0.925044041
ENSG00000111203,ITFG2,0.337842862,0.925044041
ENSG00000099331,MYO9B,0.337854985,0.925044041
ENSG00000112655,PTK7,0.337987274,0.925044041
ENSG00000142751,GPN2,0.338060804,0.925044041
ENSG00000144535,DIS3L2,0.338197115,0.925044041
ENSG00000198756,GLT25D2,0.338253182,0.925044041
ENSG00000100341,PNPLA5,0.338326388,0.925044041
ENSG00000134256,CD101,0.338357586,0.925044041
ENSG00000233382,NKAPP1,0.338385703,0.925044041
ENSG00000173918,C1QTNF1,0.338542191,0.925044041
ENSG00000146701,MDH2,0.33858745,0.925044041
ENSG00000160072,ATAD3B,0.338610871,0.925044041
ENSG00000203855,HSD3BP4,0.33862729,0.925044041
ENSG00000125124,BBS2,0.338768233,0.925044041
ENSG00000254602,.,0.338802531,0.925044041
ENSG00000231980,.,0.338821936,0.925044041
ENSG00000224831,.,0.33883239,0.925044041
ENSG00000000003,TSPAN6,0.338871869,0.925044041
ENSG00000054965,FAM168A,0.338902747,0.925044041
ENSG00000166897,ELFN2,0.338954336,0.925044041
ENSG00000196104,SPOCK3,0.33901062,0.925044041
ENSG00000005700,IBTK,0.339052488,0.925044041
ENSG00000232815,.,0.339052518,0.925044041
ENSG00000198917,C9orf114,0.339179484,0.925044041
ENSG00000218891,ZNF579,0.339203423,0.925044041
ENSG00000136854,STXBP1,0.33925808,0.925044041
ENSG00000117174,ZNHIT6,0.339311749,0.925044041
ENSG00000186594,MIR22HG,0.339323687,0.925044041
ENSG00000144908,ALDH1L1,0.339364936,0.925044041
ENSG00000007341,ST7L,0.339474436,0.92515461
ENSG00000159917,ZNF235,0.339521225,0.92515461
ENSG00000145050,MANF,0.339595745,0.92515461
ENSG00000114654,CCDC48,0.339635017,0.92515461
ENSG00000242569,.,0.339751509,0.92515461
ENSG00000114859,CLCN2,0.339757238,0.92515461
ENSG00000119777,TMEM214,0.33979983,0.92515461
ENSG00000115970,THADA,0.339920679,0.925187924
ENSG00000248890,HHIP-AS1,0.339932191,0.925187924
ENSG00000198835,GJC2,0.33998107,0.925187924
ENSG00000171811,TTC40,0.340093315,0.925251259
ENSG00000254505,CHMP4A,0.340117022,0.925251259
ENSG00000119392,GLE1,0.340228599,0.925329657
ENSG00000260822,.,0.340258527,0.925329657
ENSG00000174780,SRP72,0.340473354,0.925435316
ENSG00000116990,MYCL1,0.340490822,0.925435316
ENSG00000151835,SACS,0.34054148,0.925435316
ENSG00000134779,TPGS2,0.340555018,0.925435316
ENSG00000158691,ZSCAN12,0.340631627,0.925435316
ENSG00000103507,BCKDK,0.340644325,0.925435316
ENSG00000262557,.,0.340747039,0.925435316
ENSG00000198182,ZNF607,0.34074818,0.925435316
ENSG00000150768,DLAT,0.340916832,0.925740267
ENSG00000135317,SNX14,0.341205802,0.925978919
ENSG00000136874,STX17,0.341233216,0.925978919
ENSG00000149532,CPSF7,0.341344125,0.925978919
ENSG00000117751,PPP1R8,0.341432894,0.925978919
ENSG00000159214,CCDC24,0.341506687,0.925978919
ENSG00000136699,SMPD4,0.341610363,0.925978919
ENSG00000106144,CASP2,0.341744988,0.925978919
ENSG00000101292,PROKR2,0.341813188,0.925978919
ENSG00000107099,DOCK8,0.341838934,0.925978919
ENSG00000179294,C17orf96,0.341842373,0.925978919
ENSG00000181163,NPM1,0.341854462,0.925978919
ENSG00000232229,.,0.341986683,0.925978919
ENSG00000054282,SDCCAG8,0.342007473,0.925978919
ENSG00000233123,.,0.342410969,0.925978919
ENSG00000156273,BACH1,0.342459266,0.925978919
ENSG00000232856,.,0.342474891,0.925978919
ENSG00000163806,SPDYA,0.342616113,0.925978919
ENSG00000156298,TSPAN7,0.342643316,0.925978919
ENSG00000107242,PIP5K1B,0.342650615,0.925978919
ENSG00000224383,C17orf72,0.342747617,0.925978919
ENSG00000236233,.,0.342879349,0.925978919
ENSG00000184271,POU6F1,0.342921394,0.925978919
ENSG00000179598,PLD6,0.343073528,0.925978919
ENSG00000137054,POLR1E,0.34307626,0.925978919
ENSG00000103707,MTFMT,0.343087328,0.925978919
ENSG00000158555,GDPD5,0.343094874,0.925978919
ENSG00000206573,SETD5-AS1,0.34310839,0.925978919
ENSG00000162585,C1orf86,0.343135023,0.925978919
ENSG00000188171,ZNF626,0.343166909,0.925978919
ENSG00000100029,PES1,0.343224675,0.925978919
ENSG00000167333,TRIM68,0.343313364,0.925978919
ENSG00000163359,COL6A3,0.343360188,0.925978919
ENSG00000137074,APTX,0.343388006,0.925978919
ENSG00000159915,ZNF233,0.343433857,0.925978919
ENSG00000143294,PRCC,0.343473727,0.925978919
ENSG00000087157,PGS1,0.343571896,0.925978919
ENSG00000181090,EHMT1,0.343624134,0.925978919
ENSG00000236404,.,0.343666212,0.925978919
ENSG00000184368,MAP7D2,0.343685934,0.925978919
ENSG00000155849,ELMO1,0.343710147,0.925978919
ENSG00000139112,GABARAPL1,0.343721475,0.925978919
ENSG00000115935,WIPF1,0.343789403,0.925978919
ENSG00000089163,SIRT4,0.343796955,0.925978919
ENSG00000214376,VSTM5,0.343872477,0.925978919
ENSG00000119669,IRF2BPL,0.343928241,0.925978919
ENSG00000221870,CXorf1,0.34411819,0.925978919
ENSG00000188051,TMEM221,0.344123713,0.925978919
ENSG00000162493,PDPN,0.34415905,0.925978919
ENSG00000100813,ACIN1,0.34422975,0.925978919
ENSG00000269845,.,0.344603395,0.925978919
ENSG00000125656,CLPP,0.344620745,0.925978919
ENSG00000136819,C9orf78,0.344637644,0.925978919
ENSG00000176034,CXorf59,0.34473707,0.925978919
ENSG00000103168,TAF1C,0.344744995,0.925978919
ENSG00000196151,WDSUB1,0.344766302,0.925978919
ENSG00000132694,ARHGEF11,0.344970418,0.925978919
ENSG00000249348,UGDH-AS1,0.345007064,0.925978919
ENSG00000055163,CYFIP2,0.345138461,0.925978919
ENSG00000120251,GRIA2,0.345296492,0.925978919
ENSG00000049759,NEDD4L,0.345312992,0.925978919
ENSG00000155542,SETD9,0.345346336,0.925978919
ENSG00000249115,HAUS5,0.345354338,0.925978919
ENSG00000115484,CCT4,0.345417797,0.925978919
ENSG00000139144,PIK3C2G,0.345459992,0.925978919
ENSG00000183718,TRIM52,0.345530171,0.925978919
ENSG00000166233,ARIH1,0.345613467,0.925978919
ENSG00000166484,MAPK7,0.345625543,0.925978919
ENSG00000189221,MAOA,0.345651971,0.925978919
ENSG00000072786,STK10,0.345753327,0.925978919
ENSG00000196972,LINC00087,0.345761211,0.925978919
ENSG00000156502,SUPV3L1,0.345788653,0.925978919
ENSG00000161217,PCYT1A,0.34580831,0.925978919
ENSG00000141279,NPEPPS,0.34584407,0.925978919
ENSG00000226476,.,0.345844776,0.925978919
ENSG00000171522,PTGER4,0.345850267,0.925978919
ENSG00000164054,SHISA5,0.345955274,0.925978919
ENSG00000091039,OSBPL8,0.345965645,0.925978919
ENSG00000196981,WDR5B,0.345971731,0.925978919
ENSG00000146670,CDCA5,0.346037851,0.925978919
ENSG00000181754,AMIGO1,0.346219199,0.925978919
ENSG00000103174,NAGPA,0.346239959,0.925978919
ENSG00000107679,PLEKHA1,0.346242348,0.925978919
ENSG00000203705,TATDN3,0.346503338,0.925978919
ENSG00000256625,.,0.34666734,0.925978919
ENSG00000232533,.,0.34672824,0.925978919
ENSG00000198721,ECI2,0.346776642,0.925978919
ENSG00000163823,CCR1,0.346816906,0.925978919
ENSG00000153933,DGKE,0.346865216,0.925978919
ENSG00000118263,KLF7,0.346875312,0.925978919
ENSG00000169184,MN1,0.346889481,0.925978919
ENSG00000120217,CD274,0.34692538,0.925978919
ENSG00000103876,FAH,0.347029163,0.925978919
ENSG00000144233,AMMECR1L,0.347041898,0.925978919
ENSG00000224897,.,0.347215415,0.925978919
ENSG00000138400,MDH1B,0.347288662,0.925978919
ENSG00000188215,DCUN1D3,0.347352248,0.925978919
ENSG00000099840,IZUMO4,0.347411063,0.925978919
ENSG00000135976,ANKRD36,0.347422626,0.925978919
ENSG00000174373,RALGAPA1,0.347427358,0.925978919
ENSG00000164619,BMPER,0.347515694,0.925978919
ENSG00000165119,HNRNPK,0.347550579,0.925978919
ENSG00000139505,MTMR6,0.34762639,0.925978919
ENSG00000187398,LUZP2,0.347683089,0.925978919
ENSG00000168852,TPTE2P5,0.347692342,0.925978919
ENSG00000106638,TBL2,0.347698298,0.925978919
ENSG00000183828,NUDT14,0.347713215,0.925978919
ENSG00000123338,NCKAP1L,0.347782469,0.925978919
ENSG00000172375,C2CD2L,0.347807956,0.925978919
ENSG00000178460,MCMDC2,0.347845284,0.925978919
ENSG00000103264,FBXO31,0.347872455,0.925978919
ENSG00000143569,UBAP2L,0.347925066,0.925978919
ENSG00000226711,FAM66C,0.348021291,0.925978919
ENSG00000177519,RPRM,0.348116953,0.925978919
ENSG00000175130,MARCKSL1,0.348134391,0.925978919
ENSG00000104756,KCTD9,0.348236761,0.925978919
ENSG00000171860,C3AR1,0.348248658,0.925978919
ENSG00000112659,CUL9,0.348284873,0.925978919
ENSG00000089847,ANKRD24,0.348312777,0.925978919
ENSG00000186340,THBS2,0.348320439,0.925978919
ENSG00000234719,.,0.348321217,0.925978919
ENSG00000168710,AHCYL1,0.348359838,0.925978919
ENSG00000135316,SYNCRIP,0.348376014,0.925978919
ENSG00000134697,GNL2,0.348464369,0.925978919
ENSG00000106682,EIF4H,0.348466276,0.925978919
ENSG00000238206,.,0.348698556,0.925978919
ENSG00000175928,LRRN1,0.348704594,0.925978919
ENSG00000226210,.,0.34881562,0.925978919
ENSG00000153363,LINC00467,0.348819852,0.925978919
ENSG00000150773,PIH1D2,0.348861882,0.925978919
ENSG00000127666,TICAM1,0.348901715,0.925978919
ENSG00000185386,MAPK11,0.349132004,0.925978919
ENSG00000140873,ADAMTS18,0.34922892,0.925978919
ENSG00000104529,EEF1D,0.349253164,0.925978919
ENSG00000156689,GLYATL2,0.349261269,0.925978919
ENSG00000049769,PPP1R3F,0.349318701,0.925978919
ENSG00000261185,.,0.349330542,0.925978919
ENSG00000124333,VAMP7,0.349349129,0.925978919
ENSG00000213713,PIGCP1,0.3493958,0.925978919
ENSG00000174989,FBXW8,0.349515825,0.925978919
ENSG00000173226,IQCB1,0.34952903,0.925978919
ENSG00000186205,MARC1,0.349563773,0.925978919
ENSG00000089091,DZANK1,0.349601777,0.925978919
ENSG00000130382,MLLT1,0.349661186,0.925978919
ENSG00000130517,PGPEP1,0.349749585,0.925978919
ENSG00000171208,NETO2,0.349905323,0.925978919
ENSG00000159792,PSKH1,0.349919974,0.925978919
ENSG00000149925,ALDOA,0.349922439,0.925978919
ENSG00000179588,ZFPM1,0.349944651,0.925978919
ENSG00000166432,ZMAT1,0.349969442,0.925978919
ENSG00000143341,HMCN1,0.350165996,0.925978919
ENSG00000134308,YWHAQ,0.350208878,0.925978919
ENSG00000095303,PTGS1,0.350225025,0.925978919
ENSG00000006744,ELAC2,0.350413804,0.925978919
ENSG00000227558,PGM5P2,0.35041394,0.925978919
ENSG00000242498,C15orf38,0.350556204,0.925978919
ENSG00000197498,RPF2,0.350560034,0.925978919
ENSG00000232406,.,0.350649839,0.925978919
ENSG00000101290,CDS2,0.35075133,0.925978919
ENSG00000185485,SDHAP1,0.350874701,0.925978919
ENSG00000150093,ITGB1,0.350931901,0.925978919
ENSG00000214435,AS3MT,0.350950254,0.925978919
ENSG00000183426,NPIP,0.351101872,0.925978919
ENSG00000188483,IER5L,0.351201217,0.925978919
ENSG00000162909,CAPN2,0.351220208,0.925978919
ENSG00000189306,RRP7A,0.351251692,0.925978919
ENSG00000242759,.,0.351283949,0.925978919
ENSG00000163251,FZD5,0.351296305,0.925978919
ENSG00000225783,MIAT,0.35130173,0.925978919
ENSG00000107951,MTPAP,0.351393058,0.925978919
ENSG00000163795,ZNF513,0.351411857,0.925978919
ENSG00000136603,SKIL,0.351498605,0.925978919
ENSG00000267918,.,0.351555641,0.925978919
ENSG00000182541,LIMK2,0.351565784,0.925978919
ENSG00000176490,DIRAS1,0.351589652,0.925978919
ENSG00000183098,GPC6,0.351770553,0.925978919
ENSG00000103978,TMEM87A,0.351795731,0.925978919
ENSG00000119705,SLIRP,0.351860068,0.925978919
ENSG00000120457,KCNJ5,0.351930262,0.925978919
ENSG00000253103,.,0.351930538,0.925978919
ENSG00000168137,SETD5,0.35197178,0.925978919
ENSG00000183091,NEB,0.352092271,0.925978919
ENSG00000087077,TRIP6,0.352121322,0.925978919
ENSG00000147202,DIAPH2,0.352324693,0.925978919
ENSG00000162490,DRAXIN,0.352522461,0.925978919
ENSG00000132676,DAP3,0.352530586,0.925978919
ENSG00000167280,ENGASE,0.352617916,0.925978919
ENSG00000260805,.,0.352714592,0.925978919
ENSG00000133943,C14orf159,0.352731048,0.925978919
ENSG00000175782,SLC35E3,0.352755555,0.925978919
ENSG00000004399,PLXND1,0.352755834,0.925978919
ENSG00000152117,.,0.352772704,0.925978919
ENSG00000014138,POLA2,0.352786913,0.925978919
ENSG00000115211,EIF2B4,0.352792797,0.925978919
ENSG00000122008,POLK,0.352836815,0.925978919
ENSG00000022840,RNF10,0.352915536,0.925978919
ENSG00000143434,SEMA6C,0.352982922,0.925978919
ENSG00000119326,CTNNAL1,0.353101862,0.925978919
ENSG00000240694,PNMA2,0.353223806,0.925978919
ENSG00000130731,C16orf13,0.353242388,0.925978919
ENSG00000151023,ENKUR,0.353372396,0.925978919
ENSG00000259319,.,0.353380682,0.925978919
ENSG00000088543,C3orf18,0.353450873,0.925978919
ENSG00000113456,RAD1,0.353552124,0.925978919
ENSG00000141026,MED9,0.353616418,0.925978919
ENSG00000146674,IGFBP3,0.353740679,0.925978919
ENSG00000102038,SMARCA1,0.35375563,0.925978919
ENSG00000138944,KIAA1644,0.353772528,0.925978919
ENSG00000171444,MCC,0.353778126,0.925978919
ENSG00000114686,MRPL3,0.353891664,0.925978919
ENSG00000119673,ACOT2,0.35390568,0.925978919
ENSG00000247853,.,0.353952668,0.925978919
ENSG00000168672,FAM84B,0.354028955,0.925978919
ENSG00000122687,FTSJ2,0.35402987,0.925978919
ENSG00000112530,PACRG,0.354036938,0.925978919
ENSG00000136828,RALGPS1,0.354074115,0.925978919
ENSG00000188451,SRP72P2,0.354229015,0.925978919
ENSG00000181690,PLAG1,0.354386376,0.925978919
ENSG00000087495,PHACTR3,0.35441586,0.925978919
ENSG00000166123,GPT2,0.354487487,0.925978919
ENSG00000111077,TENC1,0.354541549,0.925978919
ENSG00000213694,S1PR3,0.354585701,0.925978919
ENSG00000086200,IPO11,0.354639715,0.925978919
ENSG00000163798,SLC4A1AP,0.354766128,0.925978919
ENSG00000110844,PRPF40B,0.354834118,0.925978919
ENSG00000204438,GPANK1,0.354942826,0.925978919
ENSG00000255559,ZNF252P-AS1,0.355031171,0.925978919
ENSG00000110492,MDK,0.355103431,0.925978919
ENSG00000167363,FN3K,0.355148577,0.925978919
ENSG00000126432,PRDX5,0.355157205,0.925978919
ENSG00000121297,TSHZ3,0.355168053,0.925978919
ENSG00000136960,ENPP2,0.35517998,0.925978919
ENSG00000166578,IQCD,0.355182167,0.925978919
ENSG00000100568,VTI1B,0.355236462,0.925978919
ENSG00000261326,.,0.355290242,0.925978919
ENSG00000129473,BCL2L2,0.355648632,0.925978919
ENSG00000099995,SF3A1,0.355712183,0.925978919
ENSG00000184743,ATL3,0.355812132,0.925978919
ENSG00000113273,ARSB,0.355834487,0.925978919
ENSG00000149554,CHEK1,0.355935121,0.925978919
ENSG00000116285,ERRFI1,0.355972487,0.925978919
ENSG00000189195,BTBD8,0.356026679,0.925978919
ENSG00000145476,CYP4V2,0.356030721,0.925978919
ENSG00000025039,RRAGD,0.35622036,0.925978919
ENSG00000231365,.,0.356270126,0.925978919
ENSG00000164548,TRA2A,0.356296648,0.925978919
ENSG00000231023,LINC00326,0.356643196,0.925978919
ENSG00000070413,DGCR2,0.356647781,0.925978919
ENSG00000162341,TPCN2,0.356683474,0.925978919
ENSG00000167619,TMEM145,0.356781545,0.925978919
ENSG00000112715,VEGFA,0.356861954,0.925978919
ENSG00000256304,.,0.356867488,0.925978919
ENSG00000165478,HEPACAM,0.356899844,0.925978919
ENSG00000166192,SENP8,0.356914159,0.925978919
ENSG00000181378,CCDC108,0.356931125,0.925978919
ENSG00000227392,.,0.356983153,0.925978919
ENSG00000232504,.,0.356985265,0.925978919
ENSG00000092841,MYL6,0.357018742,0.925978919
ENSG00000079308,TNS1,0.35716387,0.925978919
ENSG00000104687,GSR,0.35718479,0.925978919
ENSG00000138356,AOX1,0.357201844,0.925978919
ENSG00000105185,PDCD5,0.357204049,0.925978919
ENSG00000140795,MYLK3,0.357248976,0.925978919
ENSG00000197579,TOPORS,0.357297005,0.925978919
ENSG00000138028,CGREF1,0.357297807,0.925978919
ENSG00000140463,BBS4,0.357311164,0.925978919
ENSG00000137288,MNF1,0.357316515,0.925978919
ENSG00000115520,COQ10B,0.357449602,0.925978919
ENSG00000185716,C16orf52,0.357532658,0.925978919
ENSG00000227252,.,0.357592828,0.925978919
ENSG00000228463,.,0.357598243,0.925978919
ENSG00000080854,IGSF9B,0.357663205,0.925978919
ENSG00000133703,KRAS,0.357693166,0.925978919
ENSG00000053371,AKR7A2,0.357736883,0.925978919
ENSG00000163161,ERCC3,0.357789624,0.925978919
ENSG00000198939,ZFP2,0.357803346,0.925978919
ENSG00000116871,MAP7D1,0.357822549,0.925978919
ENSG00000146731,CCT6A,0.357847109,0.925978919
ENSG00000157514,TSC22D3,0.357858271,0.925978919
ENSG00000146112,PPP1R18,0.357869563,0.925978919
ENSG00000167972,ABCA3,0.358123009,0.925978919
ENSG00000116539,ASH1L,0.358179033,0.925978919
ENSG00000150873,C2orf50,0.35823533,0.925978919
ENSG00000204947,ZNF425,0.358238323,0.925978919
ENSG00000069424,KCNAB2,0.358248361,0.925978919
ENSG00000235244,.,0.358256807,0.925978919
ENSG00000141510,TP53,0.358315904,0.925978919
ENSG00000069020,MAST4,0.358344874,0.925978919
ENSG00000143624,INTS3,0.358432029,0.925978919
ENSG00000008324,SS18L2,0.358477977,0.925978919
ENSG00000177640,CASC2,0.358561929,0.925978919
ENSG00000186976,EFCAB6,0.358625141,0.925978919
ENSG00000163872,YEATS2,0.35862555,0.925978919
ENSG00000165115,KIF27,0.3586436,0.925978919
ENSG00000133597,ADCK2,0.358645758,0.925978919
ENSG00000172824,CES4A,0.358667588,0.925978919
ENSG00000184886,PIGW,0.358667771,0.925978919
ENSG00000002549,LAP3,0.358674493,0.925978919
ENSG00000149599,DUSP15,0.35868488,0.925978919
ENSG00000155066,PROM2,0.358699382,0.925978919
ENSG00000141956,PRDM15,0.358807451,0.925978919
ENSG00000162735,PEX19,0.358835286,0.925978919
ENSG00000179846,NKPD1,0.358982992,0.925978919
ENSG00000236255,.,0.359034553,0.925978919
ENSG00000116685,KIAA2013,0.359034743,0.925978919
ENSG00000196693,ZNF33B,0.359045856,0.925978919
ENSG00000163960,UBXN7,0.359058769,0.925978919
ENSG00000083123,BCKDHB,0.359160326,0.925978919
ENSG00000135932,CAB39,0.359184389,0.925978919
ENSG00000160199,PKNOX1,0.359386576,0.925978919
ENSG00000137760,ALKBH8,0.359418556,0.925978919
ENSG00000261839,.,0.359421576,0.925978919
ENSG00000111696,NT5DC3,0.359439892,0.925978919
ENSG00000251247,ZNF345,0.359469151,0.925978919
ENSG00000158552,ZFAND2B,0.359509914,0.925978919
ENSG00000100311,PDGFB,0.359548994,0.925978919
ENSG00000188846,RPL14,0.359592222,0.925978919
ENSG00000174332,GLIS1,0.359677288,0.925978919
ENSG00000119471,HSDL2,0.35972167,0.925978919
ENSG00000108639,SYNGR2,0.359724661,0.925978919
ENSG00000083544,TDRD3,0.359737494,0.925978919
ENSG00000123066,MED13L,0.359794358,0.925978919
ENSG00000123689,G0S2,0.359878075,0.925978919
ENSG00000179222,MAGED1,0.359930419,0.925978919
ENSG00000120370,GORAB,0.360223938,0.925978919
ENSG00000139737,SLAIN1,0.360238356,0.925978919
ENSG00000105639,JAK3,0.36034978,0.925978919
ENSG00000124357,NAGK,0.360368253,0.925978919
ENSG00000115170,ACVR1,0.360448228,0.925978919
ENSG00000101098,RIMS4,0.360451915,0.925978919
ENSG00000262209,PCDHGB3,0.360634785,0.925978919
ENSG00000113649,TCERG1,0.360644739,0.925978919
ENSG00000172554,SNTG2,0.360760014,0.925978919
ENSG00000112320,SOBP,0.360812472,0.925978919
ENSG00000139675,HNRNPA1L2,0.360826905,0.925978919
ENSG00000157152,SYN2,0.360832012,0.925978919
ENSG00000142546,NOSIP,0.360878786,0.925978919
ENSG00000226318,.,0.360989662,0.925978919
ENSG00000132846,ZBED3,0.361012112,0.925978919
ENSG00000182220,ATP6AP2,0.36106004,0.925978919
ENSG00000136942,RPL35,0.361141925,0.925978919
ENSG00000100399,CHADL,0.361175995,0.925978919
ENSG00000163291,PAQR3,0.361223251,0.925978919
ENSG00000075336,TIMM21,0.361225279,0.925978919
ENSG00000175265,GOLGA8A,0.361426069,0.925978919
ENSG00000259673,IQCH-AS1,0.361434705,0.925978919
ENSG00000132821,VSTM2L,0.361455422,0.925978919
ENSG00000131242,RAB11FIP4,0.361493776,0.925978919
ENSG00000182858,ALG12,0.361547637,0.925978919
ENSG00000205710,C17orf107,0.361551282,0.925978919
ENSG00000233276,GPX1,0.3615576,0.925978919
ENSG00000268895,A1BG-AS1,0.361582172,0.925978919
ENSG00000231025,.,0.361587307,0.925978919
ENSG00000214941,ZSWIM7,0.361591529,0.925978919
ENSG00000110455,ACCS,0.361611286,0.925978919
ENSG00000141639,MAPK4,0.361614238,0.925978919
ENSG00000089289,IGBP1,0.361643808,0.925978919
ENSG00000119787,ATL2,0.361700239,0.925978919
ENSG00000147274,RBMX,0.361828649,0.925978919
ENSG00000130724,CHMP2A,0.361924922,0.925978919
ENSG00000108523,RNF167,0.361964646,0.925978919
ENSG00000047644,WWC3,0.362064782,0.925978919
ENSG00000090686,USP48,0.362070252,0.925978919
ENSG00000109472,CPE,0.362080047,0.925978919
ENSG00000152443,ZNF776,0.362086624,0.925978919
ENSG00000254244,PAICSP4,0.3621083,0.925978919
ENSG00000185010,F8,0.362122658,0.925978919
ENSG00000246851,.,0.36218559,0.925978919
ENSG00000106799,TGFBR1,0.362309511,0.925978919
ENSG00000105926,MPP6,0.362370193,0.925978919
ENSG00000116157,GPX7,0.362382146,0.925978919
ENSG00000067365,METTL22,0.362408736,0.925978919
ENSG00000070366,SMG6,0.362416657,0.925978919
ENSG00000113282,CLINT1,0.362467366,0.925978919
ENSG00000204366,ZBTB12,0.362486431,0.925978919
ENSG00000217555,CKLF,0.362497119,0.925978919
ENSG00000257126,.,0.362544049,0.925978919
ENSG00000104368,PLAT,0.362557695,0.925978919
ENSG00000006118,TMEM132A,0.362629056,0.925978919
ENSG00000183250,C21orf67,0.362664371,0.925978919
ENSG00000112333,NR2E1,0.36286029,0.925978919
ENSG00000079215,SLC1A3,0.363051406,0.925978919
ENSG00000132906,CASP9,0.363059685,0.925978919
ENSG00000164087,POC1A,0.363067606,0.925978919
ENSG00000174628,IQCK,0.36324213,0.925978919
ENSG00000111783,RFX4,0.363244145,0.925978919
ENSG00000143420,ENSA,0.36325831,0.925978919
ENSG00000183508,FAM46C,0.363267958,0.925978919
ENSG00000122824,NUDT10,0.363329602,0.925978919
ENSG00000233137,.,0.363330597,0.925978919
ENSG00000182963,GJC1,0.363405725,0.925978919
ENSG00000156381,ANKRD9,0.363423049,0.925978919
ENSG00000134644,PUM1,0.363440063,0.925978919
ENSG00000188167,TMPPE,0.363450608,0.925978919
ENSG00000231638,.,0.363451441,0.925978919
ENSG00000139329,LUM,0.363504929,0.925978919
ENSG00000145526,CDH18,0.363603547,0.925978919
ENSG00000068028,RASSF1,0.363607637,0.925978919
ENSG00000162873,KLHDC8A,0.363613936,0.925978919
ENSG00000132357,CARD6,0.36369168,0.925978919
ENSG00000167264,DUS2L,0.363699358,0.925978919
ENSG00000107819,SFXN3,0.363708919,0.925978919
ENSG00000146909,NOM1,0.363739979,0.925978919
ENSG00000108984,MAP2K6,0.363742999,0.925978919
ENSG00000236581,STARD13-AS2,0.363783474,0.925978919
ENSG00000112130,RNF8,0.363936682,0.926017734
ENSG00000176108,CHMP6,0.36401979,0.926017734
ENSG00000164038,SLC9B2,0.364090244,0.926017734
ENSG00000100504,PYGL,0.364160391,0.926017734
ENSG00000164889,SLC4A2,0.364165386,0.926017734
ENSG00000132475,H3F3B,0.364207512,0.926017734
ENSG00000204161,C10orf128,0.364239589,0.926017734
ENSG00000170631,ZNF16,0.364267899,0.926017734
ENSG00000196616,ADH1B,0.364306191,0.926017734
ENSG00000188242,.,0.364403031,0.926120549
ENSG00000178199,ZC3H12D,0.364557634,0.92637011
ENSG00000147246,HTR2C,0.36463883,0.926433092
ENSG00000132274,TRIM22,0.364831315,0.926620829
ENSG00000229481,.,0.364871872,0.926620829
ENSG00000143633,C1orf131,0.364881989,0.926620829
ENSG00000130749,ZC3H4,0.365109286,0.926666663
ENSG00000144290,SLC4A10,0.365170446,0.926666663
ENSG00000236725,.,0.365182853,0.926666663
ENSG00000066248,NGEF,0.365246954,0.926666663
ENSG00000235961,PNMA6C,0.365288759,0.926666663
ENSG00000181031,RPH3AL,0.365335617,0.926666663
ENSG00000073169,.,0.365341411,0.926666663
ENSG00000060971,ACAA1,0.365386756,0.926666663
ENSG00000177409,SAMD9L,0.365407862,0.926666663
ENSG00000064666,CNN2,0.365647738,0.926933811
ENSG00000136295,TTYH3,0.365663466,0.926933811
ENSG00000214842,RAD51AP2,0.365749907,0.926933811
ENSG00000108423,TUBD1,0.365847285,0.926933811
ENSG00000163376,KBTBD8,0.36603211,0.926933811
ENSG00000078098,FAP,0.366037067,0.926933811
ENSG00000119927,GPAM,0.366058198,0.926933811
ENSG00000138078,PREPL,0.366064403,0.926933811
ENSG00000064607,SUGP2,0.366075409,0.926933811
ENSG00000237188,.,0.366077617,0.926933811
ENSG00000144134,RABL2A,0.366169379,0.926991323
ENSG00000100124,ANKRD54,0.366234968,0.926991323
ENSG00000131828,PDHA1,0.366269664,0.926991323
ENSG00000185085,INTS5,0.366423617,0.927217391
ENSG00000171951,SCG2,0.366471904,0.927217391
ENSG00000133800,LYVE1,0.36660124,0.927350485
ENSG00000182601,HS3ST4,0.366637442,0.927350485
ENSG00000072736,NFATC3,0.366734983,0.927454361
ENSG00000145725,PPIP5K2,0.366940331,0.927830801
ENSG00000160188,RSPH1,0.367088514,0.927967157
ENSG00000006377,DLX6,0.367107265,0.927967157
ENSG00000177889,UBE2N,0.367201292,0.928061991
ENSG00000012660,ELOVL5,0.367433674,0.928397051
ENSG00000204267,TAP2,0.367446924,0.928397051
ENSG00000109756,RAPGEF2,0.367543505,0.928498229
ENSG00000138074,SLC5A6,0.367781947,0.928804184
ENSG00000152518,ZFP36L2,0.367852961,0.928804184
ENSG00000119707,RBM25,0.367896276,0.928804184
ENSG00000166598,HSP90B1,0.367936782,0.928804184
ENSG00000164742,ADCY1,0.367947392,0.928804184
ENSG00000166813,KIF7,0.368068832,0.928967948
ENSG00000235513,.,0.368311344,0.929369169
ENSG00000203965,EFCAB7,0.36835152,0.929369169
ENSG00000166289,PLEKHF1,0.368499694,0.929369169
ENSG00000123609,NMI,0.368538316,0.929369169
ENSG00000034677,RNF19A,0.368562839,0.929369169
ENSG00000239474,KBTBD10,0.368771209,0.929369169
ENSG00000185697,MYBL1,0.368797494,0.929369169
ENSG00000068079,IFI35,0.368895293,0.929369169
ENSG00000213930,GALT,0.369001008,0.929369169
ENSG00000102974,CTCF,0.369054481,0.929369169
ENSG00000170043,TRAPPC1,0.369063522,0.929369169
ENSG00000198169,ZNF251,0.36906489,0.929369169
ENSG00000185989,RASA3,0.369111193,0.929369169
ENSG00000127920,GNG11,0.369140968,0.929369169
ENSG00000119541,VPS4B,0.369218844,0.929369169
ENSG00000153044,CENPH,0.369354393,0.929369169
ENSG00000134318,ROCK2,0.369370353,0.929369169
ENSG00000133302,ANKRD32,0.36947246,0.929369169
ENSG00000185115,NDNL2,0.36949768,0.929369169
ENSG00000186047,DLEU7,0.369528976,0.929369169
ENSG00000005889,ZFX,0.36956107,0.929369169
ENSG00000198924,DCLRE1A,0.36959375,0.929369169
ENSG00000132646,PCNA,0.369688107,0.929369169
ENSG00000149136,SSRP1,0.369729379,0.929369169
ENSG00000085644,ZNF213,0.369744584,0.929369169
ENSG00000188895,MSL1,0.369753225,0.929369169
ENSG00000228998,.,0.369755717,0.929369169
ENSG00000197291,RAMP2-AS1,0.370064016,0.929540166
ENSG00000183878,UTY,0.370070799,0.929540166
ENSG00000117598,.,0.370188049,0.929540166
ENSG00000170653,ATF7,0.370189609,0.929540166
ENSG00000061676,NCKAP1,0.370194462,0.929540166
ENSG00000152583,SPARCL1,0.370233811,0.929540166
ENSG00000141429,GALNT1,0.370297383,0.929540166
ENSG00000231121,.,0.370381078,0.929540166
ENSG00000128641,MYO1B,0.370384115,0.929540166
ENSG00000016402,IL20RA,0.37061447,0.929540166
ENSG00000197879,MYO1C,0.370657452,0.929540166
ENSG00000105497,ZNF175,0.370672321,0.929540166
ENSG00000204356,RDBP,0.370686367,0.929540166
ENSG00000218328,C1orf196,0.370760447,0.929540166
ENSG00000054148,PHPT1,0.370772954,0.929540166
ENSG00000134962,KLB,0.370792723,0.929540166
ENSG00000159409,CELF3,0.370830069,0.929540166
ENSG00000168517,HEXIM2,0.37087308,0.929540166
ENSG00000180828,BHLHE22,0.370937779,0.929540166
ENSG00000167553,TUBA1C,0.371011328,0.929540166
ENSG00000259994,.,0.371012348,0.929540166
ENSG00000110076,NRXN2,0.371101839,0.92962256
ENSG00000066455,GOLGA5,0.371214857,0.929735018
ENSG00000102445,KIAA0226L,0.371259955,0.929735018
ENSG00000133678,TMEM254,0.371434559,0.930027266
ENSG00000155660,PDIA4,0.371529582,0.930027266
ENSG00000264198,.,0.371637222,0.930027266
ENSG00000239305,RNF103,0.371737466,0.930027266
ENSG00000104760,FGL1,0.371836852,0.930027266
ENSG00000123575,FAM199X,0.371851188,0.930027266
ENSG00000134287,ARF3,0.371873867,0.930027266
ENSG00000074803,SLC12A1,0.371931929,0.930027266
ENSG00000259168,.,0.371982269,0.930027266
ENSG00000206172,HBA1,0.372014279,0.930027266
ENSG00000205571,SMN2,0.372101358,0.930027266
ENSG00000259370,.,0.372154088,0.930027266
ENSG00000107929,LARP4B,0.372167942,0.930027266
ENSG00000124181,PLCG1,0.372169469,0.930027266
ENSG00000140181,HERC2P2,0.372254142,0.930055382
ENSG00000180776,ZDHHC20,0.372298413,0.930055382
ENSG00000182230,FAM153B,0.372383461,0.930055382
ENSG00000197140,ADAM32,0.372407246,0.930055382
ENSG00000259985,.,0.372545814,0.930206712
ENSG00000204237,OXLD1,0.372581121,0.930206712
ENSG00000205746,.,0.372852063,0.930688145
ENSG00000117525,F3,0.372938686,0.930688145
ENSG00000106723,SPIN1,0.372943962,0.930688145
ENSG00000105516,DBP,0.373022806,0.930743474
ENSG00000177337,DLGAP1-AS1,0.373106477,0.930810826
ENSG00000120063,GNA13,0.373283369,0.93093699
ENSG00000160602,NEK8,0.373362936,0.93093699
ENSG00000197122,SRC,0.373388439,0.93093699
ENSG00000204498,NFKBIL1,0.373424048,0.93093699
ENSG00000196639,HRH1,0.373440473,0.93093699
ENSG00000177683,THAP5,0.373511007,0.930970963
ENSG00000164181,ELOVL7,0.373721326,0.930970963
ENSG00000091542,ALKBH5,0.373747701,0.930970963
ENSG00000155970,EFHA2,0.373753041,0.930970963
ENSG00000171806,METTL18,0.373796524,0.930970963
ENSG00000123933,MXD4,0.373880604,0.930970963
ENSG00000105705,SUGP1,0.37388369,0.930970963
ENSG00000233396,.,0.373973929,0.930970963
ENSG00000185745,IFIT1,0.374253405,0.930970963
ENSG00000258986,TMEM179,0.374261949,0.930970963
ENSG00000182263,FIGN,0.374308915,0.930970963
ENSG00000172831,CES2,0.374320831,0.930970963
ENSG00000070729,CNGB1,0.374333575,0.930970963
ENSG00000068305,MEF2A,0.374376577,0.930970963
ENSG00000236943,.,0.374388646,0.930970963
ENSG00000253948,.,0.374469997,0.930970963
ENSG00000147118,ZNF182,0.374503573,0.930970963
ENSG00000137700,SLC37A4,0.374504131,0.930970963
ENSG00000196376,SLC35F1,0.374531155,0.930970963
ENSG00000146376,ARHGAP18,0.374607909,0.931020837
ENSG00000156052,GNAQ,0.374743997,0.931218136
ENSG00000101391,CDK5RAP1,0.374894422,0.931288023
ENSG00000188993,LRRC66,0.374949908,0.931288023
ENSG00000181585,TMIE,0.37497995,0.931288023
ENSG00000138382,METTL5,0.375038326,0.931288023
ENSG00000139116,KIF21A,0.375055653,0.931288023
ENSG00000147050,KDM6A,0.375328649,0.931655013
ENSG00000159377,PSMB4,0.375418716,0.931655013
ENSG00000071246,VASH1,0.375437546,0.931655013
ENSG00000102103,PQBP1,0.375557816,0.931655013
ENSG00000237765,FAM200B,0.375683868,0.931655013
ENSG00000234187,AIMP1P1,0.375738141,0.931655013
ENSG00000128591,FLNC,0.375769133,0.931655013
ENSG00000196655,TRAPPC4,0.375800612,0.931655013
ENSG00000198576,ARC,0.375815855,0.931655013
ENSG00000167700,MFSD3,0.375865369,0.931655013
ENSG00000116957,TBCE,0.375883819,0.931655013
ENSG00000262700,.,0.375884194,0.931655013
ENSG00000059377,TBXAS1,0.376064648,0.931961628
ENSG00000114251,WNT5A,0.376148533,0.932028872
ENSG00000235109,ZNF323,0.376254635,0.932041546
ENSG00000215424,MCM3AP-AS1,0.376267153,0.932041546
ENSG00000173402,DAG1,0.376539616,0.932431105
ENSG00000184208,C22orf46,0.376572032,0.932431105
ENSG00000178229,ZNF543,0.37659806,0.932431105
ENSG00000109819,PPARGC1A,0.376662264,0.932431105
ENSG00000100300,TSPO,0.376708298,0.932431105
ENSG00000163818,LZTFL1,0.377025803,0.932666397
ENSG00000185278,ZBTB37,0.377041867,0.932666397
ENSG00000197146,.,0.377087796,0.932666397
ENSG00000213965,NUDT19,0.377115575,0.932666397
ENSG00000100150,DEPDC5,0.377124179,0.932666397
ENSG00000165886,UBTD1,0.377144099,0.932666397
ENSG00000146918,NCAPG2,0.3772128,0.932667619
ENSG00000108509,CAMTA2,0.377327851,0.932667619
ENSG00000118620,ZNF430,0.377401019,0.932667619
ENSG00000197548,ATG7,0.377428398,0.932667619
ENSG00000131979,GCH1,0.377428545,0.932667619
ENSG00000163344,PMVK,0.377795347,0.932964005
ENSG00000250317,C4orf52,0.377799944,0.932964005
ENSG00000104154,SLC30A4,0.377843044,0.932964005
ENSG00000100335,SMCR7L,0.377892515,0.932964005
ENSG00000144115,THNSL2,0.377934487,0.932964005
ENSG00000220008,LINGO3,0.378018178,0.932964005
ENSG00000155011,DKK2,0.378068117,0.932964005
ENSG00000241261,.,0.378079151,0.932964005
ENSG00000204929,.,0.378100977,0.932964005
ENSG00000243587,C6orf183,0.378116569,0.932964005
ENSG00000164620,RELL2,0.378207581,0.933048386
ENSG00000155287,SLC25A28,0.378430101,0.933341158
ENSG00000158050,DUSP2,0.378474919,0.933341158
ENSG00000189423,USP32P3,0.378607859,0.933341158
ENSG00000137185,ZNF193,0.378613308,0.933341158
ENSG00000165832,TRUB1,0.378699262,0.933341158
ENSG00000134453,RBM17,0.378762582,0.933341158
ENSG00000186687,LYRM7,0.378835245,0.933341158
ENSG00000144559,TAMM41,0.378836164,0.933341158
ENSG00000267529,.,0.378861328,0.933341158
ENSG00000262359,DOC2B,0.37902552,0.933341158
ENSG00000139641,ESYT1,0.379025827,0.933341158
ENSG00000152620,NADKD1,0.379038416,0.933341158
ENSG00000115641,FHL2,0.379065063,0.933341158
ENSG00000143179,UCK2,0.379199668,0.933386817
ENSG00000137285,TUBB2B,0.379326335,0.933386817
ENSG00000127252,HRASLS,0.379400732,0.933386817
ENSG00000164366,CCDC127,0.379464455,0.933386817
ENSG00000107625,DDX50,0.379573849,0.933386817
ENSG00000167815,PRDX2,0.379607159,0.933386817
ENSG00000196371,FUT4,0.379664144,0.933386817
ENSG00000114346,ECT2,0.379736667,0.933386817
ENSG00000091409,ITGA6,0.379768158,0.933386817
ENSG00000185670,ZBTB3,0.379813056,0.933386817
ENSG00000011028,MRC2,0.379954604,0.933386817
ENSG00000138138,ATAD1,0.379991974,0.933386817
ENSG00000131446,MGAT1,0.380099753,0.933386817
ENSG00000137834,SMAD6,0.3801098,0.933386817
ENSG00000100815,TRIP11,0.380223256,0.933386817
ENSG00000206052,DOK6,0.380334136,0.933386817
ENSG00000198429,ZNF69,0.380432477,0.933386817
ENSG00000198373,WWP2,0.380507305,0.933386817
ENSG00000181619,GPR135,0.380511162,0.933386817
ENSG00000127054,CPSF3L,0.380516216,0.933386817
ENSG00000165006,UBAP1,0.380591875,0.933386817
ENSG00000163491,NEK10,0.38070443,0.933386817
ENSG00000138867,GUCD1,0.380749923,0.933386817
ENSG00000135070,ISCA1,0.380831388,0.933386817
ENSG00000025293,PHF20,0.381072624,0.933386817
ENSG00000169047,IRS1,0.381219027,0.933386817
ENSG00000231609,.,0.3812236,0.933386817
ENSG00000057935,MTA3,0.381239844,0.933386817
ENSG00000095383,TBC1D2,0.381263092,0.933386817
ENSG00000165899,OTOGL,0.381266979,0.933386817
ENSG00000130962,PRRG1,0.381291439,0.933386817
ENSG00000164168,TMEM184C,0.38129611,0.933386817
ENSG00000140740,UQCRC2,0.381331781,0.933386817
ENSG00000197386,HTT,0.38134804,0.933386817
ENSG00000136897,MRPL50,0.381382019,0.933386817
ENSG00000232928,DDX3YP1,0.381424271,0.933386817
ENSG00000254923,.,0.381544833,0.933386817
ENSG00000171606,ZNF274,0.381607234,0.933386817
ENSG00000241684,ADAMTS9-AS2,0.381708318,0.933386817
ENSG00000116815,CD58,0.381812844,0.933386817
ENSG00000101935,AMMECR1,0.381854514,0.933386817
ENSG00000226950,DANCR,0.381915612,0.933386817
ENSG00000109790,KLHL5,0.381944228,0.933386817
ENSG00000236008,.,0.382016505,0.933386817
ENSG00000167613,LAIR1,0.382052606,0.933386817
ENSG00000133318,RTN3,0.38212388,0.933386817
ENSG00000247629,.,0.382173653,0.933386817
ENSG00000269783,.,0.382316292,0.933386817
ENSG00000157985,AGAP1,0.382319021,0.933386817
ENSG00000182324,KCNJ14,0.382458787,0.933386817
ENSG00000012963,UBR7,0.382484104,0.933386817
ENSG00000103966,EHD4,0.382553208,0.933386817
ENSG00000188725,C5orf43,0.382588628,0.933386817
ENSG00000140694,PARN,0.382671324,0.933386817
ENSG00000185324,CDK10,0.382672111,0.933386817
ENSG00000172590,MRPL52,0.382748772,0.933386817
ENSG00000115053,NCL,0.382872108,0.933386817
ENSG00000169398,PTK2,0.382913449,0.933386817
ENSG00000165197,FIGF,0.382939463,0.933386817
ENSG00000247626,MARS2,0.382943151,0.933386817
ENSG00000123095,BHLHE41,0.383015818,0.933386817
ENSG00000145990,GFOD1,0.383105116,0.933386817
ENSG00000246145,.,0.383129707,0.933386817
ENSG00000196150,ZNF250,0.383160355,0.933386817
ENSG00000180096,SEPT1,0.383337089,0.933386817
ENSG00000164163,ABCE1,0.383411015,0.933386817
ENSG00000186280,KDM4D,0.383448345,0.933386817
ENSG00000147044,CASK,0.383573538,0.933386817
ENSG00000077080,ACTL6B,0.383603773,0.933386817
ENSG00000243646,IL10RB,0.383616861,0.933386817
ENSG00000120279,MYCT1,0.38361724,0.933386817
ENSG00000053524,MCF2L2,0.383662244,0.933386817
ENSG00000129055,ANAPC13,0.383687361,0.933386817
ENSG00000174446,SNAPC5,0.383737126,0.933386817
ENSG00000198720,ANKRD13B,0.383781639,0.933386817
ENSG00000119711,ALDH6A1,0.383838327,0.933386817
ENSG00000165259,HDX,0.383881895,0.933386817
ENSG00000037757,MRI1,0.384033694,0.933386817
ENSG00000010327,STAB1,0.384042671,0.933386817
ENSG00000019995,ZRANB1,0.384114286,0.933386817
ENSG00000248858,.,0.384173977,0.933386817
ENSG00000135750,KCNK1,0.384241867,0.933386817
ENSG00000127314,RAP1B,0.384262235,0.933386817
ENSG00000161202,DVL3,0.384330415,0.933386817
ENSG00000155761,SPAG17,0.384332717,0.933386817
ENSG00000230319,.,0.384375007,0.933386817
ENSG00000263740,.,0.384461086,0.933386817
ENSG00000164309,CMYA5,0.384487014,0.933386817
ENSG00000008086,CDKL5,0.38458883,0.933386817
ENSG00000184227,ACOT1,0.384652518,0.933386817
ENSG00000136267,DGKB,0.38475829,0.933386817
ENSG00000150776,C11orf57,0.384780896,0.933386817
ENSG00000154080,CHST9,0.384875011,0.933386817
ENSG00000104518,GSDMD,0.384937452,0.933386817
ENSG00000186867,QRFPR,0.38496701,0.933386817
ENSG00000107562,CXCL12,0.384982329,0.933386817
ENSG00000148730,EIF4EBP2,0.385111929,0.933386817
ENSG00000166526,ZNF3,0.385162047,0.933386817
ENSG00000113555,PCDH12,0.385181372,0.933386817
ENSG00000178209,PLEC,0.385253101,0.933386817
ENSG00000164331,ANKRA2,0.385277296,0.933386817
ENSG00000227671,.,0.385343739,0.933386817
ENSG00000170837,GPR27,0.385374146,0.933386817
ENSG00000100625,SIX4,0.385437719,0.933386817
ENSG00000227775,.,0.385444885,0.933386817
ENSG00000111785,RIC8B,0.385446187,0.933386817
ENSG00000229975,LIPT1P1,0.38560678,0.933386817
ENSG00000178722,C5orf64,0.385711853,0.933386817
ENSG00000146463,ZMYM4,0.385810381,0.933386817
ENSG00000132640,BTBD3,0.385819346,0.933386817
ENSG00000267002,.,0.385823278,0.933386817
ENSG00000135638,EMX1,0.385839425,0.933386817
ENSG00000060718,COL11A1,0.385842082,0.933386817
ENSG00000102178,UBL4A,0.385944782,0.933386817
ENSG00000101856,PGRMC1,0.385949378,0.933386817
ENSG00000067445,TRO,0.385949887,0.933386817
ENSG00000010165,METTL13,0.386019945,0.933386817
ENSG00000174943,KCTD13,0.386031317,0.933386817
ENSG00000163877,SNIP1,0.386065576,0.933386817
ENSG00000214765,SEPT7P2,0.386124511,0.933386817
ENSG00000197102,DYNC1H1,0.386134642,0.933386817
ENSG00000152795,HNRPDL,0.386150132,0.933386817
ENSG00000197779,ZNF81,0.386204394,0.933386817
ENSG00000003436,TFPI,0.386231331,0.933386817
ENSG00000124228,DDX27,0.386272624,0.933386817
ENSG00000196776,CD47,0.386286471,0.933386817
ENSG00000113758,DBN1,0.386398207,0.933386817
ENSG00000108349,CASC3,0.386402234,0.933386817
ENSG00000107404,DVL1,0.386415209,0.933386817
ENSG00000165646,SLC18A2,0.386503754,0.933463404
ENSG00000198015,MRPL42,0.386710671,0.933581907
ENSG00000198883,PNMA5,0.38671521,0.933581907
ENSG00000174791,RIN1,0.386723358,0.933581907
ENSG00000162669,HFM1,0.386854832,0.933762038
ENSG00000187498,COL4A1,0.387036742,0.934063838
ENSG00000102030,NAA10,0.387243841,0.934264555
ENSG00000160803,UBQLN4,0.387250544,0.934264555
ENSG00000108528,SLC25A11,0.387299328,0.934264555
ENSG00000162650,ATXN7L2,0.387381633,0.934264555
ENSG00000165868,HSPA12A,0.387429981,0.934264555
ENSG00000248540,.,0.387461236,0.934264555
ENSG00000167136,ENDOG,0.387803477,0.934500484
ENSG00000174374,WBSCR16,0.387803963,0.934500484
ENSG00000256616,.,0.387859777,0.934500484
ENSG00000177951,BET1L,0.387878536,0.934500484
ENSG00000132688,NES,0.387898689,0.934500484
ENSG00000175701,LINC00116,0.388020174,0.934500484
ENSG00000185883,ATP6V0C,0.388038082,0.934500484
ENSG00000126249,PDCD2L,0.388046952,0.934500484
ENSG00000134242,PTPN22,0.388128783,0.934500484
ENSG00000266910,.,0.388143977,0.934500484
ENSG00000013503,POLR3B,0.388188419,0.934500484
ENSG00000158220,ESYT3,0.388241905,0.934500484
ENSG00000257060,.,0.388525247,0.935045447
ENSG00000110536,PTPMT1,0.388875336,0.935647302
ENSG00000225470,JPX,0.388957079,0.935647302
ENSG00000204136,GGTA1P,0.389120401,0.935647302
ENSG00000081138,CDH7,0.389159004,0.935647302
ENSG00000128654,MTX2,0.389226636,0.935647302
ENSG00000183117,CSMD1,0.389375125,0.935647302
ENSG00000189180,ZNF33A,0.389436529,0.935647302
ENSG00000173681,CXorf23,0.38945122,0.935647302
ENSG00000087116,ADAMTS2,0.38948694,0.935647302
ENSG00000124120,TTPAL,0.389524121,0.935647302
ENSG00000005206,SPPL2B,0.389531098,0.935647302
ENSG00000215256,DHRS4-AS1,0.389642839,0.935647302
ENSG00000115368,WDR75,0.389679248,0.935647302
ENSG00000168016,TRANK1,0.389700365,0.935647302
ENSG00000104888,SLC17A7,0.389793349,0.935647302
ENSG00000213445,SIPA1,0.389794352,0.935647302
ENSG00000154734,ADAMTS1,0.38983432,0.935647302
ENSG00000265150,RN7SL2,0.389933507,0.935647302
ENSG00000131943,C19orf12,0.390022368,0.935647302
ENSG00000162408,NOL9,0.390246956,0.935647302
ENSG00000268230,.,0.390252863,0.935647302
ENSG00000105402,NAPA,0.39026586,0.935647302
ENSG00000243175,.,0.390267289,0.935647302
ENSG00000214021,TTLL3,0.390300747,0.935647302
ENSG00000198818,SFT2D1,0.390347353,0.935647302
ENSG00000223547,ZNF844,0.390388452,0.935647302
ENSG00000266918,.,0.390424835,0.935647302
ENSG00000185507,IRF7,0.390477833,0.935647302
ENSG00000229729,.,0.390515325,0.935647302
ENSG00000095587,TLL2,0.390620594,0.935647302
ENSG00000078795,PKD2L2,0.390676321,0.935647302
ENSG00000143442,POGZ,0.390684998,0.935647302
ENSG00000149548,CCDC15,0.390713692,0.935647302
ENSG00000121749,TBC1D15,0.390732147,0.935647302
ENSG00000100348,TXN2,0.390769338,0.935647302
ENSG00000148143,ZNF462,0.391118152,0.936199392
ENSG00000108771,DHX58,0.391201075,0.936199392
ENSG00000132498,ANKRD20A3,0.391265679,0.936199392
ENSG00000179476,C14orf28,0.391374422,0.936199392
ENSG00000135966,TGFBRAP1,0.39138441,0.936199392
ENSG00000248522,SBF1P1,0.39142879,0.936199392
ENSG00000188227,ZNF793,0.39144811,0.936199392
ENSG00000134851,TMEM165,0.391504753,0.936199392
ENSG00000149289,ZC3H12C,0.391575911,0.936199392
ENSG00000109919,MTCH2,0.391696277,0.936199392
ENSG00000158186,MRAS,0.391728877,0.936199392
ENSG00000148297,MED22,0.391745976,0.936199392
ENSG00000153157,SYCP2L,0.391747885,0.936199392
ENSG00000058453,CROCC,0.391797992,0.936199392
ENSG00000121671,CRY2,0.391968855,0.93644186
ENSG00000161929,SCIMP,0.392060493,0.93644186
ENSG00000071553,ATP6AP1,0.392070525,0.93644186
ENSG00000250371,.,0.39240859,0.936716943
ENSG00000140006,WDR89,0.39244649,0.936716943
ENSG00000189184,PCDH18,0.392523414,0.936716943
ENSG00000154262,ABCA6,0.392642529,0.936716943
ENSG00000249715,FER1L5,0.392658803,0.936716943
ENSG00000111816,FRK,0.392708015,0.936716943
ENSG00000144736,SHQ1,0.39274947,0.936716943
ENSG00000174839,DENND6A,0.392805802,0.936716943
ENSG00000150938,CRIM1,0.392830987,0.936716943
ENSG00000125686,MED1,0.392895805,0.936716943
ENSG00000188603,CLN3,0.39292381,0.936716943
ENSG00000147416,ATP6V1B2,0.392985737,0.936716943
ENSG00000148840,PPRC1,0.393027744,0.936716943
ENSG00000179912,R3HDM2,0.393066526,0.936716943
ENSG00000104904,OAZ1,0.393342454,0.936716943
ENSG00000071967,CYBRD1,0.393353655,0.936716943
ENSG00000132840,BHMT2,0.393433766,0.936716943
ENSG00000167377,ZNF23,0.393471438,0.936716943
ENSG00000134058,CDK7,0.393478751,0.936716943
ENSG00000104833,TUBB4A,0.393548534,0.936716943
ENSG00000166295,ANAPC16,0.393721486,0.936716943
ENSG00000139988,RDH12,0.393792368,0.936716943
ENSG00000164002,EXO5,0.39380927,0.936716943
ENSG00000226017,PRICKLE2-AS3,0.39382451,0.936716943
ENSG00000100519,PSMC6,0.393840904,0.936716943
ENSG00000215146,.,0.393946071,0.936716943
ENSG00000184557,SOCS3,0.394029884,0.936716943
ENSG00000105143,SLC1A6,0.39404015,0.936716943
ENSG00000145242,EPHA5,0.394051688,0.936716943
ENSG00000123453,SARDH,0.394094806,0.936716943
ENSG00000100023,PPIL2,0.394174836,0.936716943
ENSG00000170074,FAM153A,0.394200502,0.936716943
ENSG00000139182,CLSTN3,0.394233652,0.936716943
ENSG00000244560,.,0.394239734,0.936716943
ENSG00000099260,PALMD,0.39424337,0.936716943
ENSG00000160789,LMNA,0.394286492,0.936716943
ENSG00000180336,C17orf104,0.394368262,0.936716943
ENSG00000251474,RPL32P3,0.394461604,0.936716943
ENSG00000143756,FBXO28,0.394510099,0.936716943
ENSG00000132963,POMP,0.394522882,0.936716943
ENSG00000171084,FAM86JP,0.394536062,0.936716943
ENSG00000127955,GNAI1,0.394641955,0.936716943
ENSG00000227733,.,0.394723608,0.936716943
ENSG00000160055,TMEM234,0.394732276,0.936716943
ENSG00000099219,ERMP1,0.394752357,0.936716943
ENSG00000163596,ICA1L,0.39497449,0.937077408
ENSG00000076864,RAP1GAP,0.395051096,0.937077408
ENSG00000111863,ADTRP,0.395113408,0.937077408
ENSG00000105643,ARRDC2,0.39516798,0.937077408
ENSG00000177946,CENPBD1,0.395189559,0.937077408
ENSG00000165802,NELF,0.395266146,0.937092809
ENSG00000226026,.,0.395311928,0.937092809
ENSG00000172339,ALG14,0.395510075,0.937092809
ENSG00000111671,SPSB2,0.395600134,0.937092809
ENSG00000141098,GFOD2,0.395616406,0.937092809
ENSG00000184678,HIST2H2BE,0.39565554,0.937092809
ENSG00000172845,SP3,0.395670669,0.937092809
ENSG00000117643,MAN1C1,0.395703369,0.937092809
ENSG00000161267,BDH1,0.395709592,0.937092809
ENSG00000168036,CTNNB1,0.39593351,0.937240988
ENSG00000164303,ENPP6,0.3959472,0.937240988
ENSG00000168395,ING5,0.395999988,0.937240988
ENSG00000198920,KIAA0753,0.396034516,0.937240988
ENSG00000261658,.,0.396153618,0.937240988
ENSG00000075340,ADD2,0.396308847,0.937240988
ENSG00000153339,TRAPPC8,0.396396951,0.937240988
ENSG00000168675,LDLRAD4,0.396601589,0.937240988
ENSG00000186212,SOWAHB,0.396606074,0.937240988
ENSG00000160679,CHTOP,0.396612024,0.937240988
ENSG00000186577,C6orf1,0.396634957,0.937240988
ENSG00000164296,TIGD6,0.396662723,0.937240988
ENSG00000115602,IL1RL1,0.396703371,0.937240988
ENSG00000106683,LIMK1,0.396704599,0.937240988
ENSG00000229589,ACVR2B-AS1,0.396762395,0.937240988
ENSG00000155961,RAB39B,0.396870702,0.937240988
ENSG00000180219,FAM71C,0.396884041,0.937240988
ENSG00000111254,AKAP3,0.396888339,0.937240988
ENSG00000044446,PHKA2,0.396967751,0.937240988
ENSG00000068394,GPKOW,0.396989589,0.937240988
ENSG00000172586,CHCHD1,0.397046811,0.937240988
ENSG00000267278,MAP3K14-AS1,0.397234142,0.937240988
ENSG00000228903,RASA4CP,0.397254885,0.937240988
ENSG00000204859,ZBTB48,0.397263174,0.937240988
ENSG00000232626,.,0.397270688,0.937240988
ENSG00000164251,F2RL1,0.397282971,0.937240988
ENSG00000183960,KCNH8,0.397341029,0.937240988
ENSG00000204272,.,0.397410271,0.937240988
ENSG00000123124,WWP1,0.39742716,0.937240988
ENSG00000260163,.,0.397630378,0.937459364
ENSG00000082996,RNF13,0.397646093,0.937459364
ENSG00000198546,ZNF511,0.397691006,0.937459364
ENSG00000099821,POLRMT,0.397801817,0.937586
ENSG00000198081,ZFP161,0.397906638,0.937698481
ENSG00000141391,SLMO1,0.398063177,0.93779656
ENSG00000137070,IL11RA,0.398083597,0.93779656
ENSG00000155749,ALS2CR12,0.398122193,0.93779656
ENSG00000130520,LSM4,0.398176668,0.93779656
ENSG00000110696,C11orf58,0.398275953,0.937895896
ENSG00000242732,RGAG4,0.398422717,0.938047427
ENSG00000114857,NKTR,0.398547587,0.938047427
ENSG00000120727,PAIP2,0.398617792,0.938047427
ENSG00000174963,ZIC4,0.398627483,0.938047427
ENSG00000054392,HHAT,0.398649275,0.938047427
ENSG00000152822,GRM1,0.398692523,0.938047427
ENSG00000164050,PLXNB1,0.398744142,0.938047427
ENSG00000011485,PPP5C,0.398860216,0.938047427
ENSG00000164867,NOS3,0.398867419,0.938047427
ENSG00000091436,.,0.399019762,0.938047427
ENSG00000118762,PKD2,0.399066983,0.938047427
ENSG00000104133,SPG11,0.399153927,0.938047427
ENSG00000175745,NR2F1,0.399213512,0.938047427
ENSG00000248124,RRN3P1,0.399329694,0.938047427
ENSG00000129460,NGDN,0.399543886,0.938047427
ENSG00000160282,FTCD,0.399628618,0.938047427
ENSG00000156983,BRPF1,0.399706899,0.938047427
ENSG00000100154,TTC28,0.399769304,0.938047427
ENSG00000100647,KIAA0247,0.399842081,0.938047427
ENSG00000145912,NHP2,0.399845676,0.938047427
ENSG00000179144,GIMAP7,0.399867828,0.938047427
ENSG00000152193,RNF219,0.399880499,0.938047427
ENSG00000185009,AP3M1,0.399889538,0.938047427
ENSG00000129911,KLF16,0.399927293,0.938047427
ENSG00000139146,FAM60A,0.400021132,0.938047427
ENSG00000163659,TIPARP,0.400054851,0.938047427
ENSG00000073910,FRY,0.400121954,0.938047427
ENSG00000103342,GSPT1,0.400137883,0.938047427
ENSG00000074800,ENO1,0.400139724,0.938047427
ENSG00000114331,ACAP2,0.400256476,0.938047427
ENSG00000224081,.,0.400273486,0.938047427
ENSG00000185924,RTN4RL1,0.400306694,0.938047427
ENSG00000134684,YARS,0.400376981,0.938047427
ENSG00000136240,KDELR2,0.400483872,0.938047427
ENSG00000224795,.,0.400555773,0.938047427
ENSG00000215142,.,0.400582107,0.938047427
ENSG00000064989,CALCRL,0.40069613,0.938047427
ENSG00000117335,CD46,0.400762963,0.938047427
ENSG00000144357,UBR3,0.400824137,0.938047427
ENSG00000137656,BUD13,0.400896229,0.938047427
ENSG00000136950,ARPC5L,0.400927063,0.938047427
ENSG00000135842,FAM129A,0.400973373,0.938047427
ENSG00000233355,CHRM3-AS2,0.400996315,0.938047427
ENSG00000151491,EPS8,0.401012043,0.938047427
ENSG00000120253,NUP43,0.401039284,0.938047427
ENSG00000010017,RANBP9,0.401139071,0.938047427
ENSG00000104361,NIPAL2,0.401145635,0.938047427
ENSG00000225278,.,0.401176679,0.938047427
ENSG00000024048,UBR2,0.401178648,0.938047427
ENSG00000166263,STXBP4,0.401286864,0.938047427
ENSG00000189046,ALKBH2,0.401302866,0.938047427
ENSG00000213719,CLIC1,0.401422615,0.938047427
ENSG00000170214,ADRA1B,0.401446294,0.938047427
ENSG00000183473,SSTR3,0.401487807,0.938047427
ENSG00000150779,TIMM8B,0.401553144,0.938047427
ENSG00000165731,RET,0.401603359,0.938047427
ENSG00000170458,CD14,0.401869108,0.938047427
ENSG00000119121,TRPM6,0.401878378,0.938047427
ENSG00000131462,TUBG1,0.40198841,0.938047427
ENSG00000082196,C1QTNF3,0.402034394,0.938047427
ENSG00000068650,ATP11A,0.402193793,0.938047427
ENSG00000159579,RSPRY1,0.402199201,0.938047427
ENSG00000015676,NUDCD3,0.402260492,0.938047427
ENSG00000118515,SGK1,0.402283344,0.938047427
ENSG00000159208,C1orf51,0.40230338,0.938047427
ENSG00000170425,ADORA2B,0.402406864,0.938047427
ENSG00000151470,C4orf33,0.402415288,0.938047427
ENSG00000172159,FRMD3,0.402441295,0.938047427
ENSG00000184675,FAM123B,0.402464172,0.938047427
ENSG00000222024,.,0.402485419,0.938047427
ENSG00000131885,KRT17P1,0.402501507,0.938047427
ENSG00000143499,SMYD2,0.402533504,0.938047427
ENSG00000196967,ZNF585A,0.402542428,0.938047427
ENSG00000131469,RPL27,0.402576278,0.938047427
ENSG00000196109,ZNF676,0.402624144,0.938047427
ENSG00000179978,.,0.402771073,0.938195458
ENSG00000147400,CETN2,0.402838561,0.938195458
ENSG00000002746,HECW1,0.402948956,0.938195458
ENSG00000107829,FBXW4,0.402963712,0.938195458
ENSG00000178913,TAF7,0.402974514,0.938195458
ENSG00000107140,TESK1,0.403084551,0.938195458
ENSG00000151422,FER,0.403240812,0.938195458
ENSG00000258839,MC1R,0.403256627,0.938195458
ENSG00000139200,PIANP,0.403282971,0.938195458
ENSG00000140987,ZNF434,0.403628374,0.938195458
ENSG00000102858,MGRN1,0.403656188,0.938195458
ENSG00000146425,DYNLT1,0.403792666,0.938195458
ENSG00000186648,LRRC16B,0.403853072,0.938195458
ENSG00000160214,RRP1,0.403875694,0.938195458
ENSG00000099958,DERL3,0.4039326,0.938195458
ENSG00000117010,ZNF684,0.403948255,0.938195458
ENSG00000134278,SPIRE1,0.40395791,0.938195458
ENSG00000066926,FECH,0.404071368,0.938195458
ENSG00000178726,THBD,0.404072563,0.938195458
ENSG00000197934,.,0.404081688,0.938195458
ENSG00000198055,GRK6,0.404101147,0.938195458
ENSG00000260114,.,0.404109852,0.938195458
ENSG00000198700,IPO9,0.404161485,0.938195458
ENSG00000228486,.,0.404192644,0.938195458
ENSG00000119242,CCDC92,0.404203775,0.938195458
ENSG00000156170,NDUFAF6,0.404220818,0.938195458
ENSG00000214211,CTAGE14P,0.404236518,0.938195458
ENSG00000253726,.,0.404344262,0.938195458
ENSG00000183036,PCP4,0.404344362,0.938195458
ENSG00000143384,MCL1,0.404469654,0.9382395
ENSG00000167995,BEST1,0.404477602,0.9382395
ENSG00000069966,GNB5,0.404627476,0.938454603
ENSG00000108370,RGS9,0.404800018,0.93872221
ENSG00000242125,SNHG3,0.404925847,0.938881433
ENSG00000124783,SSR1,0.405030527,0.938948753
ENSG00000269693,.,0.405162897,0.938948753
ENSG00000105193,RPS16,0.405183683,0.938948753
ENSG00000167554,ZNF610,0.40521531,0.938948753
ENSG00000160808,MYL3,0.405240745,0.938948753
ENSG00000054356,PTPRN,0.405411915,0.939000533
ENSG00000255837,TAS2R20,0.405530475,0.939000533
ENSG00000187695,.,0.405570217,0.939000533
ENSG00000135094,SDS,0.40572735,0.939000533
ENSG00000155666,KDM8,0.405747187,0.939000533
ENSG00000078699,CBFA2T2,0.405756782,0.939000533
ENSG00000198130,HIBCH,0.405776488,0.939000533
ENSG00000139990,DCAF5,0.405902825,0.939000533
ENSG00000157873,TNFRSF14,0.405915205,0.939000533
ENSG00000181722,ZBTB20,0.40594632,0.939000533
ENSG00000148053,NTRK2,0.405964994,0.939000533
ENSG00000147854,UHRF2,0.40599078,0.939000533
ENSG00000132849,INADL,0.40605196,0.939000533
ENSG00000167604,NFKBID,0.4061163,0.939000533
ENSG00000131951,LRRC9,0.40614019,0.939000533
ENSG00000198547,C20orf203,0.406213044,0.939000533
ENSG00000118160,SLC8A2,0.406266403,0.939000533
ENSG00000236830,CBR3-AS1,0.406331656,0.939000533
ENSG00000153560,UBP1,0.406349436,0.939000533
ENSG00000251158,.,0.406461588,0.939127554
ENSG00000003147,ICA1,0.406576385,0.93924197
ENSG00000177842,ZNF620,0.406744605,0.93924197
ENSG00000260641,.,0.406775834,0.93924197
ENSG00000204262,COL5A2,0.406906076,0.93924197
ENSG00000100889,PCK2,0.40702178,0.93924197
ENSG00000165349,SLC7A3,0.407131087,0.93924197
ENSG00000197372,ZNF675,0.407203569,0.93924197
ENSG00000232677,LINC00665,0.407221646,0.93924197
ENSG00000108055,SMC3,0.407244244,0.93924197
ENSG00000005194,CIAPIN1,0.407252437,0.93924197
ENSG00000265787,CYP4F35P,0.407281873,0.93924197
ENSG00000162545,CAMK2N1,0.40728713,0.93924197
ENSG00000197063,MAFG,0.407328503,0.93924197
ENSG00000138798,EGF,0.407524536,0.93924197
ENSG00000006432,MAP3K9,0.407543764,0.93924197
ENSG00000157500,APPL1,0.407572107,0.93924197
ENSG00000196235,SUPT5H,0.407575791,0.93924197
ENSG00000121898,CPXM2,0.407583141,0.93924197
ENSG00000006576,PHTF2,0.40760353,0.93924197
ENSG00000198918,RPL39,0.407654921,0.93924197
ENSG00000151952,TMEM132D,0.407916015,0.939264823
ENSG00000184524,CEND1,0.407919584,0.939264823
ENSG00000239306,RBM14,0.408036709,0.939264823
ENSG00000184898,RBM43,0.408082928,0.939264823
ENSG00000184261,KCNK12,0.408117902,0.939264823
ENSG00000171206,TRIM8,0.408128129,0.939264823
ENSG00000169427,KCNK9,0.408247815,0.939264823
ENSG00000166439,RNF169,0.408350233,0.939264823
ENSG00000167595,C19orf55,0.408371354,0.939264823
ENSG00000126215,XRCC3,0.408414494,0.939264823
ENSG00000114670,NEK11,0.408476941,0.939264823
ENSG00000138190,EXOC6,0.408542726,0.939264823
ENSG00000166435,XRRA1,0.408562063,0.939264823
ENSG00000152422,XRCC4,0.408587809,0.939264823
ENSG00000072518,MARK2,0.408604738,0.939264823
ENSG00000213551,DNAJC9,0.408611443,0.939264823
ENSG00000141404,GNAL,0.408713134,0.939264823
ENSG00000123080,CDKN2C,0.408744904,0.939264823
ENSG00000106615,RHEB,0.408751488,0.939264823
ENSG00000129422,MTUS1,0.408828067,0.939309366
ENSG00000232044,.,0.409085916,0.939490226
ENSG00000197915,HRNR,0.409095189,0.939490226
ENSG00000131732,ZCCHC9,0.409222988,0.939490226
ENSG00000152582,SPEF2,0.409285329,0.939490226
ENSG00000166024,R3HCC1L,0.409324247,0.939490226
ENSG00000103490,PYCARD,0.40940637,0.939490226
ENSG00000101605,MYOM1,0.409435529,0.939490226
ENSG00000118894,FAM86A,0.409502406,0.939490226
ENSG00000213160,KLHL23,0.409507565,0.939490226
ENSG00000125375,ATP5S,0.409542287,0.939490226
ENSG00000205356,TECPR1,0.409560626,0.939490226
ENSG00000082153,BZW1,0.409624917,0.939490226
ENSG00000136750,GAD2,0.40965046,0.939490226
ENSG00000162191,UBXN1,0.409965537,0.939988878
ENSG00000136280,CCM2,0.409982362,0.939988878
ENSG00000005801,ZNF195,0.410207599,0.940208578
ENSG00000120555,SEPT7L,0.41033854,0.940208578
ENSG00000026025,VIM,0.410344658,0.940208578
ENSG00000198837,DENND4B,0.410347499,0.940208578
ENSG00000135338,LCA5,0.410445415,0.940208578
ENSG00000204650,CRHR1-IT1,0.410458703,0.940208578
ENSG00000138035,PNPT1,0.410478932,0.940208578
ENSG00000116205,TCEANC2,0.410594965,0.940219108
ENSG00000256443,.,0.410631163,0.940219108
ENSG00000198914,POU3F3,0.410686104,0.940219108
ENSG00000234616,JRK,0.410801772,0.940219108
ENSG00000146540,C7orf50,0.410845684,0.940219108
ENSG00000254681,PKD1P5,0.410989674,0.940219108
ENSG00000136237,RAPGEF5,0.410999914,0.940219108
ENSG00000144355,DLX1,0.411059461,0.940219108
ENSG00000256885,.,0.411316929,0.940219108
ENSG00000213366,GSTM2,0.411361258,0.940219108
ENSG00000110108,TMEM109,0.411389447,0.940219108
ENSG00000261452,.,0.411401336,0.940219108
ENSG00000185158,LRRC37B,0.411519833,0.940219108
ENSG00000185728,YTHDF3,0.411542347,0.940219108
ENSG00000227097,.,0.411543317,0.940219108
ENSG00000105576,TNPO2,0.411554111,0.940219108
ENSG00000177628,GBA,0.411629356,0.940219108
ENSG00000254343,.,0.411643939,0.940219108
ENSG00000137496,IL18BP,0.411793124,0.940219108
ENSG00000196670,ZFP62,0.411875586,0.940219108
ENSG00000232656,IDI2-AS1,0.411915146,0.940219108
ENSG00000100368,CSF2RB,0.411949762,0.940219108
ENSG00000104903,LYL1,0.412019537,0.940219108
ENSG00000023171,GRAMD1B,0.412044317,0.940219108
ENSG00000149196,C11orf73,0.412049568,0.940219108
ENSG00000105968,H2AFV,0.412089126,0.940219108
ENSG00000181790,BAI1,0.412131272,0.940219108
ENSG00000039560,RAI14,0.412137834,0.940219108
ENSG00000011295,TTC19,0.412240651,0.940219108
ENSG00000079337,RAPGEF3,0.412289603,0.940219108
ENSG00000226642,ACTG1P12,0.412291378,0.940219108
ENSG00000167657,DAPK3,0.412400709,0.940219108
ENSG00000066379,ZNRD1,0.4124936,0.940219108
ENSG00000119004,CYP20A1,0.412574099,0.940219108
ENSG00000113296,THBS4,0.412754252,0.940219108
ENSG00000148484,RSU1,0.412816202,0.940219108
ENSG00000227835,CARM1P1,0.413006428,0.940219108
ENSG00000153310,FAM49B,0.413041651,0.940219108
ENSG00000173465,SSSCA1,0.413068108,0.940219108
ENSG00000182934,SRPR,0.413121956,0.940219108
ENSG00000250588,IQCJ-SCHIP1,0.41314398,0.940219108
ENSG00000070831,CDC42,0.413184636,0.940219108
ENSG00000079150,FKBP7,0.413272871,0.940219108
ENSG00000095066,HOOK2,0.41329624,0.940219108
ENSG00000254783,.,0.413337399,0.940219108
ENSG00000142408,CACNG8,0.413399598,0.940219108
ENSG00000157326,DHRS4,0.413511307,0.940219108
ENSG00000137574,TGS1,0.413601566,0.940219108
ENSG00000174100,MRPL45,0.413763342,0.940219108
ENSG00000156990,RPUSD3,0.413818433,0.940219108
ENSG00000170537,TMC7,0.413862326,0.940219108
ENSG00000167302,ENTHD2,0.413871103,0.940219108
ENSG00000225697,SLC26A6,0.413907635,0.940219108
ENSG00000198947,DMD,0.413915117,0.940219108
ENSG00000158122,AAED1,0.413968133,0.940219108
ENSG00000103335,PIEZO1,0.413992969,0.940219108
ENSG00000225125,RANP4,0.414045786,0.940219108
ENSG00000204956,PCDHGA1,0.41408409,0.940219108
ENSG00000103502,CDIPT,0.414088616,0.940219108
ENSG00000196636,ACN9,0.4141963,0.940219108
ENSG00000169087,HSPBAP1,0.414201527,0.940219108
ENSG00000142102,ATHL1,0.414290735,0.940219108
ENSG00000174600,CMKLR1,0.414328585,0.940219108
ENSG00000100060,MFNG,0.414467674,0.940219108
ENSG00000120256,LRP11,0.41447217,0.940219108
ENSG00000177875,C12orf68,0.414535291,0.940219108
ENSG00000232151,.,0.414581066,0.940219108
ENSG00000225439,BOLA3-AS1,0.41460722,0.940219108
ENSG00000164609,SLU7,0.414614823,0.940219108
ENSG00000139292,LGR5,0.414626913,0.940219108
ENSG00000147065,MSN,0.414664592,0.940219108
ENSG00000117707,PROX1,0.414667874,0.940219108
ENSG00000140743,CDR2,0.414705267,0.940219108
ENSG00000158480,SPATA2,0.414724723,0.940219108
ENSG00000147437,GNRH1,0.415062028,0.940219108
ENSG00000064787,BCAS1,0.415188053,0.940219108
ENSG00000186767,SPIN4,0.41521597,0.940219108
ENSG00000029639,TFB1M,0.415246586,0.940219108
ENSG00000012171,SEMA3B,0.415318441,0.940219108
ENSG00000186960,C14orf23,0.415340522,0.940219108
ENSG00000251079,BMS1P2,0.415366404,0.940219108
ENSG00000141337,ARSG,0.415379405,0.940219108
ENSG00000092108,SCFD1,0.415428092,0.940219108
ENSG00000118939,UCHL3,0.415459144,0.940219108
ENSG00000114405,C3orf14,0.415485513,0.940219108
ENSG00000148925,BTBD10,0.415544626,0.940219108
ENSG00000260563,.,0.415549872,0.940219108
ENSG00000135968,GCC2,0.415551561,0.940219108
ENSG00000146576,C7orf26,0.415714193,0.940219108
ENSG00000172803,SNX32,0.415774295,0.940219108
ENSG00000103723,AP3B2,0.415792949,0.940219108
ENSG00000163808,KIF15,0.415865978,0.940219108
ENSG00000148090,AUH,0.41594812,0.940219108
ENSG00000203791,METTL10,0.416022634,0.940219108
ENSG00000142541,RPL13A,0.41604514,0.940219108
ENSG00000127554,GFER,0.416127509,0.940219108
ENSG00000073849,ST6GAL1,0.416147144,0.940219108
ENSG00000125775,SDCBP2,0.416149866,0.940219108
ENSG00000086827,ZW10,0.416200592,0.940219108
ENSG00000156603,MED19,0.41622502,0.940219108
ENSG00000183496,MEX3B,0.416265794,0.940219108
ENSG00000213585,VDAC1,0.416459763,0.940527873
ENSG00000149260,CAPN5,0.416750812,0.941055766
ENSG00000186468,RPS23,0.416811737,0.941063948
ENSG00000048649,RSF1,0.416935653,0.941214327
ENSG00000162618,ELTD1,0.417083834,0.941419435
ENSG00000067560,RHOA,0.417270889,0.941586548
ENSG00000263327,TAPT1-AS1,0.417272538,0.941586548
ENSG00000221821,C6orf226,0.417615277,0.941706874
ENSG00000176658,MYO1D,0.417619615,0.941706874
ENSG00000186575,NF2,0.417756178,0.941706874
ENSG00000188064,WNT7B,0.417844287,0.941706874
ENSG00000179403,VWA1,0.417880976,0.941706874
ENSG00000160766,GBAP1,0.418084835,0.941706874
ENSG00000266993,.,0.418148937,0.941706874
ENSG00000032389,TSSC1,0.418209421,0.941706874
ENSG00000129250,KIF1C,0.418246119,0.941706874
ENSG00000040487,PQLC2,0.418259893,0.941706874
ENSG00000250345,.,0.418336612,0.941706874
ENSG00000141040,ZNF287,0.418424878,0.941706874
ENSG00000163684,RPP14,0.418452303,0.941706874
ENSG00000106268,NUDT1,0.418454989,0.941706874
ENSG00000144283,PKP4,0.418491998,0.941706874
ENSG00000152661,GJA1,0.418524248,0.941706874
ENSG00000157869,RAB28,0.418605424,0.941706874
ENSG00000174917,C19orf70,0.418617041,0.941706874
ENSG00000091482,SMPX,0.418633089,0.941706874
ENSG00000223768,LINC00205,0.418671956,0.941706874
ENSG00000196305,IARS,0.418773281,0.941706874
ENSG00000170089,.,0.418787846,0.941706874
ENSG00000198142,SOWAHC,0.418857753,0.941706874
ENSG00000061938,TNK2,0.418863754,0.941706874
ENSG00000197780,TAF13,0.418899639,0.941706874
ENSG00000197142,ACSL5,0.41902534,0.941706874
ENSG00000214331,.,0.419070442,0.941706874
ENSG00000220842,.,0.419177108,0.941706874
ENSG00000135341,MAP3K7,0.419253218,0.941706874
ENSG00000183654,MARCH11,0.419262011,0.941706874
ENSG00000146826,C7orf43,0.419270292,0.941706874
ENSG00000122783,C7orf49,0.419275241,0.941706874
ENSG00000261069,.,0.41928781,0.941706874
ENSG00000104112,SCG3,0.419311919,0.941706874
ENSG00000198585,NUDT16,0.419332787,0.941706874
ENSG00000137872,SEMA6D,0.419589053,0.941849373
ENSG00000174915,PTDSS2,0.419589181,0.941849373
ENSG00000171552,BCL2L1,0.419625352,0.941849373
ENSG00000179979,CRIPAK,0.419625638,0.941849373
ENSG00000229644,NAMPTL,0.419858737,0.941905378
ENSG00000136463,TACO1,0.419862207,0.941905378
ENSG00000125841,NRSN2,0.419864226,0.941905378
ENSG00000219607,PPP1R3G,0.419935245,0.941905378
ENSG00000143630,HCN3,0.420007488,0.941905378
ENSG00000005844,ITGAL,0.420097328,0.941905378
ENSG00000254999,BRK1,0.420161259,0.941905378
ENSG00000124493,GRM4,0.420192547,0.941905378
ENSG00000132510,KDM6B,0.42025453,0.941905378
ENSG00000035681,NSMAF,0.420266818,0.941905378
ENSG00000185803,SLC52A2,0.420314604,0.941905378
ENSG00000196277,GRM7,0.420346852,0.941905378
ENSG00000173145,NOC3L,0.420396177,0.941905378
ENSG00000196872,KIAA1211L,0.420520166,0.942054657
ENSG00000166881,TMEM194A,0.420578789,0.942057481
ENSG00000129521,EGLN3,0.420641023,0.942068393
ENSG00000184922,FMNL1,0.420991948,0.942626932
ENSG00000198938,MT-CO3,0.421005209,0.942626932
ENSG00000236432,.,0.421109988,0.942733005
ENSG00000213240,NOTCH2NL,0.421466323,0.943226316
ENSG00000166002,C11orf75,0.421498225,0.943226316
ENSG00000155016,CYP2U1,0.421563351,0.943226316
ENSG00000152240,HAUS1,0.421596786,0.943226316
ENSG00000176783,RUFY1,0.421764896,0.943226316
ENSG00000225539,.,0.421811167,0.943226316
ENSG00000117289,TXNIP,0.421813434,0.943226316
ENSG00000165821,SALL2,0.421874746,0.943226316
ENSG00000106477,CEP41,0.421903283,0.943226316
ENSG00000139644,TMBIM6,0.421904677,0.943226316
ENSG00000197894,ADH5,0.42213466,0.943420079
ENSG00000187957,DNER,0.422170095,0.943420079
ENSG00000167968,DNASE1L2,0.422195163,0.943420079
ENSG00000054277,OPN3,0.422257434,0.943420079
ENSG00000132321,IQCA1,0.422294802,0.943420079
ENSG00000261003,.,0.422415251,0.943420079
ENSG00000172007,RAB33B,0.422523993,0.943420079
ENSG00000141084,RANBP10,0.422546335,0.943420079
ENSG00000246223,C14orf64,0.422578337,0.943420079
ENSG00000103226,NOMO3,0.422648624,0.943420079
ENSG00000188783,PRELP,0.4227122,0.943420079
ENSG00000132554,RGS22,0.42275238,0.943420079
ENSG00000224798,.,0.422792186,0.943420079
ENSG00000127580,WDR24,0.422795578,0.943420079
ENSG00000121892,PDS5A,0.422914811,0.943557933
ENSG00000116857,TMEM9,0.423023874,0.943567586
ENSG00000186868,MAPT,0.423034046,0.943567586
ENSG00000147669,POLR2K,0.423258172,0.943939295
ENSG00000154914,USP43,0.423380623,0.944084178
ENSG00000100441,KHNYN,0.423514576,0.944181258
ENSG00000114302,PRKAR2A,0.423539142,0.944181258
ENSG00000106028,SSBP1,0.423749233,0.944425536
ENSG00000154122,ANKH,0.423763732,0.944425536
ENSG00000236778,INTS6-AS1,0.423845357,0.944441886
ENSG00000109458,GAB1,0.423886083,0.944441886
ENSG00000101182,PSMA7,0.424046989,0.944672232
ENSG00000162745,OLFML2B,0.424191687,0.944866415
ENSG00000012779,ALOX5,0.424315408,0.945005115
ENSG00000041802,LSG1,0.424384793,0.945005115
ENSG00000065883,CDK13,0.42442658,0.945005115
ENSG00000122870,BICC1,0.424647025,0.945345947
ENSG00000204406,MBD5,0.424694782,0.945345947
ENSG00000164024,METAP1,0.424800469,0.945453056
ENSG00000183580,FBXL7,0.42491665,0.945551346
ENSG00000135452,TSPAN31,0.425070899,0.945551346
ENSG00000240771,ARHGEF25,0.425118944,0.945551346
ENSG00000152049,KCNE4,0.425178638,0.945551346
ENSG00000086570,FAT2,0.425184978,0.945551346
ENSG00000169855,ROBO1,0.425205726,0.945551346
ENSG00000136250,AOAH,0.425264968,0.945551346
ENSG00000196648,.,0.42530523,0.945551346
ENSG00000133216,EPHB2,0.425493152,0.945763299
ENSG00000166333,ILK,0.425515741,0.945763299
ENSG00000178188,SH2B1,0.425623352,0.945794369
ENSG00000236537,.,0.425644899,0.945794369
ENSG00000267882,.,0.425737179,0.94581791
ENSG00000196584,XRCC2,0.425770676,0.94581791
ENSG00000142676,RPL11,0.425953006,0.946094971
ENSG00000100099,HPS4,0.426051688,0.946144036
ENSG00000116001,TIA1,0.426117173,0.946144036
ENSG00000267370,.,0.426222482,0.946144036
ENSG00000233542,.,0.426257733,0.946144036
ENSG00000225746,.,0.426263151,0.946144036
ENSG00000157005,SST,0.426377145,0.94626917
ENSG00000124257,NEURL2,0.426490264,0.946338781
ENSG00000078319,PMS2P1,0.426523757,0.946338781
ENSG00000265100,.,0.426793284,0.946564617
ENSG00000184428,TOP1MT,0.42682907,0.946564617
ENSG00000266900,.,0.426924538,0.946564617
ENSG00000169519,METTL15,0.426937559,0.946564617
ENSG00000181381,DDX60L,0.42695549,0.946564617
ENSG00000034239,EFCAB1,0.427107212,0.946564617
ENSG00000050393,CCDC90A,0.427119842,0.946564617
ENSG00000260903,.,0.427421136,0.946564617
ENSG00000171812,COL8A2,0.427505723,0.946564617
ENSG00000119655,NPC2,0.427549384,0.946564617
ENSG00000164099,PRSS12,0.427599188,0.946564617
ENSG00000172432,GTPBP2,0.427702504,0.946564617
ENSG00000185933,CALHM1,0.427752691,0.946564617
ENSG00000119729,RHOQ,0.427841554,0.946564617
ENSG00000174938,SEZ6L2,0.427862814,0.946564617
ENSG00000171135,JAGN1,0.427872189,0.946564617
ENSG00000162992,NEUROD1,0.42799725,0.946564617
ENSG00000144362,PHOSPHO2,0.428068072,0.946564617
ENSG00000160460,SPTBN4,0.428071138,0.946564617
ENSG00000154874,CCDC144B,0.428080952,0.946564617
ENSG00000171298,GAA,0.428302783,0.946564617
ENSG00000067113,PPAP2A,0.428318724,0.946564617
ENSG00000119703,ZC2HC1C,0.428321301,0.946564617
ENSG00000074603,DPP8,0.428323918,0.946564617
ENSG00000121022,COPS5,0.42839214,0.946564617
ENSG00000166068,SPRED1,0.428430638,0.946564617
ENSG00000136541,ERMN,0.428455402,0.946564617
ENSG00000251596,HADHAP1,0.428478453,0.946564617
ENSG00000088305,DNMT3B,0.428559351,0.946564617
ENSG00000186184,POLR1D,0.428575873,0.946564617
ENSG00000266173,STRADA,0.428583698,0.946564617
ENSG00000131459,GFPT2,0.428613059,0.946564617
ENSG00000111328,CDK2AP1,0.428626847,0.946564617
ENSG00000167978,SRRM2,0.428712895,0.946564617
ENSG00000183248,.,0.428816203,0.946564617
ENSG00000197168,NEK5,0.428830038,0.946564617
ENSG00000260398,.,0.429125964,0.946564617
ENSG00000181396,OGFOD3,0.429455637,0.946564617
ENSG00000133739,LRRCC1,0.429465533,0.946564617
ENSG00000156103,MMP16,0.429502071,0.946564617
ENSG00000171970,ZNF57,0.429538751,0.946564617
ENSG00000035141,FAM136A,0.429633573,0.946564617
ENSG00000130522,JUND,0.429668111,0.946564617
ENSG00000100345,MYH9,0.429700698,0.946564617
ENSG00000077348,EXOSC5,0.429765486,0.946564617
ENSG00000132275,RRP8,0.429842985,0.946564617
ENSG00000131435,PDLIM4,0.429980726,0.946564617
ENSG00000173960,UBXN2A,0.430022617,0.946564617
ENSG00000237636,ANKRD26P3,0.430044146,0.946564617
ENSG00000135931,ARMC9,0.430091288,0.946564617
ENSG00000073712,FERMT2,0.430139747,0.946564617
ENSG00000169252,ADRB2,0.430173746,0.946564617
ENSG00000214837,.,0.430249624,0.946564617
ENSG00000185164,NOMO2,0.430250471,0.946564617
ENSG00000062485,CS,0.430317344,0.946564617
ENSG00000156697,UTP14A,0.430345409,0.946564617
ENSG00000203644,.,0.430350059,0.946564617
ENSG00000140937,CDH11,0.430404905,0.946564617
ENSG00000112208,BAG2,0.430475108,0.946564617
ENSG00000186777,ZNF732,0.430536831,0.946564617
ENSG00000254004,ZNF260,0.430611308,0.946564617
ENSG00000261675,.,0.43065762,0.946564617
ENSG00000213047,DENND1B,0.430831247,0.946564617
ENSG00000166960,CCDC178,0.430832894,0.946564617
ENSG00000145088,EAF2,0.430833868,0.946564617
ENSG00000127362,TAS2R3,0.430979792,0.946564617
ENSG00000167523,C16orf55,0.430989939,0.946564617
ENSG00000131779,PEX11B,0.430996954,0.946564617
ENSG00000183230,CTNNA3,0.431000451,0.946564617
ENSG00000235257,.,0.431026533,0.946564617
ENSG00000126088,UROD,0.431160793,0.946564617
ENSG00000113384,GOLPH3,0.431163114,0.946564617
ENSG00000141378,PTRH2,0.431221574,0.946564617
ENSG00000170185,USP38,0.431266948,0.946564617
ENSG00000268471,.,0.431274983,0.946564617
ENSG00000109475,RPL34,0.43133814,0.946564617
ENSG00000251022,THAP9-AS1,0.431341485,0.946564617
ENSG00000110841,PPFIBP1,0.431376793,0.946564617
ENSG00000152990,GPR125,0.431452899,0.946564617
ENSG00000124126,PREX1,0.431458968,0.946564617
ENSG00000168056,LTBP3,0.431524292,0.946564617
ENSG00000198363,ASPH,0.431591217,0.946564617
ENSG00000144746,ARL6IP5,0.431612211,0.946564617
ENSG00000100462,PRMT5,0.431872978,0.946564617
ENSG00000073756,PTGS2,0.431917804,0.946564617
ENSG00000243754,.,0.431950419,0.946564617
ENSG00000134970,TMED7,0.431967979,0.946564617
ENSG00000134755,DSC2,0.432024795,0.946564617
ENSG00000158859,ADAMTS4,0.432028287,0.946564617
ENSG00000167637,ZNF283,0.432047748,0.946564617
ENSG00000158470,B4GALT5,0.432059407,0.946564617
ENSG00000213860,RPL21P28,0.432062576,0.946564617
ENSG00000157423,HYDIN,0.432110212,0.946564617
ENSG00000235437,.,0.432183949,0.946564617
ENSG00000188011,CXXC11,0.432222283,0.946564617
ENSG00000171659,GPR34,0.432255463,0.946564617
ENSG00000137462,TLR2,0.4323651,0.946564617
ENSG00000186088,PION,0.43236871,0.946564617
ENSG00000253719,ATXN7L3B,0.432429258,0.946564617
ENSG00000162444,RBP7,0.43245095,0.946564617
ENSG00000236618,PITPNA-AS1,0.432451709,0.946564617
ENSG00000233927,RPS28,0.432526652,0.946564617
ENSG00000130723,PRRC2B,0.432617565,0.946564617
ENSG00000162437,RAVER2,0.432619742,0.946564617
ENSG00000196353,CPNE4,0.432832324,0.94672606
ENSG00000174132,FAM174A,0.432865939,0.94672606
ENSG00000163083,INHBB,0.432893337,0.94672606
ENSG00000177888,ZBTB41,0.432967827,0.94672606
ENSG00000168490,PHYHIP,0.432981759,0.94672606
ENSG00000186416,NKRF,0.433082866,0.946821074
ENSG00000138772,ANXA3,0.43322443,0.946940534
ENSG00000115866,DARS,0.4333453,0.946940534
ENSG00000111802,TDP2,0.433351862,0.946940534
ENSG00000197555,SIPA1L1,0.433375035,0.946940534
ENSG00000198680,TUSC1,0.433425805,0.946940534
ENSG00000107789,MINPP1,0.433546285,0.947077764
ENSG00000181856,SLC2A4,0.433650058,0.947178468
ENSG00000163528,CHCHD4,0.43400291,0.947456843
ENSG00000165895,ARHGAP42,0.434097468,0.947456843
ENSG00000051825,MPHOSPH9,0.434105383,0.947456843
ENSG00000126733,DACH2,0.434159676,0.947456843
ENSG00000108175,ZMIZ1,0.434201829,0.947456843
ENSG00000197818,SLC9A8,0.434208092,0.947456843
ENSG00000150991,UBC,0.434219139,0.947456843
ENSG00000227906,SNAP25-AS1,0.434293893,0.947456843
ENSG00000155324,GRAMD3,0.434372942,0.947456843
ENSG00000105948,TTC26,0.434455508,0.947456843
ENSG00000166257,SCN3B,0.43445947,0.947456843
ENSG00000158079,PTPDC1,0.434470116,0.947456843
ENSG00000106603,COA1,0.434527488,0.947456843
ENSG00000185621,LMLN,0.434587943,0.947462867
ENSG00000066583,ISOC1,0.434738965,0.947581844
ENSG00000068097,HEATR6,0.434773606,0.947581844
ENSG00000196576,PLXNB2,0.434846919,0.947581844
ENSG00000140983,RHOT2,0.434873309,0.947581844
ENSG00000235884,.,0.435027784,0.947739573
ENSG00000156042,TTC18,0.435061112,0.947739573
ENSG00000237973,.,0.435210462,0.947896652
ENSG00000175137,SH3BP5L,0.43526015,0.947896652
ENSG00000184232,OAF,0.435306372,0.947896652
ENSG00000118508,RAB32,0.435444519,0.948043326
ENSG00000107443,CCNJ,0.435489183,0.948043326
ENSG00000132780,NASP,0.435635771,0.948192637
ENSG00000154309,DISP1,0.435673241,0.948192637
ENSG00000137055,PLAA,0.435838024,0.948384814
ENSG00000196696,PDXDC2P,0.435877037,0.948384814
ENSG00000164403,SHROOM1,0.436075825,0.948691651
ENSG00000165410,CFL2,0.436269482,0.948830985
ENSG00000029534,ANK1,0.436344865,0.948830985
ENSG00000113269,RNF130,0.436355202,0.948830985
ENSG00000213066,FGFR1OP,0.43637097,0.948830985
ENSG00000172164,SNTB1,0.436657189,0.94885733
ENSG00000197019,SERTAD1,0.43671399,0.94885733
ENSG00000166794,PPIB,0.436760919,0.94885733
ENSG00000269067,ZNF728,0.436817652,0.94885733
ENSG00000251562,MALAT1,0.43685026,0.94885733
ENSG00000124785,NRN1,0.436925492,0.94885733
ENSG00000171033,PKIA,0.436948918,0.94885733
ENSG00000180190,C8orf42,0.436954745,0.94885733
ENSG00000185100,ADSSL1,0.436959747,0.94885733
ENSG00000122644,ARL4A,0.437063885,0.94885733
ENSG00000072121,ZFYVE26,0.437068709,0.94885733
ENSG00000076555,ACACB,0.437166033,0.94885733
ENSG00000131386,GALNTL2,0.437170551,0.94885733
ENSG00000012822,CALCOCO1,0.437217365,0.94885733
ENSG00000236526,.,0.437325526,0.94885733
ENSG00000166111,SVOP,0.437332113,0.94885733
ENSG00000134698,EIF2C4,0.43736789,0.94885733
ENSG00000108582,CPD,0.437423056,0.94885733
ENSG00000171016,PYGO1,0.4375789,0.949070031
ENSG00000113211,PCDHB6,0.437765549,0.949349479
ENSG00000153832,FBXO36,0.437824194,0.949351299
ENSG00000180332,KCTD4,0.437996698,0.949430783
ENSG00000213760,ATP6V1G2,0.438048749,0.949430783
ENSG00000112290,WASF1,0.438106827,0.949430783
ENSG00000181191,PJA1,0.438197487,0.949430783
ENSG00000101901,ALG13,0.438202122,0.949430783
ENSG00000258686,.,0.438207717,0.949430783
ENSG00000176371,ZSCAN2,0.438452912,0.94983672
ENSG00000145284,SCD5,0.438547588,0.949916519
ENSG00000231764,DLX6-AS1,0.438627453,0.949964217
ENSG00000101361,NOP56,0.438791286,0.94997469
ENSG00000156642,NPTN,0.438853124,0.94997469
ENSG00000104067,TJP1,0.438882616,0.94997469
ENSG00000044459,CNTLN,0.438946197,0.94997469
ENSG00000184445,KNTC1,0.438961422,0.94997469
ENSG00000151743,AMN1,0.438979354,0.94997469
ENSG00000260456,C16orf95,0.439104272,0.950119824
ENSG00000147140,NONO,0.439182885,0.950127001
ENSG00000162999,DUSP19,0.439223296,0.950127001
ENSG00000174469,CNTNAP2,0.439313024,0.950195942
ENSG00000186908,ZDHHC17,0.439443987,0.950354042
ENSG00000108468,CBX1,0.439564025,0.95042235
ENSG00000213689,TREX1,0.439591315,0.95042235
ENSG00000168734,PKIG,0.439683847,0.950497278
ENSG00000144161,ZC3H8,0.439923101,0.950889324
ENSG00000144645,OSBPL10,0.440037227,0.950908881
ENSG00000150961,SEC24D,0.440182029,0.950908881
ENSG00000153246,PLA2R1,0.440196345,0.950908881
ENSG00000100532,CGRRF1,0.440228705,0.950908881
ENSG00000140749,IGSF6,0.440267491,0.950908881
ENSG00000085117,CD82,0.440360843,0.950908881
ENSG00000177663,IL17RA,0.440373469,0.950908881
ENSG00000167173,C15orf39,0.440461029,0.950908881
ENSG00000182132,KCNIP1,0.440510384,0.950908881
ENSG00000267127,.,0.440511159,0.950908881
ENSG00000110436,SLC1A2,0.44063005,0.951040519
ENSG00000155256,ZFYVE27,0.440778191,0.951049575
ENSG00000119640,ACYP1,0.440810307,0.951049575
ENSG00000254221,PCDHGB1,0.440827409,0.951049575
ENSG00000214595,EML6,0.440991559,0.951049575
ENSG00000175482,POLD4,0.44101951,0.951049575
ENSG00000130005,GAMT,0.441051069,0.951049575
ENSG00000244607,CCDC13,0.441127438,0.951049575
ENSG00000110046,ATG2A,0.441133681,0.951049575
ENSG00000131791,PRKAB2,0.441216122,0.951049575
ENSG00000100842,EFS,0.44132575,0.951049575
ENSG00000243449,C4orf48,0.441352586,0.951049575
ENSG00000120885,CLU,0.44154151,0.951049575
ENSG00000244480,.,0.4416447,0.951049575
ENSG00000004487,KDM1A,0.441776289,0.951049575
ENSG00000173320,STOX2,0.441789849,0.951049575
ENSG00000234358,.,0.441912,0.951049575
ENSG00000123643,SLC36A1,0.442020789,0.951049575
ENSG00000031698,SARS,0.442053982,0.951049575
ENSG00000134748,PRPF38A,0.442090846,0.951049575
ENSG00000161677,JOSD2,0.442131209,0.951049575
ENSG00000106344,RBM28,0.442259205,0.951049575
ENSG00000138085,ATRAID,0.442274456,0.951049575
ENSG00000163067,ZNF2,0.442276071,0.951049575
ENSG00000254377,.,0.442283708,0.951049575
ENSG00000174021,GNG5,0.442312445,0.951049575
ENSG00000185950,IRS2,0.442363292,0.951049575
ENSG00000260400,.,0.442447464,0.951049575
ENSG00000110700,RPS13,0.44257416,0.951049575
ENSG00000163273,NPPC,0.442603483,0.951049575
ENSG00000179021,C3orf38,0.442626824,0.951049575
ENSG00000138670,RASGEF1B,0.442663803,0.951049575
ENSG00000163735,CXCL5,0.442675668,0.951049575
ENSG00000178386,ZNF223,0.44269218,0.951049575
ENSG00000119938,PPP1R3C,0.442714053,0.951049575
ENSG00000187079,TEAD1,0.442752166,0.951049575
ENSG00000109906,ZBTB16,0.442788736,0.951049575
ENSG00000092020,PPP2R3C,0.442817934,0.951049575
ENSG00000154133,ROBO4,0.442871084,0.951049575
ENSG00000183773,AIFM3,0.442936578,0.951049575
ENSG00000121073,SLC35B1,0.443114952,0.951049575
ENSG00000236467,.,0.443162751,0.951049575
ENSG00000173653,RCE1,0.443246662,0.951049575
ENSG00000160200,CBS,0.44325563,0.951049575
ENSG00000189067,LITAF,0.443298789,0.951049575
ENSG00000119535,CSF3R,0.443321921,0.951049575
ENSG00000213337,ANKRD39,0.443365497,0.951049575
ENSG00000241345,.,0.443369434,0.951049575
ENSG00000187135,VSTM2B,0.443413907,0.951049575
ENSG00000118194,TNNT2,0.443551737,0.951056945
ENSG00000103932,RPAP1,0.443571809,0.951056945
ENSG00000178338,ZNF354B,0.443591074,0.951056945
ENSG00000205089,CCNI2,0.443923622,0.951466747
ENSG00000121964,GTDC1,0.443960339,0.951466747
ENSG00000246448,.,0.444132954,0.951466747
ENSG00000261654,.,0.444163214,0.951466747
ENSG00000133112,TPT1,0.444231695,0.951466747
ENSG00000161692,DBF4B,0.444340633,0.951466747
ENSG00000197584,KCNMB2,0.444342408,0.951466747
ENSG00000230091,TMEM254-AS1,0.444378192,0.951466747
ENSG00000138073,PREB,0.444397049,0.951466747
ENSG00000243335,KCTD7,0.444433053,0.951466747
ENSG00000215447,.,0.444509391,0.951466747
ENSG00000233436,BTBD18,0.444529374,0.951466747
ENSG00000198901,PRC1,0.444605856,0.951466747
ENSG00000004777,ARHGAP33,0.444719725,0.951466747
ENSG00000136153,LMO7,0.444779137,0.951466747
ENSG00000114541,FRMD4B,0.444969768,0.951466747
ENSG00000147251,DOCK11,0.444980606,0.951466747
ENSG00000184436,THAP7,0.444981351,0.951466747
ENSG00000152208,GRID2,0.444988937,0.951466747
ENSG00000214043,.,0.445058925,0.951466747
ENSG00000095596,CYP26A1,0.445070145,0.951466747
ENSG00000124444,ZNF576,0.445071007,0.951466747
ENSG00000197111,PCBP2,0.445174778,0.951466747
ENSG00000142227,EMP3,0.445222063,0.951466747
ENSG00000130368,MAS1,0.445232789,0.951466747
ENSG00000140718,FTO,0.445354364,0.951466747
ENSG00000006611,USH1C,0.44537695,0.951466747
ENSG00000232527,.,0.445431766,0.951466747
ENSG00000255366,.,0.445518705,0.951466747
ENSG00000081803,CADPS2,0.445520264,0.951466747
ENSG00000269728,.,0.445656939,0.951573138
ENSG00000140678,ITGAX,0.445685963,0.951573138
ENSG00000198715,C1orf85,0.445807985,0.951653885
ENSG00000110031,LPXN,0.445861639,0.951653885
ENSG00000138032,PPM1B,0.445933983,0.951653885
ENSG00000165240,ATP7A,0.445955568,0.951653885
ENSG00000131116,ZNF428,0.44620323,0.951716147
ENSG00000146250,PRSS35,0.446238843,0.951716147
ENSG00000155755,TMEM237,0.446350558,0.951716147
ENSG00000141564,RPTOR,0.44636299,0.951716147
ENSG00000161958,FGF11,0.446469326,0.951716147
ENSG00000088826,SMOX,0.446520888,0.951716147
ENSG00000212126,TAS2R50,0.446641658,0.951716147
ENSG00000231999,.,0.446652221,0.951716147
ENSG00000013441,CLK1,0.446754506,0.951716147
ENSG00000120437,ACAT2,0.446794401,0.951716147
ENSG00000260285,.,0.446875291,0.951716147
ENSG00000166153,DEPDC4,0.447014472,0.951716147
ENSG00000155438,MKI67IP,0.447045219,0.951716147
ENSG00000101665,SMAD7,0.44708628,0.951716147
ENSG00000186153,WWOX,0.447155607,0.951716147
ENSG00000154328,NEIL2,0.447221697,0.951716147
ENSG00000164091,WDR82,0.447225031,0.951716147
ENSG00000130311,DDA1,0.447273042,0.951716147
ENSG00000137338,PGBD1,0.447321986,0.951716147
ENSG00000179240,.,0.447339026,0.951716147
ENSG00000099864,PALM,0.447350244,0.951716147
ENSG00000067191,CACNB1,0.44740828,0.951716147
ENSG00000240253,.,0.447410532,0.951716147
ENSG00000160207,HSF2BP,0.447465738,0.951716147
ENSG00000125863,MKKS,0.447482036,0.951716147
ENSG00000213222,.,0.447497651,0.951716147
ENSG00000124575,HIST1H1D,0.447587198,0.951716147
ENSG00000116649,SRM,0.447607351,0.951716147
ENSG00000102125,TAZ,0.447718834,0.951829956
ENSG00000114200,BCHE,0.447912672,0.952055928
ENSG00000135002,RFK,0.447941068,0.952055928
ENSG00000196284,SUPT3H,0.448026612,0.952087716
ENSG00000126070,EIF2C3,0.44807197,0.952087716
ENSG00000169813,HNRNPF,0.448193448,0.952203486
ENSG00000169188,APEX2,0.448314976,0.952203486
ENSG00000182534,MXRA7,0.448496068,0.952203486
ENSG00000221886,C5orf54,0.448512045,0.952203486
ENSG00000198814,GK,0.448577919,0.952203486
ENSG00000228315,GUSBP11,0.448591797,0.952203486
ENSG00000176148,TCP11L1,0.44863501,0.952203486
ENSG00000160691,SHC1,0.448759603,0.952203486
ENSG00000198356,ASNA1,0.448781467,0.952203486
ENSG00000129667,RHBDF2,0.448866225,0.952203486
ENSG00000228203,RNF144A-AS1,0.448899593,0.952203486
ENSG00000187609,EXD3,0.44891722,0.952203486
ENSG00000107882,SUFU,0.44897662,0.952203486
ENSG00000196562,SULF2,0.44900533,0.952203486
ENSG00000141759,TXNL4A,0.449026401,0.952203486
ENSG00000132639,SNAP25,0.449054132,0.952203486
ENSG00000146426,TIAM2,0.449313361,0.952524846
ENSG00000120306,CYSTM1,0.449321682,0.952524846
ENSG00000153558,FBXL2,0.449700372,0.952600138
ENSG00000242082,.,0.449771232,0.952600138
ENSG00000136104,RNASEH2B,0.449806239,0.952600138
ENSG00000245293,.,0.449809897,0.952600138
ENSG00000257501,.,0.449844129,0.952600138
ENSG00000133124,IRS4,0.449856933,0.952600138
ENSG00000116752,BCAS2,0.44994086,0.952600138
ENSG00000164327,RICTOR,0.449995288,0.952600138
ENSG00000226419,.,0.450108028,0.952600138
ENSG00000164576,SAP30L,0.450121287,0.952600138
ENSG00000236668,.,0.450169348,0.952600138
ENSG00000141198,TOM1L1,0.450186189,0.952600138
ENSG00000267957,.,0.450223246,0.952600138
ENSG00000144278,GALNT13,0.450228642,0.952600138
ENSG00000069943,PIGB,0.450232929,0.952600138
ENSG00000165724,ZMYND19,0.45032525,0.952600138
ENSG00000180098,TRNAU1AP,0.450371673,0.952600138
ENSG00000160633,SAFB,0.450401271,0.952600138
ENSG00000150672,DLG2,0.450606938,0.952711017
ENSG00000054967,RELT,0.450608249,0.952711017
ENSG00000198815,FOXJ3,0.450627728,0.952711017
ENSG00000211450,C11orf31,0.450729579,0.952803691
ENSG00000121481,RNF2,0.450886889,0.95284796
ENSG00000092439,TRPM7,0.450956982,0.95284796
ENSG00000104131,EIF3J,0.451033417,0.95284796
ENSG00000196990,FAM163B,0.451085694,0.95284796
ENSG00000228446,.,0.451099618,0.95284796
ENSG00000268166,.,0.451213998,0.95284796
ENSG00000117115,PADI2,0.451232846,0.95284796
ENSG00000006015,C19orf60,0.451242638,0.95284796
ENSG00000138279,ANXA7,0.451272693,0.95284796
ENSG00000107960,OBFC1,0.451396052,0.952985905
ENSG00000130775,THEMIS2,0.451698969,0.953432866
ENSG00000115457,IGFBP2,0.451776938,0.953432866
ENSG00000128266,GNAZ,0.451957313,0.953432866
ENSG00000115232,ITGA4,0.452023325,0.953432866
ENSG00000231738,TSPAN19,0.452075364,0.953432866
ENSG00000138376,BARD1,0.452088071,0.953432866
ENSG00000198870,C9orf96,0.452088781,0.953432866
ENSG00000172995,ARPP21,0.45215469,0.953432866
ENSG00000247516,.,0.452252256,0.953432866
ENSG00000238741,SCARNA7,0.45229407,0.953432866
ENSG00000183621,ZNF438,0.452348624,0.953432866
ENSG00000106125,FAM188B,0.452372867,0.953432866
ENSG00000100744,GSKIP,0.452437099,0.953432866
ENSG00000256061,DYX1C1,0.452470499,0.953432866
ENSG00000087085,ACHE,0.452503172,0.953432866
ENSG00000174804,FZD4,0.452579091,0.953432866
ENSG00000163635,ATXN7,0.452594692,0.953432866
ENSG00000138653,NDST4,0.452730709,0.95359708
ENSG00000153904,DDAH1,0.452794823,0.953609821
ENSG00000123154,WDR83,0.45294398,0.953705845
ENSG00000145494,NDUFS6,0.452971904,0.953705845
ENSG00000104356,POP1,0.453045338,0.953705845
ENSG00000182902,SLC25A18,0.453072703,0.953705845
ENSG00000131467,PSME3,0.453307001,0.95407675
ENSG00000119684,MLH3,0.45339817,0.95411655
ENSG00000115594,IL1R1,0.453442104,0.95411655
ENSG00000188404,SELL,0.4535432,0.954207016
ENSG00000168256,NKIRAS2,0.453791134,0.954334904
ENSG00000235027,.,0.453815037,0.954334904
ENSG00000104852,SNRNP70,0.453868687,0.954334904
ENSG00000172461,FUT9,0.453966168,0.954334904
ENSG00000183307,CECR6,0.454058072,0.954334904
ENSG00000241127,YAE1D1,0.454338789,0.954334904
ENSG00000113369,ARRDC3,0.454352835,0.954334904
ENSG00000142961,MOB3C,0.454401856,0.954334904
ENSG00000237737,DCTN1-AS1,0.454411791,0.954334904
ENSG00000086061,DNAJA1,0.45456735,0.954334904
ENSG00000101132,PFDN4,0.454582089,0.954334904
ENSG00000163220,S100A9,0.4546099,0.954334904
ENSG00000187535,IFT140,0.454792177,0.954334904
ENSG00000184194,GPR173,0.454829088,0.954334904
ENSG00000255929,.,0.45487566,0.954334904
ENSG00000250954,.,0.4549146,0.954334904
ENSG00000204344,STK19,0.455046393,0.954334904
ENSG00000108379,WNT3,0.455166771,0.954334904
ENSG00000112079,STK38,0.455181625,0.954334904
ENSG00000100650,SRSF5,0.455287482,0.954334904
ENSG00000127993,RBM48,0.455320506,0.954334904
ENSG00000231831,MTHFD1P1,0.455336192,0.954334904
ENSG00000106113,CRHR2,0.455423454,0.954334904
ENSG00000167912,.,0.455444391,0.954334904
ENSG00000244731,C4A,0.45545736,0.954334904
ENSG00000198618,PPIAP22,0.455468036,0.954334904
ENSG00000138107,ACTR1A,0.45575592,0.954334904
ENSG00000180921,FAM83H,0.455883702,0.954334904
ENSG00000165055,METTL2B,0.455907166,0.954334904
ENSG00000075239,ACAT1,0.455956251,0.954334904
ENSG00000110318,KIAA1377,0.455978972,0.954334904
ENSG00000101138,CSTF1,0.456071674,0.954334904
ENSG00000152061,RABGAP1L,0.456089529,0.954334904
ENSG00000137955,RABGGTB,0.456104016,0.954334904
ENSG00000129353,SLC44A2,0.456145471,0.954334904
ENSG00000099715,PCDH11Y,0.456187847,0.954334904
ENSG00000173295,FAM86B3P,0.45622592,0.954334904
ENSG00000164061,BSN,0.456229426,0.954334904
ENSG00000253641,.,0.456239537,0.954334904
ENSG00000171243,SOSTDC1,0.456301061,0.954334904
ENSG00000150361,KLHL1,0.456379573,0.954334904
ENSG00000140876,NUDT7,0.456400196,0.954334904
ENSG00000163931,TKT,0.456406164,0.954334904
ENSG00000198408,MGEA5,0.45643159,0.954334904
ENSG00000100632,ERH,0.456466876,0.954334904
ENSG00000250571,GLI4,0.456595524,0.954334904
ENSG00000257122,RRN3P3,0.456615345,0.954334904
ENSG00000138835,RGS3,0.456635132,0.954334904
ENSG00000113594,LIFR,0.456750312,0.954334904
ENSG00000164176,EDIL3,0.456816932,0.954334904
ENSG00000172269,DPAGT1,0.456901485,0.954334904
ENSG00000116747,TROVE2,0.456967676,0.954334904
ENSG00000259484,.,0.456986532,0.954334904
ENSG00000166091,CMTM5,0.457048334,0.954334904
ENSG00000139880,CDH24,0.457159046,0.954334904
ENSG00000153179,RASSF3,0.457165954,0.954334904
ENSG00000204152,TIMM23B,0.457336597,0.954334904
ENSG00000120088,CRHR1,0.457340353,0.954334904
ENSG00000135457,TFCP2,0.457409089,0.954334904
ENSG00000158715,SLC45A3,0.457445661,0.954334904
ENSG00000177511,ST8SIA3,0.457476945,0.954334904
ENSG00000253731,PCDHGA6,0.457633537,0.954334904
ENSG00000205090,TMEM240,0.457773362,0.954334904
ENSG00000008130,NADK,0.457840124,0.954334904
ENSG00000078124,ACER3,0.457895662,0.954334904
ENSG00000104324,CPQ,0.457931372,0.954334904
ENSG00000120992,LYPLA1,0.458075317,0.954334904
ENSG00000203872,C6orf163,0.458336874,0.954334904
ENSG00000130287,NCAN,0.458357475,0.954334904
ENSG00000185344,ATP6V0A2,0.458365479,0.954334904
ENSG00000239665,.,0.458432456,0.954334904
ENSG00000130150,MOSPD2,0.458456937,0.954334904
ENSG00000163938,GNL3,0.458527,0.954334904
ENSG00000063438,AHRR,0.458537199,0.954334904
ENSG00000184677,ZBTB40,0.458647708,0.954334904
ENSG00000165028,NIPSNAP3B,0.458650972,0.954334904
ENSG00000176824,.,0.458689163,0.954334904
ENSG00000245556,.,0.458934588,0.954334904
ENSG00000159140,SON,0.459007991,0.954334904
ENSG00000003056,M6PR,0.459025358,0.954334904
ENSG00000135723,FHOD1,0.459075469,0.954334904
ENSG00000126583,PRKCG,0.459081039,0.954334904
ENSG00000141750,STAC2,0.459151184,0.954334904
ENSG00000260482,.,0.459209509,0.954334904
ENSG00000125166,GOT2,0.459254981,0.954334904
ENSG00000258903,.,0.459356538,0.954334904
ENSG00000166819,PLIN1,0.459397598,0.954334904
ENSG00000182903,ZNF721,0.459455298,0.954334904
ENSG00000221817,.,0.459487443,0.954334904
ENSG00000185666,SYN3,0.459587494,0.954334904
ENSG00000115464,USP34,0.459734195,0.954334904
ENSG00000169905,TOR1AIP2,0.459739666,0.954334904
ENSG00000180694,TMEM64,0.459777215,0.954334904
ENSG00000181467,RAP2B,0.459784147,0.954334904
ENSG00000168818,STX18,0.459798626,0.954334904
ENSG00000157538,DSCR3,0.459806459,0.954334904
ENSG00000180398,MCFD2,0.4599203,0.954334904
ENSG00000140941,MAP1LC3B,0.459920638,0.954334904
ENSG00000159374,C2orf65,0.45998139,0.954334904
ENSG00000105136,ZNF419,0.460088044,0.954334904
ENSG00000104883,PEX11G,0.460090651,0.954334904
ENSG00000261542,.,0.460288194,0.954334904
ENSG00000086015,MAST2,0.460320272,0.954334904
ENSG00000140406,MESDC1,0.46043448,0.954334904
ENSG00000090776,EFNB1,0.460454193,0.954334904
ENSG00000143207,RFWD2,0.460473645,0.954334904
ENSG00000139985,ADAM21,0.460596819,0.954334904
ENSG00000106290,TAF6,0.46070983,0.954334904
ENSG00000130037,KCNA5,0.460771489,0.954334904
ENSG00000129472,RAB2B,0.460795573,0.954334904
ENSG00000135390,ATP5G2,0.460864482,0.954334904
ENSG00000133056,PIK3C2B,0.46088325,0.954334904
ENSG00000146858,ZC3HAV1L,0.460915235,0.954334904
ENSG00000183853,KIRREL,0.460988566,0.954334904
ENSG00000155906,RMND1,0.461006856,0.954334904
ENSG00000135622,SEMA4F,0.461150618,0.954334904
ENSG00000251141,.,0.461156634,0.954334904
ENSG00000263072,.,0.461278857,0.954334904
ENSG00000167550,RHEBL1,0.461342615,0.954334904
ENSG00000242866,STRC,0.461527671,0.954334904
ENSG00000110628,SLC22A18,0.461570984,0.954334904
ENSG00000109265,KIAA1211,0.461581339,0.954334904
ENSG00000166510,CCDC68,0.461602633,0.954334904
ENSG00000260464,.,0.461603157,0.954334904
ENSG00000154723,ATP5J,0.461612443,0.954334904
ENSG00000185128,TBC1D3F,0.461716382,0.954334904
ENSG00000183379,SYNDIG1L,0.461860632,0.954334904
ENSG00000105538,RASIP1,0.461880826,0.954334904
ENSG00000213563,C8orf82,0.461891573,0.954334904
ENSG00000110675,ELMOD1,0.461912584,0.954334904
ENSG00000128928,IVD,0.461940164,0.954334904
ENSG00000244242,IFITM10,0.461940546,0.954334904
ENSG00000090661,CERS4,0.462027064,0.954334904
ENSG00000108947,EFNB3,0.462038533,0.954334904
ENSG00000157851,DPYSL5,0.462141881,0.954334904
ENSG00000198468,FLVCR1-AS1,0.46224127,0.954334904
ENSG00000205464,ATP6AP1L,0.462246752,0.954334904
ENSG00000037280,FLT4,0.462275271,0.954334904
ENSG00000258472,.,0.462360259,0.954334904
ENSG00000101220,C20orf27,0.462377878,0.954334904
ENSG00000237753,.,0.462420446,0.954334904
ENSG00000137497,NUMA1,0.462558297,0.954334904
ENSG00000116198,CEP104,0.462782395,0.954334904
ENSG00000166313,APBB1,0.462817069,0.954334904
ENSG00000118276,B4GALT6,0.462954329,0.954334904
ENSG00000168274,HIST1H2AE,0.462962354,0.954334904
ENSG00000186481,ANKRD20A5P,0.463015031,0.954334904
ENSG00000202198,RN7SK,0.463149917,0.954334904
ENSG00000136110,LECT1,0.463248101,0.954334904
ENSG00000105227,PRX,0.46328278,0.954334904
ENSG00000104695,PPP2CB,0.463340319,0.954334904
ENSG00000263809,.,0.463361313,0.954334904
ENSG00000250722,SEPP1,0.463638978,0.954334904
ENSG00000141560,FN3KRP,0.463792785,0.954334904
ENSG00000138398,PPIG,0.463795434,0.954334904
ENSG00000235310,.,0.463795741,0.954334904
ENSG00000134901,KDELC1,0.463850395,0.954334904
ENSG00000137992,DBT,0.463856244,0.954334904
ENSG00000234635,.,0.46388991,0.954334904
ENSG00000164237,CMBL,0.463890937,0.954334904
ENSG00000178031,ADAMTSL1,0.463906248,0.954334904
ENSG00000183283,DAZAP2,0.46395535,0.954334904
ENSG00000100139,MICALL1,0.463976425,0.954334904
ENSG00000095261,PSMD5,0.463999437,0.954334904
ENSG00000267381,.,0.464006187,0.954334904
ENSG00000153046,CDYL,0.464054688,0.954334904
ENSG00000047634,SCML1,0.464089792,0.954334904
ENSG00000198574,SH2D1B,0.464112347,0.954334904
ENSG00000092098,RNF31,0.464209065,0.954334904
ENSG00000253741,.,0.464233875,0.954334904
ENSG00000139344,AMDHD1,0.464324777,0.954334904
ENSG00000141480,ARRB2,0.464505712,0.954334904
ENSG00000130540,SULT4A1,0.46453195,0.954334904
ENSG00000147010,SH3KBP1,0.464558719,0.954334904
ENSG00000245849,.,0.464724419,0.954334904
ENSG00000104388,RAB2A,0.464732562,0.954334904
ENSG00000166394,CYB5R2,0.464816645,0.954334904
ENSG00000110693,SOX6,0.464842863,0.954334904
ENSG00000180616,SSTR2,0.465101536,0.954334904
ENSG00000108344,PSMD3,0.465126249,0.954334904
ENSG00000132016,C19orf57,0.465272821,0.954334904
ENSG00000062194,GPBP1,0.465306108,0.954334904
ENSG00000155366,RHOC,0.465307392,0.954334904
ENSG00000197124,ZNF682,0.465309473,0.954334904
ENSG00000139174,PRICKLE1,0.465314954,0.954334904
ENSG00000182318,ZSCAN22,0.465405233,0.954334904
ENSG00000132613,MTSS1L,0.46546047,0.954334904
ENSG00000121390,PSPC1,0.465478304,0.954334904
ENSG00000168994,PXDC1,0.465506753,0.954334904
ENSG00000167987,VPS37C,0.465529245,0.954334904
ENSG00000115204,MPV17,0.46562531,0.954334904
ENSG00000132823,C20orf111,0.465650635,0.954334904
ENSG00000205133,TRIQK,0.465653857,0.954334904
ENSG00000082482,KCNK2,0.46578063,0.954334904
ENSG00000160213,CSTB,0.465864847,0.954334904
ENSG00000173083,HPSE,0.465873338,0.954334904
ENSG00000166900,STX3,0.465966351,0.954334904
ENSG00000167005,NUDT21,0.466026925,0.954334904
ENSG00000060642,PIGV,0.466259317,0.954334904
ENSG00000013288,MAN2B2,0.466302053,0.954334904
ENSG00000133639,BTG1,0.466316265,0.954334904
ENSG00000137168,PPIL1,0.466344412,0.954334904
ENSG00000214655,ZSWIM8,0.466421976,0.954334904
ENSG00000197747,S100A10,0.466450996,0.954334904
ENSG00000145425,RPS3A,0.466525407,0.954334904
ENSG00000134186,PRPF38B,0.4665336,0.954334904
ENSG00000260872,.,0.466544806,0.954334904
ENSG00000258634,.,0.466706395,0.954334904
ENSG00000170802,FOXN2,0.466726563,0.954334904
ENSG00000060237,WNK1,0.466739973,0.954334904
ENSG00000173757,STAT5B,0.466796859,0.954334904
ENSG00000042753,AP2S1,0.466818617,0.954334904
ENSG00000204227,RING1,0.466856163,0.954334904
ENSG00000147588,PMP2,0.466941362,0.954334904
ENSG00000178177,LCORL,0.46697147,0.954334904
ENSG00000262049,.,0.467014757,0.954334904
ENSG00000114904,NEK4,0.467034242,0.954334904
ENSG00000122122,SASH3,0.467038259,0.954334904
ENSG00000167747,C19orf48,0.467080073,0.954334904
ENSG00000177169,ULK1,0.467091512,0.954334904
ENSG00000167685,ZNF444,0.467118496,0.954334904
ENSG00000197429,IPP,0.467120339,0.954334904
ENSG00000164949,GEM,0.467122328,0.954334904
ENSG00000117758,STX12,0.467167401,0.954334904
ENSG00000134326,CMPK2,0.467169437,0.954334904
ENSG00000167281,RBFOX3,0.467186805,0.954334904
ENSG00000092010,PSME1,0.467212657,0.954334904
ENSG00000155846,PPARGC1B,0.467309426,0.954334904
ENSG00000196757,ZNF700,0.467477669,0.954334904
ENSG00000158773,USF1,0.467480593,0.954334904
ENSG00000109118,PHF12,0.467525825,0.954334904
ENSG00000168830,HTR1E,0.467718761,0.954334904
ENSG00000109184,DCUN1D4,0.467856407,0.954334904
ENSG00000197182,.,0.467949541,0.954334904
ENSG00000105520,.,0.468003539,0.954334904
ENSG00000160094,ZNF362,0.468021341,0.954334904
ENSG00000186889,TMEM17,0.46805105,0.954334904
ENSG00000141551,CSNK1D,0.468296359,0.954334904
ENSG00000073060,SCARB1,0.46837068,0.954334904
ENSG00000132004,FBXW9,0.468760184,0.954334904
ENSG00000171155,C1GALT1C1,0.468762551,0.954334904
ENSG00000136147,PHF11,0.469014426,0.954334904
ENSG00000245213,.,0.469036153,0.954334904
ENSG00000239388,ASB14,0.469071758,0.954334904
ENSG00000090013,BLVRB,0.469072228,0.954334904
ENSG00000184986,TMEM121,0.469151162,0.954334904
ENSG00000266916,.,0.469465186,0.954334904
ENSG00000143771,CNIH4,0.46953074,0.954334904
ENSG00000143390,RFX5,0.469532733,0.954334904
ENSG00000189060,H1F0,0.469540809,0.954334904
ENSG00000167785,ZNF558,0.469641608,0.954334904
ENSG00000010818,HIVEP2,0.469650064,0.954334904
ENSG00000142621,FHAD1,0.469658253,0.954334904
ENSG00000214756,METTL12,0.469660095,0.954334904
ENSG00000147383,NSDHL,0.469671398,0.954334904
ENSG00000111885,MAN1A1,0.469753227,0.954334904
ENSG00000088035,ALG6,0.469775042,0.954334904
ENSG00000143578,CREB3L4,0.469824786,0.954334904
ENSG00000166741,NNMT,0.469834751,0.954334904
ENSG00000107021,TBC1D13,0.469887586,0.954334904
ENSG00000142794,NBPF3,0.470075896,0.954334904
ENSG00000136114,THSD1,0.470106057,0.954334904
ENSG00000105186,ANKRD27,0.470173766,0.954334904
ENSG00000147905,ZCCHC7,0.470240462,0.954334904
ENSG00000110104,CCDC86,0.470335031,0.954334904
ENSG00000125945,ZNF436,0.470335262,0.954334904
ENSG00000148411,NACC2,0.470375441,0.954334904
ENSG00000153575,TUBGCP5,0.470393671,0.954334904
ENSG00000130714,POMT1,0.47047868,0.954334904
ENSG00000174720,LARP7,0.470593523,0.954334904
ENSG00000183431,SF3A3,0.470610762,0.954334904
ENSG00000167291,TBC1D16,0.470730331,0.954334904
ENSG00000156469,MTERFD1,0.470750444,0.954334904
ENSG00000164896,FASTK,0.470808024,0.954334904
ENSG00000186638,KIF24,0.470820377,0.954334904
ENSG00000111879,FAM184A,0.470825816,0.954334904
ENSG00000108296,CWC25,0.470887913,0.954334904
ENSG00000235436,DPY19L2P4,0.47088993,0.954334904
ENSG00000134597,RBMX2,0.470934801,0.954334904
ENSG00000130203,APOE,0.470947768,0.954334904
ENSG00000198162,MAN1A2,0.471038662,0.954334904
ENSG00000246363,.,0.471088054,0.954334904
ENSG00000102309,PIN4,0.471190141,0.954334904
ENSG00000157823,AP3S2,0.471225331,0.954334904
ENSG00000196262,PPIA,0.471349868,0.954334904
ENSG00000137491,SLCO2B1,0.471357802,0.954334904
ENSG00000182168,UNC5C,0.4714271,0.954334904
ENSG00000151502,VPS26B,0.471529323,0.954334904
ENSG00000228439,TSTD3,0.471529633,0.954334904
ENSG00000082293,COL19A1,0.471587142,0.954334904
ENSG00000167792,NDUFV1,0.471692854,0.954334904
ENSG00000186409,CCDC30,0.471736904,0.954334904
ENSG00000198521,ZNF43,0.47175829,0.954334904
ENSG00000198498,TMA16,0.471817115,0.954334904
ENSG00000014824,SLC30A9,0.471844787,0.954334904
ENSG00000164039,BDH2,0.471852957,0.954334904
ENSG00000123500,COL10A1,0.471890061,0.954334904
ENSG00000198964,SGMS1,0.471893226,0.954334904
ENSG00000163607,GTPBP8,0.471905267,0.954334904
ENSG00000090861,AARS,0.471912406,0.954334904
ENSG00000117724,CENPF,0.4719845,0.954334904
ENSG00000215068,.,0.472031828,0.954334904
ENSG00000141540,TTYH2,0.472046222,0.954334904
ENSG00000188322,SBK1,0.472050402,0.954334904
ENSG00000138594,TMOD3,0.472063489,0.954334904
ENSG00000128567,PODXL,0.472115995,0.954334904
ENSG00000133392,MYH11,0.472124997,0.954334904
ENSG00000159921,GNE,0.472177419,0.954334904
ENSG00000150630,VEGFC,0.472221525,0.954334904
ENSG00000205302,SNX2,0.472351014,0.954334904
ENSG00000172728,FUT10,0.472480919,0.954334904
ENSG00000163171,CDC42EP3,0.472545584,0.954334904
ENSG00000248161,.,0.472615987,0.954334904
ENSG00000135090,TAOK3,0.472678465,0.954334904
ENSG00000124587,PEX6,0.472765581,0.954334904
ENSG00000261526,.,0.472883338,0.954334904
ENSG00000174151,CYB561D1,0.472963298,0.954334904
ENSG00000102900,NUP93,0.473028089,0.954334904
ENSG00000136636,KCTD3,0.473029111,0.954334904
ENSG00000165322,ARHGAP12,0.473063422,0.954334904
ENSG00000130844,ZNF331,0.473096173,0.954334904
ENSG00000112941,PAPD7,0.473232276,0.954334904
ENSG00000171365,CLCN5,0.473244274,0.954334904
ENSG00000234545,FAM133B,0.473254816,0.954334904
ENSG00000178057,NDUFAF3,0.473256195,0.954334904
ENSG00000158169,FANCC,0.473261562,0.954334904
ENSG00000196511,TPK1,0.473274661,0.954334904
ENSG00000168497,SDPR,0.473278319,0.954334904
ENSG00000168883,USP39,0.473324627,0.954334904
ENSG00000173548,SNX33,0.473333293,0.954334904
ENSG00000137200,FTSJD2,0.473387544,0.954334904
ENSG00000197977,ELOVL2,0.473424235,0.954334904
ENSG00000127838,PNKD,0.473479314,0.954334904
ENSG00000111707,SUDS3,0.473479473,0.954334904
ENSG00000119682,KIAA0317,0.473569202,0.954334904
ENSG00000250031,.,0.473614111,0.954334904
ENSG00000076321,KLHL20,0.473764143,0.954334904
ENSG00000197302,ZNF720,0.473787213,0.954334904
ENSG00000131669,NINJ1,0.47386221,0.954334904
ENSG00000115750,TAF1B,0.474011752,0.954334904
ENSG00000080603,SRCAP,0.474060748,0.954334904
ENSG00000168961,LGALS9,0.474103669,0.954334904
ENSG00000144671,SLC22A14,0.474132416,0.954334904
ENSG00000135040,NAA35,0.474224598,0.954334904
ENSG00000163817,SLC6A20,0.474394351,0.954334904
ENSG00000116514,RNF19B,0.474467463,0.954334904
ENSG00000181026,AEN,0.474540632,0.954334904
ENSG00000131504,DIAPH1,0.474541498,0.954334904
ENSG00000102683,SGCG,0.474570244,0.954334904
ENSG00000218227,.,0.474596377,0.954334904
ENSG00000159713,TPPP3,0.47462644,0.954334904
ENSG00000138622,HCN4,0.474628101,0.954334904
ENSG00000121769,FABP3,0.474629846,0.954334904
ENSG00000179406,LINC00174,0.474642271,0.954334904
ENSG00000182916,TCEAL7,0.474649997,0.954334904
ENSG00000146374,RSPO3,0.474691831,0.954334904
ENSG00000086065,CHMP5,0.474753804,0.954334904
ENSG00000163512,AZI2,0.474824017,0.954334904
ENSG00000071189,SNX13,0.474845196,0.954334904
ENSG00000143387,CTSK,0.47491205,0.954334904
ENSG00000235595,GAPDHP23,0.474950594,0.954334904
ENSG00000149313,AASDHPPT,0.474979948,0.954334904
ENSG00000162836,ACP6,0.475085868,0.954334904
ENSG00000135778,NTPCR,0.475120027,0.954334904
ENSG00000145375,SPATA5,0.475225012,0.954334904
ENSG00000161981,SNRNP25,0.475298592,0.954334904
ENSG00000172500,FIBP,0.475300691,0.954334904
ENSG00000179862,CITED4,0.475303515,0.954334904
ENSG00000050030,KIAA2022,0.475304855,0.954334904
ENSG00000244187,TMEM141,0.475347772,0.954334904
ENSG00000160323,ADAMTS13,0.475354988,0.954334904
ENSG00000185633,NDUFA4L2,0.475382995,0.954334904
ENSG00000139155,SLCO1C1,0.475386512,0.954334904
ENSG00000100949,RABGGTA,0.475399156,0.954334904
ENSG00000117408,IPO13,0.475428831,0.954334904
ENSG00000172785,CBWD1,0.475453217,0.954334904
ENSG00000129595,EPB41L4A,0.475620769,0.95455455
ENSG00000107518,ATRNL1,0.475842232,0.954603597
ENSG00000188931,C1orf192,0.475988938,0.954603597
ENSG00000174282,ZBTB4,0.475990073,0.954603597
ENSG00000105976,MET,0.47626802,0.954603597
ENSG00000137767,SQRDL,0.476297924,0.954603597
ENSG00000001630,CYP51A1,0.476385129,0.954603597
ENSG00000130590,SAMD10,0.476412908,0.954603597
ENSG00000134817,APLNR,0.476498109,0.954603597
ENSG00000147316,MCPH1,0.476530839,0.954603597
ENSG00000148935,GAS2,0.476598516,0.954603597
ENSG00000184897,H1FX,0.476648685,0.954603597
ENSG00000185651,UBE2L3,0.476672205,0.954603597
ENSG00000267702,.,0.476687792,0.954603597
ENSG00000135454,B4GALNT1,0.476792396,0.954603597
ENSG00000158467,AHCYL2,0.476851747,0.954603597
ENSG00000119801,YPEL5,0.476859318,0.954603597
ENSG00000180011,ZADH2,0.476878234,0.954603597
ENSG00000128272,ATF4,0.476914181,0.954603597
ENSG00000269793,.,0.476992478,0.954603597
ENSG00000230510,PPP5D1,0.4771322,0.954603597
ENSG00000077420,APBB1IP,0.477152805,0.954603597
ENSG00000183742,MACC1,0.477227387,0.954603597
ENSG00000084774,CAD,0.477389261,0.954603597
ENSG00000184144,CNTN2,0.477725825,0.954603597
ENSG00000111615,KRR1,0.477738919,0.954603597
ENSG00000175893,ZDHHC21,0.477748164,0.954603597
ENSG00000176853,FAM91A1,0.477748929,0.954603597
ENSG00000110074,FOXRED1,0.477766668,0.954603597
ENSG00000185565,LSAMP,0.477768599,0.954603597
ENSG00000174307,PHLDA3,0.477782881,0.954603597
ENSG00000166529,ZSCAN21,0.477907945,0.954603597
ENSG00000115687,PASK,0.478084316,0.954603597
ENSG00000188785,ZNF548,0.478161984,0.954603597
ENSG00000033867,SLC4A7,0.478243897,0.954603597
ENSG00000186081,KRT5,0.478340048,0.954603597
ENSG00000120658,ENOX1,0.478454145,0.954603597
ENSG00000238261,.,0.478473802,0.954603597
ENSG00000119318,RAD23B,0.47852028,0.954603597
ENSG00000080839,RBL1,0.478545802,0.954603597
ENSG00000139631,CSAD,0.478576754,0.954603597
ENSG00000177425,PAWR,0.478674815,0.954603597
ENSG00000108298,RPL19,0.478725848,0.954603597
ENSG00000141447,OSBPL1A,0.478742235,0.954603597
ENSG00000167565,SERTAD3,0.478748708,0.954603597
ENSG00000142657,PGD,0.47893707,0.954603597
ENSG00000198932,GPRASP1,0.478944379,0.954603597
ENSG00000219481,NBPF1,0.478945983,0.954603597
ENSG00000140395,WDR61,0.478993333,0.954603597
ENSG00000075240,GRAMD4,0.479039891,0.954603597
ENSG00000189164,ZNF527,0.479076626,0.954603597
ENSG00000105662,CRTC1,0.479168693,0.954603597
ENSG00000164117,FBXO8,0.47923927,0.954603597
ENSG00000161016,RPL8,0.479239655,0.954603597
ENSG00000228663,PSMD10P1,0.47925328,0.954603597
ENSG00000118322,ATP10B,0.479275798,0.954603597
ENSG00000229809,ZNF688,0.479372592,0.954603597
ENSG00000183908,LRRC55,0.479383418,0.954603597
ENSG00000112182,BACH2,0.479386132,0.954603597
ENSG00000147255,IGSF1,0.479424272,0.954603597
ENSG00000116147,TNR,0.479457673,0.954603597
ENSG00000139233,LLPH,0.47946805,0.954603597
ENSG00000084733,RAB10,0.479489742,0.954603597
ENSG00000153130,SCOC,0.479546141,0.954603597
ENSG00000145934,TENM2,0.479597367,0.954603597
ENSG00000111266,DUSP16,0.479755143,0.954603597
ENSG00000198046,ZNF667,0.479782808,0.954603597
ENSG00000023902,PLEKHO1,0.479829166,0.954603597
ENSG00000175414,ARL10,0.47984926,0.954603597
ENSG00000169762,TAPT1,0.479852452,0.954603597
ENSG00000099910,KLHL22,0.479919198,0.954603597
ENSG00000161057,PSMC2,0.480093868,0.954603597
ENSG00000231104,.,0.480109987,0.954603597
ENSG00000078246,TULP3,0.480115099,0.954603597
ENSG00000229715,EEF1DP3,0.480131318,0.954603597
ENSG00000100028,SNRPD3,0.480313112,0.954603597
ENSG00000105866,SP4,0.48032701,0.954603597
ENSG00000117298,ECE1,0.480357533,0.954603597
ENSG00000197021,CXorf40B,0.480506943,0.954603597
ENSG00000116668,SWT1,0.480593243,0.954603597
ENSG00000106819,ASPN,0.480622498,0.954603597
ENSG00000036530,CYP46A1,0.4807258,0.954603597
ENSG00000260948,.,0.480740369,0.954603597
ENSG00000157219,HTR5A,0.480805367,0.954603597
ENSG00000175093,SPSB4,0.481008624,0.954603597
ENSG00000039523,FAM65A,0.481062242,0.954603597
ENSG00000241472,.,0.481098937,0.954603597
ENSG00000170037,CNTROB,0.481111628,0.954603597
ENSG00000144868,TMEM108,0.481163132,0.954603597
ENSG00000006128,TAC1,0.481181021,0.954603597
ENSG00000157510,AFAP1L1,0.481191326,0.954603597
ENSG00000066923,STAG3,0.481223606,0.954603597
ENSG00000126870,WDR60,0.481228605,0.954603597
ENSG00000169609,C15orf40,0.481338671,0.954603597
ENSG00000090097,PCBP4,0.481350463,0.954603597
ENSG00000154781,CCDC174,0.481428741,0.954603597
ENSG00000082684,SEMA5B,0.481499864,0.954603597
ENSG00000066117,SMARCD1,0.481501411,0.954603597
ENSG00000164180,TMEM161B,0.481507992,0.954603597
ENSG00000162959,MEMO1,0.481529977,0.954603597
ENSG00000198056,PRIM1,0.481531536,0.954603597
ENSG00000188994,ZNF292,0.481555113,0.954603597
ENSG00000173599,PC,0.481574061,0.954603597
ENSG00000266401,.,0.481867684,0.954792716
ENSG00000101079,NDRG3,0.481888334,0.954792716
ENSG00000071539,TRIP13,0.481914875,0.954792716
ENSG00000105486,LIG1,0.48194334,0.954792716
ENSG00000260230,.,0.481998095,0.954792716
ENSG00000170142,UBE2E1,0.482057537,0.954792716
ENSG00000224660,SH3BP5-AS1,0.48209185,0.954792716
ENSG00000123472,ATPAF1,0.482149289,0.954792716
ENSG00000174444,RPL4,0.482192704,0.954792716
ENSG00000087088,BAX,0.482263578,0.954817931
ENSG00000214022,REPIN1,0.482497327,0.955165574
ENSG00000105568,PPP2R1A,0.482648093,0.955191804
ENSG00000129474,AJUBA,0.482658846,0.955191804
ENSG00000213995,CARKD,0.482759676,0.955191804
ENSG00000175318,GRAMD2,0.482762919,0.955191804
ENSG00000154783,FGD5,0.482801386,0.955191804
ENSG00000166228,PCBD1,0.482954349,0.95537934
ENSG00000010322,NISCH,0.483050539,0.955454534
ENSG00000153786,ZDHHC7,0.483175422,0.955504074
ENSG00000153006,SREK1IP1,0.483228626,0.955504074
ENSG00000043462,LCP2,0.483250127,0.955504074
ENSG00000023287,RB1CC1,0.483325965,0.955538983
ENSG00000124194,GDAP1L1,0.483446932,0.955566606
ENSG00000165813,C10orf118,0.483501462,0.955566606
ENSG00000139220,PPFIA2,0.483514492,0.955566606
ENSG00000089022,MAPKAPK5,0.483590497,0.955576652
ENSG00000101557,USP14,0.483738753,0.955576652
ENSG00000135297,MTO1,0.483745384,0.955576652
ENSG00000229236,TTTY10,0.483785295,0.955576652
ENSG00000112319,EYA4,0.48387785,0.955576652
ENSG00000047346,FAM214A,0.483892188,0.955576652
ENSG00000185737,NRG3,0.483926872,0.955576652
ENSG00000260336,.,0.484027808,0.955595839
ENSG00000130254,SAFB2,0.484056478,0.955595839
ENSG00000080947,CROCCP3,0.484165321,0.955595839
ENSG00000184634,MED12,0.484200243,0.955595839
ENSG00000136404,TM6SF1,0.484227521,0.955595839
ENSG00000124383,MPHOSPH10,0.484419188,0.955859225
ENSG00000256802,.,0.484709714,0.956030702
ENSG00000143772,ITPKB,0.484732046,0.956030702
ENSG00000104823,ECH1,0.48478793,0.956030702
ENSG00000050555,LAMC3,0.48479664,0.956030702
ENSG00000159023,EPB41,0.484797156,0.956030702
ENSG00000137573,SULF1,0.484883041,0.956046796
ENSG00000171490,RSL1D1,0.484921744,0.956046796
ENSG00000166707,ZCCHC18,0.485024528,0.956053164
ENSG00000197785,ATAD3A,0.485281905,0.956053164
ENSG00000078061,ARAF,0.485307227,0.956053164
ENSG00000118873,RAB3GAP2,0.485329777,0.956053164
ENSG00000140030,GPR65,0.485330458,0.956053164
ENSG00000178585,CTNNBIP1,0.48543815,0.956053164
ENSG00000225014,KCTD9P1,0.485594265,0.956053164
ENSG00000161996,WDR90,0.485619918,0.956053164
ENSG00000077254,USP33,0.485644182,0.956053164
ENSG00000138834,MAPK8IP3,0.485749002,0.956053164
ENSG00000166886,NAB2,0.485759547,0.956053164
ENSG00000184349,EFNA5,0.486001311,0.956053164
ENSG00000132432,SEC61G,0.486037975,0.956053164
ENSG00000122512,PMS2,0.486074429,0.956053164
ENSG00000139433,GLTP,0.486104367,0.956053164
ENSG00000022355,GABRA1,0.486373631,0.956053164
ENSG00000151778,SERP2,0.486419973,0.956053164
ENSG00000184113,CLDN5,0.48646339,0.956053164
ENSG00000183161,FANCF,0.486484205,0.956053164
ENSG00000101294,HM13,0.486642954,0.956053164
ENSG00000115361,ACADL,0.486792919,0.956053164
ENSG00000214280,.,0.48681124,0.956053164
ENSG00000187840,EIF4EBP1,0.486908721,0.956053164
ENSG00000118197,DDX59,0.48698417,0.956053164
ENSG00000235532,LINC00402,0.487013547,0.956053164
ENSG00000119041,GTF3C3,0.487016712,0.956053164
ENSG00000250138,.,0.487043521,0.956053164
ENSG00000253846,PCDHGA10,0.487168288,0.956053164
ENSG00000243915,PRKRIRP2,0.487171034,0.956053164
ENSG00000166816,LDHD,0.487259287,0.956053164
ENSG00000132405,TBC1D14,0.487305337,0.956053164
ENSG00000087274,ADD1,0.487378217,0.956053164
ENSG00000152214,RIT2,0.487527954,0.956053164
ENSG00000254629,.,0.48752965,0.956053164
ENSG00000130304,SLC27A1,0.487551705,0.956053164
ENSG00000058091,CDK14,0.487570471,0.956053164
ENSG00000186862,PDZD7,0.48769431,0.956053164
ENSG00000184828,ZBTB7C,0.487703849,0.956053164
ENSG00000163002,NUP35,0.487729368,0.956053164
ENSG00000188419,CHM,0.48779637,0.956053164
ENSG00000185044,.,0.487804474,0.956053164
ENSG00000223572,CKMT1A,0.487831409,0.956053164
ENSG00000213073,.,0.487945649,0.956053164
ENSG00000109466,KLHL2,0.488034141,0.956053164
ENSG00000136536,MARCH7,0.488048396,0.956053164
ENSG00000203734,ECT2L,0.488168252,0.956053164
ENSG00000085415,SEH1L,0.488234341,0.956053164
ENSG00000089053,ANAPC5,0.488370419,0.956053164
ENSG00000142303,ADAMTS10,0.488386402,0.956053164
ENSG00000100106,TRIOBP,0.488398972,0.956053164
ENSG00000188177,ZC3H6,0.488405766,0.956053164
ENSG00000151692,RNF144A,0.488425786,0.956053164
ENSG00000164182,NDUFAF2,0.48847188,0.956053164
ENSG00000173898,SPTBN2,0.488615269,0.956053164
ENSG00000163644,PPM1K,0.488621013,0.956053164
ENSG00000102910,LONP2,0.488676664,0.956053164
ENSG00000158526,TSR2,0.488881472,0.956053164
ENSG00000167216,KATNAL2,0.488931314,0.956053164
ENSG00000196154,S100A4,0.488939072,0.956053164
ENSG00000148291,SURF2,0.488984739,0.956053164
ENSG00000176956,LY6H,0.48903289,0.956053164
ENSG00000078295,ADCY2,0.489097611,0.956053164
ENSG00000025434,NR1H3,0.4891582,0.956053164
ENSG00000008952,SEC62,0.489209779,0.956053164
ENSG00000069535,MAOB,0.489212251,0.956053164
ENSG00000197696,NMB,0.489286089,0.956053164
ENSG00000163632,C3orf49,0.489352246,0.956053164
ENSG00000168386,FILIP1L,0.489367513,0.956053164
ENSG00000107554,DNMBP,0.489376321,0.956053164
ENSG00000163125,RPRD2,0.489432059,0.956053164
ENSG00000104290,FZD3,0.489546535,0.956053164
ENSG00000198791,CNOT7,0.489562927,0.956053164
ENSG00000111445,RFC5,0.489730934,0.956053164
ENSG00000213283,.,0.489735973,0.956053164
ENSG00000205423,CNEP1R1,0.489743641,0.956053164
ENSG00000259787,.,0.489747355,0.956053164
ENSG00000142599,RERE,0.489758014,0.956053164
ENSG00000163485,ADORA1,0.489836029,0.956053164
ENSG00000105409,ATP1A3,0.489852104,0.956053164
ENSG00000205037,.,0.490017932,0.956053164
ENSG00000130803,ZNF317,0.490049816,0.956053164
ENSG00000158856,EPB49,0.490107065,0.956053164
ENSG00000196205,EEF1A1P5,0.490138387,0.956053164
ENSG00000145439,CBR4,0.490230458,0.956053164
ENSG00000148572,NRBF2,0.490249223,0.956053164
ENSG00000151690,MFSD6,0.49030003,0.956053164
ENSG00000122678,POLM,0.490421903,0.956053164
ENSG00000072310,SREBF1,0.490450824,0.956053164
ENSG00000130307,USHBP1,0.490468836,0.956053164
ENSG00000168028,RPSA,0.490495385,0.956053164
ENSG00000159885,ZNF222,0.49053178,0.956053164
ENSG00000198786,MT-ND5,0.490569031,0.956053164
ENSG00000236296,GUSBP5,0.490622744,0.956053164
ENSG00000185122,HSF1,0.490638519,0.956053164
ENSG00000111252,SH2B3,0.49069618,0.956053164
ENSG00000260920,.,0.490745,0.956053164
ENSG00000175305,CCNE2,0.49076012,0.956053164
ENSG00000265369,.,0.490862702,0.956053164
ENSG00000242114,MTFP1,0.490987981,0.956053164
ENSG00000141905,NFIC,0.491022306,0.956053164
ENSG00000100221,JOSD1,0.491023629,0.956053164
ENSG00000137502,RAB30,0.491050974,0.956053164
ENSG00000104880,ARHGEF18,0.491080106,0.956053164
ENSG00000181704,YIPF6,0.491172668,0.956053164
ENSG00000091129,NRCAM,0.491268247,0.956053164
ENSG00000066654,THUMPD1,0.491294691,0.956053164
ENSG00000106348,IMPDH1,0.491296649,0.956053164
ENSG00000157680,DGKI,0.49144122,0.956053164
ENSG00000254081,.,0.491454953,0.956053164
ENSG00000169612,FAM103A1,0.491470758,0.956053164
ENSG00000133030,MPRIP,0.491497046,0.956053164
ENSG00000224982,TMEM233,0.491576194,0.956053164
ENSG00000132423,COQ3,0.491595679,0.956053164
ENSG00000163606,CD200R1,0.491613696,0.956053164
ENSG00000125868,DSTN,0.491716173,0.956053164
ENSG00000170791,CHCHD7,0.491722446,0.956053164
ENSG00000148123,.,0.491736046,0.956053164
ENSG00000156467,UQCRB,0.492172453,0.956707363
ENSG00000162104,ADCY9,0.492302184,0.956707363
ENSG00000173848,NET1,0.492430505,0.956707363
ENSG00000149782,PLCB3,0.492432251,0.956707363
ENSG00000104722,NEFM,0.492433548,0.956707363
ENSG00000177479,ARIH2,0.492492864,0.956707363
ENSG00000075975,MKRN2,0.492530986,0.956707363
ENSG00000131263,RLIM,0.492626849,0.956707363
ENSG00000099330,OCEL1,0.492643902,0.956707363
ENSG00000197601,FAR1,0.492655067,0.956707363
ENSG00000103811,CTSH,0.49285464,0.956981763
ENSG00000102805,CLN5,0.492974208,0.95699854
ENSG00000260837,.,0.493085074,0.95699854
ENSG00000188738,FSIP2,0.493156992,0.95699854
ENSG00000123700,KCNJ2,0.493202816,0.95699854
ENSG00000166685,COG1,0.493234573,0.95699854
ENSG00000172345,STARD5,0.49333011,0.95699854
ENSG00000141522,ARHGDIA,0.493360625,0.95699854
ENSG00000100266,PACSIN2,0.493378792,0.95699854
ENSG00000108306,FBXL20,0.493436878,0.95699854
ENSG00000135298,BAI3,0.493461853,0.95699854
ENSG00000268388,FOXF1-AS1,0.49363057,0.95699854
ENSG00000041982,TNC,0.493810813,0.95699854
ENSG00000154127,UBASH3B,0.49389304,0.95699854
ENSG00000056736,IL17RB,0.493938763,0.95699854
ENSG00000112640,PPP2R5D,0.49411174,0.95699854
ENSG00000246705,H2AFJ,0.494136111,0.95699854
ENSG00000175274,TP53I11,0.49421586,0.95699854
ENSG00000151876,FBXO4,0.494287019,0.95699854
ENSG00000180879,SSR4,0.494387642,0.95699854
ENSG00000010318,PHF7,0.494625548,0.95699854
ENSG00000147324,MFHAS1,0.494695632,0.95699854
ENSG00000249592,.,0.494775126,0.95699854
ENSG00000171617,ENC1,0.494775424,0.95699854
ENSG00000104889,RNASEH2A,0.494817537,0.95699854
ENSG00000094963,FMO2,0.49482842,0.95699854
ENSG00000128590,DNAJB9,0.494900932,0.95699854
ENSG00000196355,.,0.494983744,0.95699854
ENSG00000229089,ANKRD20A8P,0.495013184,0.95699854
ENSG00000240065,PSMB9,0.49508903,0.95699854
ENSG00000171863,RPS7,0.495122445,0.95699854
ENSG00000107020,PLGRKT,0.495272348,0.95699854
ENSG00000142920,ADC,0.495299062,0.95699854
ENSG00000174996,KLC2,0.495331129,0.95699854
ENSG00000257298,.,0.495451412,0.95699854
ENSG00000246308,.,0.495459559,0.95699854
ENSG00000160284,SPATC1L,0.495519229,0.95699854
ENSG00000176915,ANKLE2,0.495555073,0.95699854
ENSG00000080802,CNOT4,0.495560264,0.95699854
ENSG00000134909,ARHGAP32,0.495714998,0.95699854
ENSG00000171608,PIK3CD,0.495739461,0.95699854
ENSG00000166860,ZBTB39,0.495759317,0.95699854
ENSG00000175324,LSM1,0.495782686,0.95699854
ENSG00000174038,C9orf131,0.495782897,0.95699854
ENSG00000148218,ALAD,0.495786255,0.95699854
ENSG00000198003,CCDC151,0.495816828,0.95699854
ENSG00000141580,WDR45L,0.495845827,0.95699854
ENSG00000108515,ENO3,0.495883451,0.95699854
ENSG00000177125,ZBTB34,0.495936214,0.95699854
ENSG00000198898,CAPZA2,0.495981987,0.95699854
ENSG00000249937,.,0.496008076,0.95699854
ENSG00000151025,GPR158,0.496051726,0.95699854
ENSG00000226237,.,0.496140357,0.95699854
ENSG00000164932,CTHRC1,0.496171357,0.95699854
ENSG00000125812,GZF1,0.496179617,0.95699854
ENSG00000205903,ZNF316,0.496188463,0.95699854
ENSG00000122882,ECD,0.496205164,0.95699854
ENSG00000246859,STARD4-AS1,0.496275898,0.95699854
ENSG00000104177,MYEF2,0.496371993,0.95699854
ENSG00000125818,PSMF1,0.496425439,0.95699854
ENSG00000108312,UBTF,0.496428076,0.95699854
ENSG00000269707,.,0.49644362,0.95699854
ENSG00000102893,PHKB,0.496479341,0.95699854
ENSG00000073146,MOV10L1,0.496589261,0.95699854
ENSG00000088986,DYNLL1,0.496592678,0.95699854
ENSG00000149485,FADS1,0.496666685,0.957028859
ENSG00000172775,FAM192A,0.49686452,0.957059953
ENSG00000261827,.,0.497032166,0.957059953
ENSG00000172340,SUCLG2,0.497043216,0.957059953
ENSG00000267454,ZNF582-AS1,0.497059032,0.957059953
ENSG00000119943,PYROXD2,0.497158876,0.957059953
ENSG00000005955,GGNBP2,0.497228872,0.957059953
ENSG00000178038,ALS2CL,0.497456641,0.957059953
ENSG00000164129,NPY5R,0.49746552,0.957059953
ENSG00000066827,ZFAT,0.497503943,0.957059953
ENSG00000184500,PROS1,0.497586878,0.957059953
ENSG00000225828,.,0.497654314,0.957059953
ENSG00000138166,DUSP5,0.497656091,0.957059953
ENSG00000128285,MCHR1,0.49767338,0.957059953
ENSG00000105617,LENG1,0.49775759,0.957059953
ENSG00000234420,ZNF37BP,0.497759075,0.957059953
ENSG00000213782,DDX47,0.497943015,0.957059953
ENSG00000213983,AP1G2,0.497980376,0.957059953
ENSG00000151849,CENPJ,0.498002261,0.957059953
ENSG00000164051,CCDC51,0.498041084,0.957059953
ENSG00000124535,WRNIP1,0.498141702,0.957059953
ENSG00000162775,RBM15,0.498159087,0.957059953
ENSG00000236558,.,0.49821118,0.957059953
ENSG00000174453,VWC2L,0.498285805,0.957059953
ENSG00000065308,TRAM2,0.498333044,0.957059953
ENSG00000255471,.,0.498444027,0.957059953
ENSG00000135824,RGS8,0.498461557,0.957059953
ENSG00000171729,TMEM51,0.498520368,0.957059953
ENSG00000171316,CHD7,0.498524065,0.957059953
ENSG00000119946,CNNM1,0.498564671,0.957059953
ENSG00000105401,CDC37,0.498839842,0.957059953
ENSG00000175077,RTP1,0.498853391,0.957059953
ENSG00000002822,MAD1L1,0.498943707,0.957059953
ENSG00000118058,MLL,0.499002758,0.957059953
ENSG00000142867,BCL10,0.499192661,0.957059953
ENSG00000126457,PRMT1,0.499308334,0.957059953
ENSG00000132530,XAF1,0.499320996,0.957059953
ENSG00000257950,.,0.49938132,0.957059953
ENSG00000267731,.,0.499410996,0.957059953
ENSG00000162704,ARPC5,0.499452807,0.957059953
ENSG00000163630,SYNPR,0.499503829,0.957059953
ENSG00000119203,CPSF3,0.499519452,0.957059953
ENSG00000139163,ETNK1,0.49952215,0.957059953
ENSG00000002933,TMEM176A,0.499733573,0.957059953
ENSG00000100505,TRIM9,0.499888805,0.957059953
ENSG00000162290,DCP1A,0.499905232,0.957059953
ENSG00000004478,FKBP4,0.499993722,0.957059953
ENSG00000125901,MRPS26,0.50002706,0.957059953
ENSG00000198753,PLXNB3,0.500074794,0.957059953
ENSG00000153037,SRP19,0.500103363,0.957059953
ENSG00000231322,RPL13AP17,0.500142384,0.957059953
ENSG00000159840,ZYX,0.500181247,0.957059953
ENSG00000197381,ADARB1,0.50029189,0.957059953
ENSG00000069188,SDK2,0.500296567,0.957059953
ENSG00000117479,SLC19A2,0.500352191,0.957059953
ENSG00000106415,GLCCI1,0.500382094,0.957059953
ENSG00000196544,C17orf59,0.500522515,0.957059953
ENSG00000224945,.,0.500614639,0.957059953
ENSG00000127561,SYNGR3,0.500635627,0.957059953
ENSG00000228444,LMO7-AS1,0.500665158,0.957059953
ENSG00000203813,HIST1H3H,0.500701924,0.957059953
ENSG00000137752,CASP1,0.500715434,0.957059953
ENSG00000158062,UBXN11,0.500724446,0.957059953
ENSG00000158270,COLEC12,0.500864196,0.957059953
ENSG00000072501,SMC1A,0.500904172,0.957059953
ENSG00000101003,GINS1,0.500977447,0.957059953
ENSG00000172466,ZNF24,0.501015459,0.957059953
ENSG00000102119,EMD,0.501044695,0.957059953
ENSG00000132196,HSD17B7,0.501072021,0.957059953
ENSG00000033050,ABCF2,0.501139909,0.957059953
ENSG00000121064,SCPEP1,0.501185357,0.957059953
ENSG00000143369,ECM1,0.501234708,0.957059953
ENSG00000130638,ATXN10,0.50124926,0.957059953
ENSG00000257621,.,0.501271492,0.957059953
ENSG00000113621,TXNDC15,0.501335646,0.957059953
ENSG00000166689,PLEKHA7,0.501347491,0.957059953
ENSG00000206337,HCP5,0.501385276,0.957059953
ENSG00000008083,JARID2,0.501406242,0.957059953
ENSG00000204371,EHMT2,0.501446315,0.957059953
ENSG00000261642,.,0.501553392,0.957059953
ENSG00000169692,AGPAT2,0.501601765,0.957059953
ENSG00000112414,GPR126,0.501693291,0.957059953
ENSG00000196230,TUBB,0.501704787,0.957059953
ENSG00000101084,C20orf24,0.501724378,0.957059953
ENSG00000090061,CCNK,0.501747339,0.957059953
ENSG00000198736,MSRB1,0.501761531,0.957059953
ENSG00000137145,DENND4C,0.501793883,0.957059953
ENSG00000197782,ZNF780A,0.50193619,0.957059953
ENSG00000138079,SLC3A1,0.501954505,0.957059953
ENSG00000141030,COPS3,0.501988275,0.957059953
ENSG00000170485,NPAS2,0.50202495,0.957059953
ENSG00000247903,.,0.50206095,0.957059953
ENSG00000260862,.,0.502131038,0.957059953
ENSG00000162413,KLHL21,0.502145467,0.957059953
ENSG00000198934,MAGEE1,0.502204182,0.957059953
ENSG00000110711,AIP,0.502236201,0.957059953
ENSG00000179958,DCTPP1,0.502381019,0.957059953
ENSG00000139289,PHLDA1,0.502447105,0.957059953
ENSG00000168310,IRF2,0.502469403,0.957059953
ENSG00000143318,CASQ1,0.502476754,0.957059953
ENSG00000143797,MBOAT2,0.50251038,0.957059953
ENSG00000176244,ACBD7,0.502737777,0.957086434
ENSG00000177932,ZNF354C,0.502861906,0.957086434
ENSG00000254986,DPP3,0.502913076,0.957086434
ENSG00000163378,EOGT,0.503069284,0.957086434
ENSG00000174130,TLR6,0.503199438,0.957086434
ENSG00000214960,ISPD,0.503252791,0.957086434
ENSG00000154529,CNTNAP3B,0.503308878,0.957086434
ENSG00000013016,EHD3,0.503386813,0.957086434
ENSG00000186496,ZNF396,0.503409057,0.957086434
ENSG00000108039,XPNPEP1,0.503531519,0.957086434
ENSG00000146592,CREB5,0.503587533,0.957086434
ENSG00000130305,NSUN5,0.503591946,0.957086434
ENSG00000085998,POMGNT1,0.50366822,0.957086434
ENSG00000140577,CRTC3,0.503670553,0.957086434
ENSG00000158296,SLC13A3,0.503690335,0.957086434
ENSG00000230454,.,0.503694267,0.957086434
ENSG00000092969,TGFB2,0.503718034,0.957086434
ENSG00000135423,GLS2,0.503722631,0.957086434
ENSG00000166924,NYAP1,0.503737471,0.957086434
ENSG00000146966,DENND2A,0.503844743,0.957086434
ENSG00000203875,SNHG5,0.503933355,0.957086434
ENSG00000198853,RUSC2,0.503936374,0.957086434
ENSG00000137692,DCUN1D5,0.503982467,0.957086434
ENSG00000112234,FBXL4,0.504017577,0.957086434
ENSG00000266490,.,0.504024356,0.957086434
ENSG00000188452,CERKL,0.504040101,0.957086434
ENSG00000145012,LPP,0.504097768,0.957086434
ENSG00000158042,MRPL17,0.504232162,0.957122918
ENSG00000170161,.,0.504266699,0.957122918
ENSG00000107863,ARHGAP21,0.504291823,0.957122918
ENSG00000164347,GFM2,0.504450858,0.957224672
ENSG00000153896,ZNF599,0.50451245,0.957224672
ENSG00000231389,HLA-DPA1,0.504524793,0.957224672
ENSG00000147684,NDUFB9,0.504742774,0.957224672
ENSG00000186432,KPNA4,0.504748361,0.957224672
ENSG00000143199,ADCY10,0.504772316,0.957224672
ENSG00000107105,ELAVL2,0.504801071,0.957224672
ENSG00000180263,FGD6,0.504832272,0.957224672
ENSG00000113552,GNPDA1,0.504870006,0.957224672
ENSG00000264515,.,0.504937922,0.957242928
ENSG00000143882,ATP6V1C2,0.505269948,0.957418063
ENSG00000108604,SMARCD2,0.505290041,0.957418063
ENSG00000068137,PLEKHH3,0.505307037,0.957418063
ENSG00000021355,SERPINB1,0.505333017,0.957418063
ENSG00000170667,RASA4B,0.505338885,0.957418063
ENSG00000067167,TRAM1,0.505380088,0.957418063
ENSG00000010803,SCMH1,0.505618927,0.957570011
ENSG00000018699,TTC27,0.505621893,0.957570011
ENSG00000143947,RPS27A,0.505635215,0.957570011
ENSG00000157240,FZD1,0.505915203,0.957828687
ENSG00000262943,ALOX12P2,0.505933392,0.957828687
ENSG00000181220,ZNF746,0.505959495,0.957828687
ENSG00000169242,EFNA1,0.506005096,0.957828687
ENSG00000239900,ADSL,0.506117044,0.957930185
ENSG00000169375,SIN3A,0.506232163,0.957931652
ENSG00000223891,.,0.506234477,0.957931652
ENSG00000174137,FAM53A,0.50648165,0.958288955
ENSG00000122483,CCDC18,0.506804624,0.958640947
ENSG00000107796,ACTA2,0.506872716,0.958640947
ENSG00000046653,GPM6B,0.506913269,0.958640947
ENSG00000165233,C9orf89,0.506989762,0.958640947
ENSG00000237945,LINC00649,0.50700879,0.958640947
ENSG00000101868,POLA1,0.507103286,0.958640947
ENSG00000163866,C1orf212,0.507183143,0.958640947
ENSG00000211772,TRBC2,0.507271662,0.958640947
ENSG00000247596,TWF2,0.50742491,0.958640947
ENSG00000141579,ZNF750,0.507445174,0.958640947
ENSG00000163116,STPG2,0.50758655,0.958640947
ENSG00000269825,.,0.507644735,0.958640947
ENSG00000250127,.,0.507696626,0.958640947
ENSG00000183837,PNMA3,0.507712708,0.958640947
ENSG00000178896,EXOSC4,0.507823971,0.958640947
ENSG00000108733,PEX12,0.507935016,0.958640947
ENSG00000111361,EIF2B1,0.508010918,0.958640947
ENSG00000100092,SH3BP1,0.508052087,0.958640947
ENSG00000115993,TRAK2,0.508158927,0.958640947
ENSG00000125630,POLR1B,0.50823512,0.958640947
ENSG00000150867,PIP4K2A,0.508270788,0.958640947
ENSG00000145016,KIAA0226,0.50837621,0.958640947
ENSG00000198910,L1CAM,0.508423063,0.958640947
ENSG00000152223,EPG5,0.508479072,0.958640947
ENSG00000217576,.,0.508510078,0.958640947
ENSG00000146350,C6orf170,0.508618831,0.958640947
ENSG00000113838,TBCCD1,0.50879657,0.958640947
ENSG00000260581,.,0.508821335,0.958640947
ENSG00000111249,CUX2,0.508859135,0.958640947
ENSG00000251034,.,0.508869249,0.958640947
ENSG00000149571,KIRREL3,0.50889163,0.958640947
ENSG00000168003,SLC3A2,0.508911225,0.958640947
ENSG00000064763,FAR2,0.508928981,0.958640947
ENSG00000122012,SV2C,0.508966754,0.958640947
ENSG00000167797,CDK2AP2,0.509061209,0.958640947
ENSG00000177551,NHLH2,0.509074663,0.958640947
ENSG00000071051,NCK2,0.509123325,0.958640947
ENSG00000083093,PALB2,0.509340296,0.958640947
ENSG00000096654,ZNF184,0.509356929,0.958640947
ENSG00000149930,TAOK2,0.509396485,0.958640947
ENSG00000216863,LY86-AS1,0.50943614,0.958640947
ENSG00000166405,RIC3,0.509477778,0.958640947
ENSG00000105245,NUMBL,0.509479346,0.958640947
ENSG00000269821,KCNQ1OT1,0.509543341,0.958640947
ENSG00000256229,ZNF486,0.509572164,0.958640947
ENSG00000124214,STAU1,0.50959432,0.958640947
ENSG00000078902,TOLLIP,0.509703373,0.958640947
ENSG00000231437,.,0.509898732,0.958640947
ENSG00000125304,TM9SF2,0.509915612,0.958640947
ENSG00000118257,NRP2,0.509970728,0.958640947
ENSG00000143502,SUSD4,0.510040537,0.958640947
ENSG00000233452,STXBP5-AS1,0.510221318,0.958640947
ENSG00000115540,MOB4,0.510461562,0.958640947
ENSG00000188070,C11orf95,0.510535651,0.958640947
ENSG00000168569,TMEM223,0.510789014,0.958640947
ENSG00000105755,ETHE1,0.510899176,0.958640947
ENSG00000155307,SAMSN1,0.51111929,0.958640947
ENSG00000170743,SYT9,0.511167216,0.958640947
ENSG00000202538,RNU4-2,0.511168841,0.958640947
ENSG00000245970,.,0.511192345,0.958640947
ENSG00000102393,GLA,0.511197129,0.958640947
ENSG00000105325,FZR1,0.511225369,0.958640947
ENSG00000130164,LDLR,0.511289675,0.958640947
ENSG00000227051,C14orf132,0.511373146,0.958640947
ENSG00000180787,ZFP3,0.51138106,0.958640947
ENSG00000196400,.,0.511395139,0.958640947
ENSG00000166821,PEX11A,0.511497064,0.958640947
ENSG00000224428,.,0.511500416,0.958640947
ENSG00000085433,WDR47,0.511556185,0.958640947
ENSG00000090520,DNAJB11,0.511588741,0.958640947
ENSG00000082397,EPB41L3,0.511592768,0.958640947
ENSG00000175224,ATG13,0.511730673,0.958640947
ENSG00000079931,MOXD1,0.51179177,0.958640947
ENSG00000148719,DNAJB12,0.511868134,0.958640947
ENSG00000011275,RNF216,0.511877811,0.958640947
ENSG00000184489,PTP4A3,0.512026188,0.958640947
ENSG00000204822,MRPL53,0.512065282,0.958640947
ENSG00000134440,NARS,0.512121887,0.958640947
ENSG00000267724,.,0.512213478,0.958640947
ENSG00000081842,PCDHA6,0.512224887,0.958640947
ENSG00000233487,.,0.512229921,0.958640947
ENSG00000100243,CYB5R3,0.512258121,0.958640947
ENSG00000196220,SRGAP3,0.51230827,0.958640947
ENSG00000114446,IFT57,0.512395563,0.958640947
ENSG00000160201,U2AF1,0.512464874,0.958640947
ENSG00000130309,GLT25D1,0.512550582,0.958640947
ENSG00000132953,XPO4,0.51258441,0.958640947
ENSG00000008294,SPAG9,0.512645152,0.958640947
ENSG00000100220,C22orf28,0.51264772,0.958640947
ENSG00000101546,RBFA,0.512665603,0.958640947
ENSG00000130544,ZNF557,0.51267159,0.958640947
ENSG00000197417,SHPK,0.512706521,0.958640947
ENSG00000158747,NBL1,0.512795138,0.958640947
ENSG00000144048,DUSP11,0.512878837,0.958640947
ENSG00000007171,NOS2,0.512935534,0.958640947
ENSG00000084674,APOB,0.512946701,0.958640947
ENSG00000198205,ZXDA,0.512950369,0.958640947
ENSG00000261613,.,0.513015476,0.958640947
ENSG00000001461,NIPAL3,0.513030516,0.958640947
ENSG00000172005,MAL,0.51304167,0.958640947
ENSG00000265179,.,0.513074606,0.958640947
ENSG00000008283,CYB561,0.513083475,0.958640947
ENSG00000101193,GID8,0.513142931,0.958640947
ENSG00000118162,KPTN,0.513239928,0.958640947
ENSG00000111912,NCOA7,0.513331646,0.958640947
ENSG00000225554,.,0.513345864,0.958640947
ENSG00000254806,SYS1-DBNDD2,0.513364961,0.958640947
ENSG00000173267,SNCG,0.513414943,0.958640947
ENSG00000159199,ATP5G1,0.513477516,0.958640947
ENSG00000120729,MYOT,0.513515376,0.958640947
ENSG00000204291,COL15A1,0.51357191,0.958640947
ENSG00000221946,FXYD7,0.513658471,0.958640947
ENSG00000112149,CD83,0.513705247,0.958640947
ENSG00000138668,HNRNPD,0.513739126,0.958640947
ENSG00000175727,MLXIP,0.513747858,0.958640947
ENSG00000184792,OSBP2,0.513872815,0.958640947
ENSG00000150907,FOXO1,0.514068587,0.958640947
ENSG00000109065,NAT9,0.514135549,0.958640947
ENSG00000173039,RELA,0.51414174,0.958640947
ENSG00000269883,.,0.514144403,0.958640947
ENSG00000144647,GTDC2,0.514197277,0.958640947
ENSG00000154118,JPH3,0.514283481,0.958640947
ENSG00000187955,COL14A1,0.514330296,0.958640947
ENSG00000088280,ASAP3,0.51450618,0.958640947
ENSG00000196878,LAMB3,0.514562771,0.958640947
ENSG00000198237,.,0.514687908,0.958640947
ENSG00000133641,C12orf29,0.514725235,0.958640947
ENSG00000165275,TRMT10B,0.51472531,0.958640947
ENSG00000182359,KBTBD3,0.51473318,0.958640947
ENSG00000082074,FYB,0.514850436,0.958640947
ENSG00000234745,HLA-B,0.514929997,0.958640947
ENSG00000128607,KLHDC10,0.514977788,0.958640947
ENSG00000187672,ERC2,0.514988921,0.958640947
ENSG00000091986,CCDC80,0.514991768,0.958640947
ENSG00000140848,CPNE2,0.515009619,0.958640947
ENSG00000074964,ARHGEF10L,0.515024322,0.958640947
ENSG00000065609,SNAP91,0.515107965,0.958640947
ENSG00000135414,GDF11,0.515114497,0.958640947
ENSG00000177731,FLII,0.515188993,0.958640947
ENSG00000185352,HS6ST3,0.515231094,0.958640947
ENSG00000171992,SYNPO,0.515265701,0.958640947
ENSG00000198863,RUNDC1,0.515276904,0.958640947
ENSG00000140853,NLRC5,0.515300552,0.958640947
ENSG00000107614,TRDMT1,0.515363856,0.958640947
ENSG00000204963,PCDHA7,0.515370786,0.958640947
ENSG00000196812,ZSCAN16,0.515372542,0.958640947
ENSG00000105640,RPL18A,0.515641931,0.958640947
ENSG00000109534,GAR1,0.515660107,0.958640947
ENSG00000056661,PCGF2,0.515758145,0.958640947
ENSG00000147586,MRPS28,0.515892485,0.958640947
ENSG00000169783,LINGO1,0.515909052,0.958640947
ENSG00000067048,DDX3Y,0.515939246,0.958640947
ENSG00000119977,TCTN3,0.515941799,0.958640947
ENSG00000239697,TNFSF12,0.515998488,0.958640947
ENSG00000169006,NTSR2,0.516038567,0.958640947
ENSG00000038002,AGA,0.516040389,0.958640947
ENSG00000186094,AGBL4,0.516092977,0.958640947
ENSG00000010256,UQCRC1,0.516114866,0.958640947
ENSG00000132589,FLOT2,0.516174181,0.958640947
ENSG00000166349,RAG1,0.516300487,0.958640947
ENSG00000106524,ANKMY2,0.51631555,0.958640947
ENSG00000155886,SLC24A2,0.51638144,0.958640947
ENSG00000260267,.,0.516392901,0.958640947
ENSG00000268713,.,0.516518441,0.958640947
ENSG00000144395,CCDC150,0.516524041,0.958640947
ENSG00000154511,FAM69A,0.5165903,0.958640947
ENSG00000241852,C8orf58,0.516674089,0.958640947
ENSG00000211454,AKR7L,0.516713963,0.958640947
ENSG00000178381,ZFAND2A,0.516743387,0.958640947
ENSG00000139629,GALNT6,0.516813228,0.958640947
ENSG00000228677,TTC3-AS1,0.516826011,0.958640947
ENSG00000143321,HDGF,0.517042956,0.958640947
ENSG00000228389,.,0.517075751,0.958640947
ENSG00000178718,RPP25,0.517135644,0.958640947
ENSG00000133195,SLC39A11,0.51714035,0.958640947
ENSG00000198517,MAFK,0.517204166,0.958640947
ENSG00000135047,CTSL1,0.517466744,0.958640947
ENSG00000253288,.,0.517501155,0.958640947
ENSG00000267365,KCNJ2-AS1,0.517526995,0.958640947
ENSG00000104320,NBN,0.517544582,0.958640947
ENSG00000086848,ALG9,0.517555947,0.958640947
ENSG00000170340,B3GNT2,0.517606825,0.958640947
ENSG00000186487,MYT1L,0.517613274,0.958640947
ENSG00000146072,TNFRSF21,0.517631663,0.958640947
ENSG00000155465,SLC7A7,0.517647689,0.958640947
ENSG00000180875,GREM2,0.517654306,0.958640947
ENSG00000170502,NUDT9,0.517698775,0.958640947
ENSG00000196591,HDAC2,0.517762107,0.958640947
ENSG00000116005,PCYOX1,0.51789883,0.958640947
ENSG00000111490,TBC1D30,0.517993837,0.958640947
ENSG00000164402,SEPT8,0.518016979,0.958640947
ENSG00000132386,SERPINF1,0.518094193,0.958640947
ENSG00000174840,PDE12,0.518096783,0.958640947
ENSG00000196159,FAT4,0.518145795,0.958640947
ENSG00000136527,TRA2B,0.518178252,0.958640947
ENSG00000006210,CX3CL1,0.518227049,0.958640947
ENSG00000115266,APC2,0.518262203,0.958640947
ENSG00000145388,METTL14,0.518301724,0.958640947
ENSG00000163393,SLC22A15,0.518399393,0.958640947
ENSG00000110057,UNC93B1,0.51840156,0.958640947
ENSG00000131013,PPIL4,0.518478068,0.958640947
ENSG00000147180,ZNF711,0.518558189,0.958640947
ENSG00000047932,GOPC,0.518643409,0.958640947
ENSG00000259096,.,0.518683779,0.958640947
ENSG00000092208,GEMIN2,0.518691715,0.958640947
ENSG00000160352,ZNF714,0.518692289,0.958640947
ENSG00000172663,TMEM134,0.519016578,0.958974674
ENSG00000166508,MCM7,0.519088458,0.958974674
ENSG00000122335,SERAC1,0.519177385,0.958974674
ENSG00000180425,C11orf71,0.519187295,0.958974674
ENSG00000139197,PEX5,0.519260943,0.958974674
ENSG00000175054,ATR,0.519296106,0.958974674
ENSG00000105726,ATP13A1,0.519391496,0.958974674
ENSG00000198252,STYX,0.519456653,0.958974674
ENSG00000125844,RRBP1,0.51948539,0.958974674
ENSG00000204837,.,0.519566434,0.958974674
ENSG00000255087,.,0.519597205,0.958974674
ENSG00000055130,CUL1,0.519602694,0.958974674
ENSG00000132692,BCAN,0.51965798,0.958974674
ENSG00000153094,BCL2L11,0.51980102,0.958974674
ENSG00000140396,NCOA2,0.5199262,0.958974674
ENSG00000233559,.,0.519968051,0.958974674
ENSG00000237399,.,0.519993679,0.958974674
ENSG00000104824,HNRNPL,0.520029947,0.958974674
ENSG00000187601,MAGEH1,0.520046291,0.958974674
ENSG00000077549,CAPZB,0.520072592,0.958974674
ENSG00000132825,PPP1R3D,0.520129815,0.958974674
ENSG00000118564,FBXL5,0.520157486,0.958974674
ENSG00000166260,COX11,0.520256241,0.959003068
ENSG00000220749,.,0.520289675,0.959003068
ENSG00000215374,FAM66B,0.520409528,0.959085617
ENSG00000170234,PWWP2A,0.520527787,0.959085617
ENSG00000156136,DCK,0.520587647,0.959085617
ENSG00000148926,ADM,0.520593441,0.959085617
ENSG00000152492,CCDC50,0.520737825,0.959085617
ENSG00000165752,STK32C,0.520795547,0.959085617
ENSG00000134874,DZIP1,0.520802989,0.959085617
ENSG00000126464,PRR12,0.520911668,0.959085617
ENSG00000132470,ITGB4,0.521005823,0.959085617
ENSG00000138378,STAT4,0.521021812,0.959085617
ENSG00000244274,DBNDD2,0.521047556,0.959085617
ENSG00000213121,.,0.521084771,0.959085617
ENSG00000125356,NDUFA1,0.521119811,0.959085617
ENSG00000117362,APH1A,0.521152045,0.959085617
ENSG00000163888,CAMK2N2,0.521268815,0.959193024
ENSG00000131981,LGALS3,0.521329157,0.959196589
ENSG00000062582,MRPS24,0.521500516,0.959392306
ENSG00000158828,PINK1,0.521552366,0.959392306
ENSG00000114547,ROPN1B,0.521640729,0.959447384
ENSG00000102349,KLF8,0.521760059,0.959463691
ENSG00000183655,KLHL25,0.521766439,0.959463691
ENSG00000248469,.,0.521893532,0.959486875
ENSG00000250303,.,0.52190698,0.959486875
ENSG00000197885,NKIRAS1,0.521992863,0.959486875
ENSG00000177054,ZDHHC13,0.522072813,0.959486875
ENSG00000126790,L3HYPDH,0.522169486,0.959486875
ENSG00000204970,PCDHA1,0.522219431,0.959486875
ENSG00000267056,.,0.522333748,0.959486875
ENSG00000214870,.,0.522396966,0.959486875
ENSG00000153140,CETN3,0.52241682,0.959486875
ENSG00000101849,TBL1X,0.522494062,0.959486875
ENSG00000166848,TERF2IP,0.522543903,0.959486875
ENSG00000154473,BUB3,0.522588962,0.959486875
ENSG00000072682,P4HA2,0.522595612,0.959486875
ENSG00000165406,MARCH8,0.522656819,0.959486875
ENSG00000237515,SHISA9,0.522693703,0.959486875
ENSG00000253368,TRNP1,0.522724278,0.959486875
ENSG00000110958,PTGES3,0.522772244,0.959486875
ENSG00000139726,DENR,0.522899151,0.959612555
ENSG00000165512,ZNF22,0.522979854,0.959653424
ENSG00000151693,ASAP2,0.523281113,0.959924142
ENSG00000102908,NFAT5,0.523297777,0.959924142
ENSG00000235878,.,0.523390994,0.959924142
ENSG00000060656,PTPRU,0.52347966,0.959924142
ENSG00000130508,PXDN,0.523509617,0.959924142
ENSG00000197550,.,0.5235587,0.959924142
ENSG00000182667,NTM,0.523578865,0.959924142
ENSG00000262223,.,0.523652229,0.959924142
ENSG00000117597,DIEXF,0.523733021,0.959924142
ENSG00000106399,RPA3,0.523742893,0.959924142
ENSG00000139187,KLRG1,0.523795018,0.959924142
ENSG00000103197,TSC2,0.523945989,0.959924142
ENSG00000198879,SFMBT2,0.523975578,0.959924142
ENSG00000101049,SGK2,0.524151205,0.959924142
ENSG00000132824,SERINC3,0.524176395,0.959924142
ENSG00000138675,FGF5,0.52417976,0.959924142
ENSG00000067208,EVI5,0.524217144,0.959924142
ENSG00000127311,HELB,0.524221243,0.959924142
ENSG00000119335,SET,0.524282534,0.959924142
ENSG00000008988,RPS20,0.524296386,0.959924142
ENSG00000248458,.,0.524440667,0.959936543
ENSG00000133466,C1QTNF6,0.524486393,0.959936543
ENSG00000083520,DIS3,0.524561763,0.959936543
ENSG00000056291,NPFFR2,0.524613362,0.959936543
ENSG00000184056,VPS33B,0.524615969,0.959936543
ENSG00000118777,ABCG2,0.524653864,0.959936543
ENSG00000198888,MT-ND1,0.524837648,0.960149677
ENSG00000229036,.,0.524985631,0.960149677
ENSG00000232694,LYPD8,0.524996008,0.960149677
ENSG00000161249,DMKN,0.525008707,0.960149677
ENSG00000171314,PGAM1,0.525118952,0.960149677
ENSG00000078369,GNB1,0.525121135,0.960149677
ENSG00000110852,CLEC2B,0.525327674,0.960395623
ENSG00000206503,HLA-A,0.525432624,0.960395623
ENSG00000170160,CCDC144A,0.525471992,0.960395623
ENSG00000096433,ITPR3,0.525570907,0.960395623
ENSG00000166311,SMPD1,0.525603105,0.960395623
ENSG00000185947,ZNF267,0.525644577,0.960395623
ENSG00000225663,FAM195B,0.525664998,0.960395623
ENSG00000221988,PPT2,0.525806331,0.960458791
ENSG00000183066,WBP2NL,0.525816537,0.960458791
ENSG00000143546,S100A8,0.525934042,0.960566589
ENSG00000259877,.,0.526068926,0.960653997
ENSG00000159256,MORC3,0.526149007,0.960653997
ENSG00000269044,.,0.526157383,0.960653997
ENSG00000130558,OLFM1,0.526450314,0.961054162
ENSG00000230772,VN1R108P,0.526493594,0.961054162
ENSG00000166006,KCNC2,0.52661882,0.961071366
ENSG00000232057,.,0.526620059,0.961071366
ENSG00000130956,HABP4,0.526738933,0.96116258
ENSG00000130021,HDHD1,0.526841883,0.96116258
ENSG00000129675,ARHGEF6,0.526896323,0.96116258
ENSG00000163633,C4orf36,0.526904141,0.96116258
ENSG00000115524,SF3B1,0.526976134,0.961187144
ENSG00000149346,SLX4IP,0.527056705,0.961227348
ENSG00000164830,OXR1,0.527192743,0.961244776
ENSG00000121741,ZMYM2,0.527239068,0.961244776
ENSG00000118217,ATF6,0.527241852,0.961244776
ENSG00000052841,TTC17,0.527308166,0.961258965
ENSG00000165526,RPUSD4,0.52742805,0.961352265
ENSG00000144959,NCEH1,0.5274836,0.961352265
ENSG00000180891,CUEDC1,0.527534958,0.961352265
ENSG00000253537,PCDHGA7,0.52765038,0.961431331
ENSG00000105605,CACNG7,0.527695428,0.961431331
ENSG00000148180,GSN,0.527763881,0.961449386
ENSG00000147059,SPIN2A,0.528088427,0.96183092
ENSG00000141376,BCAS3,0.528090447,0.96183092
ENSG00000125952,MAX,0.528443209,0.962366691
ENSG00000234771,.,0.528765631,0.962662383
ENSG00000183309,ZNF623,0.528812688,0.962662383
ENSG00000174485,DENND4A,0.528910451,0.962662383
ENSG00000067798,NAV3,0.528977897,0.962662383
ENSG00000240972,MIF,0.528981496,0.962662383
ENSG00000138380,ALS2CR8,0.528993523,0.962662383
ENSG00000083099,LYRM2,0.529066749,0.962662383
ENSG00000157782,CABP1,0.529093152,0.962662383
ENSG00000122733,KIAA1045,0.529177753,0.962662383
ENSG00000174429,ABRA,0.52924737,0.962662383
ENSG00000064419,TNPO3,0.529307611,0.962662383
ENSG00000177963,RIC8A,0.529308976,0.962662383
ENSG00000112394,SLC16A10,0.529469395,0.962815153
ENSG00000269577,.,0.529531464,0.962815153
ENSG00000180376,CCDC66,0.529568853,0.962815153
ENSG00000146083,RNF44,0.529688286,0.962925695
ENSG00000124784,RIOK1,0.529803214,0.962966388
ENSG00000171004,HS6ST2,0.529902355,0.962966388
ENSG00000154035,C17orf103,0.529903213,0.962966388
ENSG00000231770,TMEM44-AS1,0.530095351,0.962966388
ENSG00000108848,LUC7L3,0.530240166,0.962966388
ENSG00000163492,CCDC141,0.530273005,0.962966388
ENSG00000106069,CHN2,0.53038904,0.962966388
ENSG00000108798,ABI3,0.530398689,0.962966388
ENSG00000167118,URM1,0.530437369,0.962966388
ENSG00000067704,IARS2,0.530525264,0.962966388
ENSG00000144063,MALL,0.530664629,0.962966388
ENSG00000074219,TEAD2,0.53069504,0.962966388
ENSG00000185252,ZNF74,0.530722209,0.962966388
ENSG00000176407,KCMF1,0.530812385,0.962966388
ENSG00000109381,ELF2,0.530836911,0.962966388
ENSG00000104412,EMC2,0.53098069,0.962966388
ENSG00000103995,CEP152,0.531123188,0.962966388
ENSG00000136868,SLC31A1,0.531195232,0.962966388
ENSG00000230368,FAM41C,0.53122612,0.962966388
ENSG00000138709,LARP1B,0.531231132,0.962966388
ENSG00000180182,MED14,0.531253342,0.962966388
ENSG00000168591,TMUB2,0.531310844,0.962966388
ENSG00000131408,NR1H2,0.531382999,0.962966388
ENSG00000233006,.,0.531397118,0.962966388
ENSG00000223839,FAM95B1,0.531444573,0.962966388
ENSG00000123096,SSPN,0.531448648,0.962966388
ENSG00000162385,MAGOH,0.531467306,0.962966388
ENSG00000168916,ZNF608,0.531518756,0.962966388
ENSG00000105443,CYTH2,0.531590859,0.962966388
ENSG00000163072,NOSTRIN,0.531639391,0.962966388
ENSG00000213928,IRF9,0.531643862,0.962966388
ENSG00000105865,DUS4L,0.531663649,0.962966388
ENSG00000152078,TMEM56,0.531693164,0.962966388
ENSG00000176974,SHMT1,0.531719938,0.962966388
ENSG00000267152,.,0.531847621,0.962966388
ENSG00000101181,GTPBP5,0.531862915,0.962966388
ENSG00000148700,ADD3,0.531891581,0.962966388
ENSG00000144136,SLC20A1,0.532188334,0.962966388
ENSG00000129559,NEDD8,0.532255387,0.962966388
ENSG00000206561,COLQ,0.532345999,0.962966388
ENSG00000110900,TSPAN11,0.53234777,0.962966388
ENSG00000140632,GLYR1,0.532395088,0.962966388
ENSG00000170312,CDK1,0.532425639,0.962966388
ENSG00000186298,PPP1CC,0.53251974,0.962966388
ENSG00000182968,SOX1,0.532559334,0.962966388
ENSG00000248383,PCDHAC1,0.532652123,0.962966388
ENSG00000204389,HSPA1A,0.532863187,0.962966388
ENSG00000163380,LMOD3,0.532986517,0.962966388
ENSG00000182050,MGAT4C,0.533000156,0.962966388
ENSG00000180447,GAS1,0.533007373,0.962966388
ENSG00000188343,FAM92A1,0.533097381,0.962966388
ENSG00000181852,RNF41,0.533171281,0.962966388
ENSG00000155393,HEATR3,0.533280936,0.962966388
ENSG00000230797,YY2,0.533298136,0.962966388
ENSG00000120645,IQSEC3,0.533336895,0.962966388
ENSG00000149742,SLC22A9,0.533352649,0.962966388
ENSG00000213923,CSNK1E,0.533419289,0.962966388
ENSG00000188739,RBM34,0.533528585,0.962966388
ENSG00000152749,GPR180,0.533531444,0.962966388
ENSG00000146352,CLVS2,0.533606691,0.962966388
ENSG00000175550,DRAP1,0.533612225,0.962966388
ENSG00000267169,.,0.533645574,0.962966388
ENSG00000070444,MNT,0.533672696,0.962966388
ENSG00000189410,SH2D5,0.53368522,0.962966388
ENSG00000111058,ACSS3,0.533742442,0.962966388
ENSG00000257704,PRR24,0.534008332,0.962966388
ENSG00000015171,ZMYND11,0.534060716,0.962966388
ENSG00000108506,INTS2,0.534095369,0.962966388
ENSG00000244968,LIFR-AS1,0.534141255,0.962966388
ENSG00000164615,CAMLG,0.534196308,0.962966388
ENSG00000087258,GNAO1,0.534196808,0.962966388
ENSG00000149633,KIAA1755,0.534231374,0.962966388
ENSG00000125482,TTF1,0.534237994,0.962966388
ENSG00000130589,HELZ2,0.534246335,0.962966388
ENSG00000178104,PDE4DIP,0.534253135,0.962966388
ENSG00000124067,SLC12A4,0.534272247,0.962966388
ENSG00000100711,ZFYVE21,0.534274733,0.962966388
ENSG00000125170,DOK4,0.534329212,0.962966388
ENSG00000133398,MED10,0.534400298,0.962966388
ENSG00000112855,HARS2,0.534573766,0.962966388
ENSG00000242419,PCDHGC4,0.534703922,0.962966388
ENSG00000245384,.,0.534855248,0.962966388
ENSG00000184949,FAM227A,0.534902409,0.962966388
ENSG00000198838,RYR3,0.534933454,0.962966388
ENSG00000112280,COL9A1,0.535072123,0.962966388
ENSG00000068024,HDAC4,0.535172838,0.962966388
ENSG00000143171,RXRG,0.535242347,0.962966388
ENSG00000144674,GOLGA4,0.535259518,0.962966388
ENSG00000178502,KLHL11,0.535350646,0.962966388
ENSG00000058404,CAMK2B,0.535372572,0.962966388
ENSG00000178105,DDX10,0.535413648,0.962966388
ENSG00000134531,EMP1,0.535440167,0.962966388
ENSG00000155008,APOOL,0.535523023,0.962966388
ENSG00000205583,STAG3L1,0.535564024,0.962966388
ENSG00000185753,CXorf38,0.535588219,0.962966388
ENSG00000006607,FARP2,0.535727408,0.962966388
ENSG00000152404,CWF19L2,0.535760461,0.962966388
ENSG00000120697,ALG5,0.535777265,0.962966388
ENSG00000004142,POLDIP2,0.535814864,0.962966388
ENSG00000165609,NUDT5,0.535861202,0.962966388
ENSG00000141380,SS18,0.535918976,0.962966388
ENSG00000119608,PROX2,0.536041671,0.962966388
ENSG00000127463,EMC1,0.536177459,0.962966388
ENSG00000029363,BCLAF1,0.536212657,0.962966388
ENSG00000092203,TOX4,0.536314805,0.962966388
ENSG00000185483,ROR1,0.536364136,0.962966388
ENSG00000136928,GABBR2,0.536457843,0.962966388
ENSG00000168398,BDKRB2,0.536529621,0.962966388
ENSG00000251791,SCARNA6,0.536535648,0.962966388
ENSG00000143889,HNRPLL,0.536580367,0.962966388
ENSG00000119720,NRDE2,0.536582752,0.962966388
ENSG00000160255,ITGB2,0.536622288,0.962966388
ENSG00000172262,ZNF131,0.536682634,0.962966388
ENSG00000184984,CHRM5,0.536774034,0.962966388
ENSG00000186364,NUDT17,0.536911847,0.962966388
ENSG00000109846,CRYAB,0.536954322,0.962966388
ENSG00000182872,RBM10,0.53696084,0.962966388
ENSG00000258889,.,0.536991305,0.962966388
ENSG00000128604,IRF5,0.537111131,0.962966388
ENSG00000171204,TMEM126B,0.537159352,0.962966388
ENSG00000053501,USE1,0.537200734,0.962966388
ENSG00000176593,.,0.537260492,0.962966388
ENSG00000235703,.,0.53737285,0.962966388
ENSG00000182957,SPATA13,0.537403078,0.962966388
ENSG00000260912,.,0.537409451,0.962966388
ENSG00000219665,.,0.537525691,0.962966388
ENSG00000250072,.,0.537529086,0.962966388
ENSG00000135392,DNAJC14,0.537553737,0.962966388
ENSG00000163449,TMEM169,0.537634686,0.962966388
ENSG00000200488,.,0.537797265,0.962966388
ENSG00000196724,ZNF418,0.537865456,0.962966388
ENSG00000181215,C4orf50,0.53790786,0.962966388
ENSG00000103035,PSMD7,0.537921424,0.962966388
ENSG00000080823,MOK,0.538014154,0.962966388
ENSG00000179292,TMEM151A,0.538079449,0.962966388
ENSG00000267198,.,0.538137768,0.962966388
ENSG00000164754,RAD21,0.538188872,0.962966388
ENSG00000120451,SNX19,0.53828474,0.962966388
ENSG00000120458,MSANTD2,0.538353578,0.962966388
ENSG00000138375,SMARCAL1,0.538393187,0.962966388
ENSG00000149115,TNKS1BP1,0.538401345,0.962966388
ENSG00000232712,.,0.53841044,0.962966388
ENSG00000091317,CMTM6,0.538411427,0.962966388
ENSG00000226287,TMEM191A,0.538422051,0.962966388
ENSG00000177570,SAMD12,0.53869919,0.962966388
ENSG00000182446,NPLOC4,0.538706257,0.962966388
ENSG00000149929,HIRIP3,0.538744398,0.962966388
ENSG00000107281,NPDC1,0.538892419,0.962966388
ENSG00000162746,FCRLB,0.5389305,0.962966388
ENSG00000104983,CCDC61,0.538934768,0.962966388
ENSG00000253734,.,0.538948769,0.962966388
ENSG00000009790,TRAF3IP3,0.53920932,0.962966388
ENSG00000054611,TBC1D22A,0.539274891,0.962966388
ENSG00000096063,SRPK1,0.539305901,0.962966388
ENSG00000089050,RBBP9,0.539384123,0.962966388
ENSG00000145014,TMEM44,0.539395136,0.962966388
ENSG00000204164,.,0.539448313,0.962966388
ENSG00000100380,ST13,0.539450478,0.962966388
ENSG00000143127,ITGA10,0.539482862,0.962966388
ENSG00000248866,USP46-AS1,0.539510002,0.962966388
ENSG00000196312,HIATL2,0.539556101,0.962966388
ENSG00000187720,THSD4,0.539564201,0.962966388
ENSG00000077522,ACTN2,0.539597714,0.962966388
ENSG00000171509,RXFP1,0.539604739,0.962966388
ENSG00000204946,ZNF783,0.539605228,0.962966388
ENSG00000182890,GLUD2,0.539642505,0.962966388
ENSG00000206538,VGLL3,0.53965624,0.962966388
ENSG00000165516,KLHDC2,0.539691998,0.962966388
ENSG00000122970,IFT81,0.539725727,0.962966388
ENSG00000050767,COL23A1,0.539752254,0.962966388
ENSG00000232160,.,0.539784585,0.962966388
ENSG00000110651,CD81,0.540063601,0.962966388
ENSG00000122965,RBM19,0.540199176,0.962966388
ENSG00000124145,SDC4,0.540324713,0.962966388
ENSG00000197409,HIST1H3D,0.540369692,0.962966388
ENSG00000167491,GATAD2A,0.540440862,0.962966388
ENSG00000224924,LINC00320,0.540457714,0.962966388
ENSG00000172869,DMXL1,0.540480741,0.962966388
ENSG00000165507,C10orf10,0.54058004,0.962966388
ENSG00000164096,C4orf3,0.540594592,0.962966388
ENSG00000135100,HNF1A,0.54074038,0.962966388
ENSG00000196199,MPHOSPH8,0.540765158,0.962966388
ENSG00000156076,WIF1,0.540851759,0.962966388
ENSG00000101460,MAP1LC3A,0.540886772,0.962966388
ENSG00000204469,PRRC2A,0.540934178,0.962966388
ENSG00000257511,.,0.541021866,0.962966388
ENSG00000124614,RPS10,0.541091702,0.962966388
ENSG00000182195,LDOC1,0.541144974,0.962966388
ENSG00000138722,MMRN1,0.541180544,0.962966388
ENSG00000259865,.,0.541238854,0.962966388
ENSG00000141140,MYO19,0.541241649,0.962966388
ENSG00000142494,SLC47A1,0.541248163,0.962966388
ENSG00000168309,FAM107A,0.541290492,0.962966388
ENSG00000143457,GOLPH3L,0.54163263,0.962966388
ENSG00000154645,CHODL,0.541687248,0.962966388
ENSG00000235453,TOPORS-AS1,0.541719106,0.962966388
ENSG00000064225,ST3GAL6,0.541760849,0.962966388
ENSG00000162927,PUS10,0.541803408,0.962966388
ENSG00000100330,MTMR3,0.541882053,0.962966388
ENSG00000105376,ICAM5,0.542135383,0.962966388
ENSG00000243678,NME1-NME2,0.542155267,0.962966388
ENSG00000132965,ALOX5AP,0.542204787,0.962966388
ENSG00000109083,IFT20,0.542286544,0.962966388
ENSG00000205217,FAM106B,0.542296614,0.962966388
ENSG00000070404,FSTL3,0.542322656,0.962966388
ENSG00000204642,HLA-F,0.542401248,0.962966388
ENSG00000156030,ELMSAN1,0.542474805,0.962966388
ENSG00000128694,OSGEPL1,0.542475715,0.962966388
ENSG00000255537,.,0.542483001,0.962966388
ENSG00000141698,NT5C3L,0.542531745,0.962966388
ENSG00000166200,COPS2,0.542544864,0.962966388
ENSG00000148481,FAM188A,0.542550799,0.962966388
ENSG00000178498,DTX3,0.542587835,0.962966388
ENSG00000182836,PLCXD3,0.542603167,0.962966388
ENSG00000185591,SP1,0.542695541,0.962966388
ENSG00000116584,ARHGEF2,0.542705147,0.962966388
ENSG00000074071,MRPS34,0.542742369,0.962966388
ENSG00000186417,GLDN,0.542788562,0.962966388
ENSG00000213190,MLLT11,0.542822557,0.962966388
ENSG00000167378,IRGQ,0.542896997,0.962966388
ENSG00000145335,SNCA,0.542958532,0.962966388
ENSG00000177822,.,0.543141689,0.962966388
ENSG00000139618,BRCA2,0.543157328,0.962966388
ENSG00000121966,CXCR4,0.543187929,0.962966388
ENSG00000232611,.,0.543222336,0.962966388
ENSG00000159086,GCFC1,0.543321584,0.962966388
ENSG00000259758,.,0.543370793,0.962966388
ENSG00000153822,KCNJ16,0.543381486,0.962966388
ENSG00000162441,LZIC,0.543424634,0.962966388
ENSG00000054523,KIF1B,0.543661084,0.962966388
ENSG00000111540,RAB5B,0.543681474,0.962966388
ENSG00000137251,TINAG,0.543735755,0.962966388
ENSG00000128011,LRFN1,0.543740624,0.962966388
ENSG00000099622,CIRBP,0.543761995,0.962966388
ENSG00000103510,KAT8,0.543769262,0.962966388
ENSG00000269657,.,0.543904789,0.962966388
ENSG00000101638,ST8SIA5,0.54392058,0.962966388
ENSG00000115956,PLEK,0.543979537,0.962966388
ENSG00000261098,.,0.544002406,0.962966388
ENSG00000222009,BTBD19,0.544109897,0.962966388
ENSG00000213015,ZNF580,0.54413022,0.962966388
ENSG00000143811,PYCR2,0.544226039,0.962966388
ENSG00000226469,ADAM1B,0.544365617,0.962966388
ENSG00000107902,LHPP,0.544381747,0.962966388
ENSG00000145692,BHMT,0.544397645,0.962966388
ENSG00000168404,MLKL,0.544423966,0.962966388
ENSG00000111664,GNB3,0.544529904,0.962966388
ENSG00000223573,PLAC2,0.544544863,0.962966388
ENSG00000136826,KLF4,0.544669478,0.962966388
ENSG00000105851,PIK3CG,0.544689898,0.962966388
ENSG00000164104,HMGB2,0.544696831,0.962966388
ENSG00000019582,CD74,0.544743631,0.962966388
ENSG00000103249,CLCN7,0.544765538,0.962966388
ENSG00000166902,MRPL16,0.544865137,0.962966388
ENSG00000152726,FAM21B,0.544923174,0.962966388
ENSG00000185787,MORF4L1,0.544937944,0.962966388
ENSG00000248671,.,0.54496811,0.962966388
ENSG00000171126,KCNG3,0.54504991,0.962966388
ENSG00000101844,ATG4A,0.545114173,0.962966388
ENSG00000198959,TGM2,0.545186955,0.962966388
ENSG00000122497,NBPF14,0.545221236,0.962966388
ENSG00000172183,ISG20,0.545302091,0.962966388
ENSG00000197620,CXorf40A,0.545306787,0.962966388
ENSG00000143195,ILDR2,0.545316664,0.962966388
ENSG00000116106,EPHA4,0.545377572,0.962966388
ENSG00000197147,LRRC8B,0.545397302,0.962966388
ENSG00000145569,FAM105A,0.545447668,0.962966388
ENSG00000114127,XRN1,0.545674306,0.962966388
ENSG00000188206,HNRNPU-AS1,0.545691573,0.962966388
ENSG00000141665,FBXO15,0.545916571,0.962966388
ENSG00000138760,SCARB2,0.545929099,0.962966388
ENSG00000227115,.,0.545965753,0.962966388
ENSG00000228484,.,0.545970416,0.962966388
ENSG00000185133,INPP5J,0.545978737,0.962966388
ENSG00000132938,MTUS2,0.546243702,0.962966388
ENSG00000171467,ZNF318,0.546257825,0.962966388
ENSG00000166266,CUL5,0.546379788,0.962966388
ENSG00000100294,MCAT,0.546406544,0.962966388
ENSG00000267629,.,0.546449737,0.962966388
ENSG00000174851,YIF1A,0.546495978,0.962966388
ENSG00000074181,NOTCH3,0.546499421,0.962966388
ENSG00000267470,.,0.546523757,0.962966388
ENSG00000106591,MRPL32,0.546562621,0.962966388
ENSG00000162621,LRRC53,0.546565901,0.962966388
ENSG00000118965,WDR35,0.546683484,0.962966388
ENSG00000151090,THRB,0.546690996,0.962966388
ENSG00000167536,DHRS13,0.546714689,0.962966388
ENSG00000070770,CSNK2A2,0.546721616,0.962966388
ENSG00000169313,P2RY12,0.546856411,0.962966388
ENSG00000198327,HIST1H4F,0.546900325,0.962966388
ENSG00000119408,NEK6,0.546916589,0.962966388
ENSG00000197822,OCLN,0.546937918,0.962966388
ENSG00000076242,MLH1,0.547102893,0.962966388
ENSG00000164120,HPGD,0.547157874,0.962966388
ENSG00000137842,TMEM62,0.547209772,0.962966388
ENSG00000064651,SLC12A2,0.547230924,0.962966388
ENSG00000014164,ZC3H3,0.54723382,0.962966388
ENSG00000107758,PPP3CB,0.547269721,0.962966388
ENSG00000266964,FXYD1,0.547374964,0.962966388
ENSG00000141736,ERBB2,0.547491391,0.962966388
ENSG00000254258,.,0.547518574,0.962966388
ENSG00000034152,MAP2K3,0.547550978,0.962966388
ENSG00000251615,.,0.547561213,0.962966388
ENSG00000179630,LACC1,0.547585672,0.962966388
ENSG00000198795,ZNF521,0.547594416,0.962966388
ENSG00000107643,MAPK8,0.547778673,0.963131749
ENSG00000164305,CASP3,0.54780574,0.963131749
ENSG00000188529,SRSF10,0.547932949,0.963252283
ENSG00000142611,PRDM16,0.54803077,0.963321132
ENSG00000259802,.,0.548328687,0.963720391
ENSG00000185668,POU3F1,0.54837527,0.963720391
ENSG00000135249,RINT1,0.54843533,0.963722814
ENSG00000146001,PCDHB18,0.548595109,0.963900448
ENSG00000120675,DNAJC15,0.548679945,0.963946378
ENSG00000174460,ZCCHC12,0.548768653,0.9639991
ENSG00000188582,PAQR9,0.548857054,0.964051273
ENSG00000260918,.,0.548923513,0.964064898
ENSG00000188747,NOXA1,0.549108129,0.964081105
ENSG00000106546,AHR,0.54921804,0.964081105
ENSG00000142002,DPP9,0.549287767,0.964081105
ENSG00000166863,TAC3,0.549310776,0.964081105
ENSG00000062096,ARSF,0.549398103,0.964081105
ENSG00000236700,.,0.549733868,0.964081105
ENSG00000266045,.,0.549803271,0.964081105
ENSG00000104885,DOT1L,0.549838395,0.964081105
ENSG00000182463,TSHZ2,0.5498506,0.964081105
ENSG00000144366,GULP1,0.549935472,0.964081105
ENSG00000256391,SDIM1,0.54997669,0.964081105
ENSG00000173163,COMMD1,0.550007568,0.964081105
ENSG00000137171,KLC4,0.550120215,0.964081105
ENSG00000236816,ANKRD20A7P,0.550132164,0.964081105
ENSG00000114646,CSPG5,0.550143284,0.964081105
ENSG00000182901,RGS7,0.550195093,0.964081105
ENSG00000100626,GALNTL1,0.550236916,0.964081105
ENSG00000116132,PRRX1,0.550268824,0.964081105
ENSG00000214402,LCNL1,0.550309881,0.964081105
ENSG00000100372,SLC25A17,0.550427311,0.964081105
ENSG00000091831,ESR1,0.550564826,0.964081105
ENSG00000204252,HLA-DOA,0.550664663,0.964081105
ENSG00000136167,LCP1,0.55068894,0.964081105
ENSG00000147256,ARHGAP36,0.550765133,0.964081105
ENSG00000137672,TRPC6,0.550872576,0.964081105
ENSG00000225135,.,0.5509295,0.964081105
ENSG00000139636,LMBR1L,0.550951388,0.964081105
ENSG00000147853,AK3,0.550963193,0.964081105
ENSG00000129295,LRRC6,0.551083491,0.964081105
ENSG00000162783,IER5,0.551147431,0.964081105
ENSG00000234978,.,0.551248019,0.964081105
ENSG00000006831,ADIPOR2,0.551302034,0.964081105
ENSG00000146067,FAM193B,0.551310257,0.964081105
ENSG00000134532,SOX5,0.55131188,0.964081105
ENSG00000103066,PLA2G15,0.551313231,0.964081105
ENSG00000047230,CTPS2,0.551396924,0.964081105
ENSG00000011600,TYROBP,0.551568529,0.964081105
ENSG00000065989,PDE4A,0.55158199,0.964081105
ENSG00000089177,KIF16B,0.551678506,0.964081105
ENSG00000075856,SART3,0.551771009,0.964081105
ENSG00000173456,RNF26,0.551818174,0.964081105
ENSG00000145982,FARS2,0.551829659,0.964081105
ENSG00000138175,ARL3,0.551920349,0.964081105
ENSG00000140488,CELF6,0.551924615,0.964081105
ENSG00000267034,.,0.551955647,0.964081105
ENSG00000135625,EGR4,0.552074698,0.964081105
ENSG00000169181,GSG1L,0.552084956,0.964081105
ENSG00000180992,MRPL14,0.552528676,0.964081105
ENSG00000125821,DTD1,0.552631144,0.964081105
ENSG00000131873,CHSY1,0.552710535,0.964081105
ENSG00000138685,FGF2,0.552887322,0.964081105
ENSG00000161681,SHANK1,0.553005881,0.964081105
ENSG00000149600,COMMD7,0.553012687,0.964081105
ENSG00000105321,CCDC9,0.553033143,0.964081105
ENSG00000049618,ARID1B,0.553214983,0.964081105
ENSG00000260942,.,0.553466955,0.964081105
ENSG00000137880,GCHFR,0.553494344,0.964081105
ENSG00000104549,SQLE,0.553595247,0.964081105
ENSG00000221838,AP4M1,0.553616906,0.964081105
ENSG00000169271,HSPB3,0.553627632,0.964081105
ENSG00000261490,.,0.553679902,0.964081105
ENSG00000217488,.,0.553695848,0.964081105
ENSG00000222011,FAM185A,0.553755108,0.964081105
ENSG00000264098,.,0.553804578,0.964081105
ENSG00000072958,AP1M1,0.553818924,0.964081105
ENSG00000168077,SCARA3,0.55389584,0.964081105
ENSG00000260495,.,0.553932226,0.964081105
ENSG00000136938,ANP32B,0.554170296,0.964081105
ENSG00000184319,.,0.554216464,0.964081105
ENSG00000162601,MYSM1,0.554253446,0.964081105
ENSG00000052126,PLEKHA5,0.55437519,0.964081105
ENSG00000159871,LYPD5,0.554409281,0.964081105
ENSG00000170629,DPY19L2P2,0.554494262,0.964081105
ENSG00000180329,CCDC43,0.554515614,0.964081105
ENSG00000259943,.,0.554669482,0.964081105
ENSG00000171903,CYP4F11,0.554690899,0.964081105
ENSG00000169075,BRD7P3,0.554742651,0.964081105
ENSG00000156475,PPP2R2B,0.554972348,0.964081105
ENSG00000198089,SFI1,0.554980844,0.964081105
ENSG00000248485,PCP4L1,0.555035133,0.964081105
ENSG00000141424,SLC39A6,0.555039592,0.964081105
ENSG00000204172,AGAP10,0.555128947,0.964081105
ENSG00000162188,GNG3,0.55514047,0.964081105
ENSG00000176225,RTTN,0.555195977,0.964081105
ENSG00000233016,SNHG7,0.55525752,0.964081105
ENSG00000170473,WIBG,0.555262402,0.964081105
ENSG00000168785,TSPAN5,0.555334689,0.964081105
ENSG00000232573,RPL3P4,0.555335542,0.964081105
ENSG00000196600,SLC22A25,0.555349417,0.964081105
ENSG00000182473,EXOC7,0.555431699,0.964081105
ENSG00000248932,.,0.55558487,0.964081105
ENSG00000089063,TMEM230,0.555745322,0.964081105
ENSG00000188707,C7orf29,0.555754463,0.964081105
ENSG00000102057,KCND1,0.555764573,0.964081105
ENSG00000258590,NBEAP1,0.555809208,0.964081105
ENSG00000233280,.,0.555818355,0.964081105
ENSG00000154640,BTG3,0.555827408,0.964081105
ENSG00000172409,CLP1,0.555867332,0.964081105
ENSG00000007376,RPUSD1,0.555987888,0.964081105
ENSG00000251143,.,0.556010509,0.964081105
ENSG00000165338,HECTD2,0.556247686,0.964081105
ENSG00000109436,TBC1D9,0.556447794,0.964081105
ENSG00000153982,GDPD1,0.556523655,0.964081105
ENSG00000158669,AGPAT6,0.556548763,0.964081105
ENSG00000108854,SMURF2,0.556559084,0.964081105
ENSG00000187323,DCC,0.556570815,0.964081105
ENSG00000077782,FGFR1,0.556575947,0.964081105
ENSG00000132376,INPP5K,0.556587879,0.964081105
ENSG00000268852,.,0.556633477,0.964081105
ENSG00000163702,IL17RC,0.556648275,0.964081105
ENSG00000117477,C1orf114,0.556723567,0.964081105
ENSG00000158258,CLSTN2,0.556779971,0.964081105
ENSG00000147099,HDAC8,0.556822616,0.964081105
ENSG00000184863,RBM33,0.556902528,0.964081105
ENSG00000164068,RNF123,0.556907174,0.964081105
ENSG00000076554,TPD52,0.556932592,0.964081105
ENSG00000156928,MALSU1,0.556985151,0.964081105
ENSG00000170903,MSANTD4,0.55705222,0.964081105
ENSG00000187556,NANOS3,0.557298998,0.964081105
ENSG00000173372,C1QA,0.557468062,0.964081105
ENSG00000196189,SEMA4A,0.557473703,0.964081105
ENSG00000160007,ARHGAP35,0.557510198,0.964081105
ENSG00000144591,GMPPA,0.55751613,0.964081105
ENSG00000142544,CTU1,0.557552948,0.964081105
ENSG00000250067,YJEFN3,0.557711371,0.964081105
ENSG00000111725,PRKAB1,0.557791408,0.964081105
ENSG00000100601,ALKBH1,0.557925268,0.964081105
ENSG00000257647,.,0.558099132,0.964081105
ENSG00000138231,DBR1,0.558099721,0.964081105
ENSG00000168924,LETM1,0.558121389,0.964081105
ENSG00000181007,ZFP82,0.558319644,0.964081105
ENSG00000129654,FOXJ1,0.55832471,0.964081105
ENSG00000179698,KIAA1875,0.558346129,0.964081105
ENSG00000131773,KHDRBS3,0.55838591,0.964081105
ENSG00000221823,PPP3R1,0.558391733,0.964081105
ENSG00000087111,PIGS,0.558414226,0.964081105
ENSG00000142192,APP,0.558427732,0.964081105
ENSG00000171861,RNMTL1,0.558433329,0.964081105
ENSG00000137312,FLOT1,0.558576058,0.964081105
ENSG00000154864,PIEZO2,0.55857747,0.964081105
ENSG00000118496,FBXO30,0.558633713,0.964081105
ENSG00000248835,.,0.558669103,0.964081105
ENSG00000203832,NBPF20,0.558774017,0.964081105
ENSG00000049323,LTBP1,0.558782308,0.964081105
ENSG00000249436,.,0.558824848,0.964081105
ENSG00000072864,NDE1,0.55886434,0.964081105
ENSG00000169246,NPIPL3,0.558902984,0.964081105
ENSG00000177706,FAM20C,0.558917895,0.964081105
ENSG00000253771,TPTE2P1,0.559076455,0.964081105
ENSG00000167920,TMEM99,0.559107948,0.964081105
ENSG00000164659,KIAA1324L,0.559164192,0.964081105
ENSG00000131941,RHPN2,0.559416084,0.964081105
ENSG00000134463,ECHDC3,0.559452785,0.964081105
ENSG00000136807,CDK9,0.559534729,0.964081105
ENSG00000135775,COG2,0.559547734,0.964081105
ENSG00000127325,BEST3,0.559557615,0.964081105
ENSG00000136111,TBC1D4,0.55959478,0.964081105
ENSG00000138660,AP1AR,0.559596503,0.964081105
ENSG00000197093,GAL3ST4,0.559659351,0.964081105
ENSG00000147162,OGT,0.559675537,0.964081105
ENSG00000165113,GKAP1,0.559688584,0.964081105
ENSG00000162613,FUBP1,0.559872349,0.964081105
ENSG00000221947,XKR9,0.559874396,0.964081105
ENSG00000066629,EML1,0.559946479,0.964081105
ENSG00000122862,SRGN,0.559969061,0.964081105
ENSG00000156587,UBE2L6,0.559969145,0.964081105
ENSG00000227640,SOX21-AS1,0.560021572,0.964081105
ENSG00000198001,IRAK4,0.560050491,0.964081105
ENSG00000163001,CCDC104,0.560095312,0.964081105
ENSG00000171574,ZNF584,0.560103403,0.964081105
ENSG00000144857,BOC,0.560107237,0.964081105
ENSG00000173530,TNFRSF10D,0.560138494,0.964081105
ENSG00000267361,.,0.560143926,0.964081105
ENSG00000171303,KCNK3,0.56031625,0.964081105
ENSG00000089009,RPL6,0.560387868,0.964081105
ENSG00000073050,XRCC1,0.560416312,0.964081105
ENSG00000185515,BRCC3,0.560452424,0.964081105
ENSG00000150401,DCUN1D2,0.560542249,0.964081105
ENSG00000261716,.,0.560602206,0.964081105
ENSG00000152332,UHMK1,0.560655761,0.964081105
ENSG00000196172,ZNF681,0.560802486,0.964081105
ENSG00000235609,.,0.560833195,0.964081105
ENSG00000145623,OSMR,0.560845906,0.964081105
ENSG00000152380,FAM151B,0.560990546,0.964081105
ENSG00000172977,KAT5,0.561044101,0.964081105
ENSG00000149131,SERPING1,0.561091796,0.964081105
ENSG00000143398,PIP5K1A,0.561130241,0.964081105
ENSG00000237491,.,0.561210032,0.964081105
ENSG00000197223,C1D,0.561216719,0.964081105
ENSG00000242193,.,0.561258509,0.964081105
ENSG00000156261,CCT8,0.561437201,0.964081105
ENSG00000165300,SLITRK5,0.561473177,0.964081105
ENSG00000170584,NUDCD2,0.561489185,0.964081105
ENSG00000138769,CDKL2,0.561511748,0.964081105
ENSG00000103591,AAGAB,0.561529162,0.964081105
ENSG00000167384,ZNF180,0.561537993,0.964081105
ENSG00000228327,.,0.561602369,0.964081105
ENSG00000108389,MTMR4,0.561614744,0.964081105
ENSG00000159164,SV2A,0.561752566,0.964081105
ENSG00000134490,TMEM241,0.561762187,0.964081105
ENSG00000213920,MDP1,0.56177154,0.964081105
ENSG00000174748,RPL15,0.561787496,0.964081105
ENSG00000260396,.,0.561886242,0.964081105
ENSG00000240935,PLGLA,0.56195748,0.964081105
ENSG00000068654,POLR1A,0.562226736,0.964081105
ENSG00000257433,.,0.562278138,0.964081105
ENSG00000163932,PRKCD,0.562543603,0.964081105
ENSG00000261652,.,0.562562487,0.964081105
ENSG00000123243,ITIH5,0.562668001,0.964081105
ENSG00000101190,TCFL5,0.562816701,0.964081105
ENSG00000164587,RPS14,0.562846531,0.964081105
ENSG00000125378,BMP4,0.56308951,0.964081105
ENSG00000176563,CNTD1,0.563370253,0.964081105
ENSG00000102543,CDADC1,0.563423239,0.964081105
ENSG00000114030,KPNA1,0.563478157,0.964081105
ENSG00000120051,CCDC147,0.563499576,0.964081105
ENSG00000169155,ZBTB43,0.56351829,0.964081105
ENSG00000107984,DKK1,0.563535479,0.964081105
ENSG00000185551,NR2F2,0.563538732,0.964081105
ENSG00000166963,MAP1A,0.56366642,0.964081105
ENSG00000111845,PAK1IP1,0.563667363,0.964081105
ENSG00000121417,ZNF211,0.563765735,0.964081105
ENSG00000160223,ICOSLG,0.563802169,0.964081105
ENSG00000028116,VRK2,0.563808967,0.964081105
ENSG00000164494,PDSS2,0.563835177,0.964081105
ENSG00000120322,PCDHB8,0.563844146,0.964081105
ENSG00000203667,COX20,0.563983143,0.964081105
ENSG00000042980,ADAM28,0.564020177,0.964081105
ENSG00000269834,.,0.564133789,0.964081105
ENSG00000136715,SAP130,0.56419835,0.964081105
ENSG00000254440,PBOV1,0.564200927,0.964081105
ENSG00000175463,TBC1D10C,0.564290328,0.964081105
ENSG00000225119,.,0.564310146,0.964081105
ENSG00000130881,LRP3,0.564313858,0.964081105
ENSG00000157557,ETS2,0.564351566,0.964081105
ENSG00000067177,PHKA1,0.564418104,0.964081105
ENSG00000135945,REV1,0.564433419,0.964081105
ENSG00000143368,SF3B4,0.564537806,0.964081105
ENSG00000126705,AHDC1,0.564547401,0.964081105
ENSG00000139832,RAB20,0.564753867,0.964081105
ENSG00000104660,LEPROTL1,0.56479958,0.964081105
ENSG00000163946,FAM208A,0.564901326,0.964081105
ENSG00000261340,.,0.564918558,0.964081105
ENSG00000223403,MEG9,0.564991162,0.964081105
ENSG00000178234,GALNT11,0.565018294,0.964081105
ENSG00000088854,C20orf194,0.565179746,0.964081105
ENSG00000258044,.,0.565232274,0.964081105
ENSG00000119689,DLST,0.565564179,0.964081105
ENSG00000167562,ZNF701,0.565620292,0.964081105
ENSG00000125753,VASP,0.565634201,0.964081105
ENSG00000147439,BIN3,0.565796863,0.964081105
ENSG00000161203,AP2M1,0.565826227,0.964081105
ENSG00000131002,TXLNG2P,0.565888032,0.964081105
ENSG00000100439,ABHD4,0.56589839,0.964081105
ENSG00000247157,.,0.565956411,0.964081105
ENSG00000239521,GATS,0.5660505,0.964081105
ENSG00000261037,.,0.566082387,0.964081105
ENSG00000231615,.,0.566086015,0.964081105
ENSG00000257467,.,0.566152608,0.964081105
ENSG00000121933,ADORA3,0.566225327,0.964081105
ENSG00000241278,.,0.566285618,0.964081105
ENSG00000188185,LINC00265,0.566341919,0.964081105
ENSG00000121851,POLR3GL,0.566354052,0.964081105
ENSG00000111602,TIMELESS,0.566404306,0.964081105
ENSG00000133627,ACTR3B,0.566414363,0.964081105
ENSG00000043591,ADRB1,0.566481046,0.964081105
ENSG00000157353,FUK,0.56656598,0.964081105
ENSG00000113319,RASGRF2,0.566613523,0.964081105
ENSG00000213888,.,0.566620809,0.964081105
ENSG00000151006,PRSS53,0.566651151,0.964081105
ENSG00000175691,ZNF77,0.566841743,0.964081105
ENSG00000144043,TEX261,0.566859551,0.964081105
ENSG00000172081,MOB3A,0.566934247,0.964081105
ENSG00000102054,RBBP7,0.566939424,0.964081105
ENSG00000064199,SPA17,0.567021157,0.964081105
ENSG00000068912,ERLEC1,0.567085965,0.964081105
ENSG00000165474,GJB2,0.567134846,0.964081105
ENSG00000197208,SLC22A4,0.567143276,0.964081105
ENSG00000120334,CENPL,0.567167923,0.964081105
ENSG00000133106,EPSTI1,0.567320026,0.964081105
ENSG00000162458,FBLIM1,0.567444137,0.964081105
ENSG00000158865,SLC5A11,0.567480269,0.964081105
ENSG00000149090,PAMR1,0.567483253,0.964081105
ENSG00000125845,BMP2,0.567511154,0.964081105
ENSG00000141753,IGFBP4,0.567513444,0.964081105
ENSG00000170365,SMAD1,0.567653406,0.964081105
ENSG00000186716,BCR,0.567675062,0.964081105
ENSG00000047056,WDR37,0.56771814,0.964081105
ENSG00000100429,HDAC10,0.567720578,0.964081105
ENSG00000188559,RALGAPA2,0.567817125,0.964081105
ENSG00000259158,ADAM20P1,0.567912814,0.964081105
ENSG00000106772,PRUNE2,0.56791458,0.964081105
ENSG00000166135,HIF1AN,0.567919486,0.964081105
ENSG00000131127,ZNF141,0.567920089,0.964081105
ENSG00000196976,LAGE3,0.568039298,0.964081105
ENSG00000119912,IDE,0.568056654,0.964081105
ENSG00000234383,.,0.568095053,0.964081105
ENSG00000082068,WDR70,0.568098999,0.964081105
ENSG00000239415,.,0.568122183,0.964081105
ENSG00000072163,LIMS2,0.568133064,0.964081105
ENSG00000058272,PPP1R12A,0.568171653,0.964081105
ENSG00000129347,KRI1,0.568186499,0.964081105
ENSG00000198520,C1orf228,0.56820454,0.964081105
ENSG00000115568,ZNF142,0.568217409,0.964081105
ENSG00000144895,EIF2A,0.568221872,0.964081105
ENSG00000131871,VIMP,0.568229716,0.964081105
ENSG00000241231,.,0.568274043,0.964081105
ENSG00000120699,EXOSC8,0.568387218,0.964081105
ENSG00000197937,ZNF347,0.568400628,0.964081105
ENSG00000130783,CCDC62,0.568443416,0.964081105
ENSG00000267665,.,0.568539385,0.964081105
ENSG00000260630,SNAI3-AS1,0.56854952,0.964081105
ENSG00000056558,TRAF1,0.568557266,0.964081105
ENSG00000241343,RPL36A,0.568571517,0.964081105
ENSG00000164713,BRI3,0.568652502,0.964081105
ENSG00000198420,FAM115A,0.568739053,0.964081105
ENSG00000138614,VWA9,0.568802576,0.964081105
ENSG00000170310,STX8,0.568802803,0.964081105
ENSG00000171105,INSR,0.568832755,0.964081105
ENSG00000157502,MUM1L1,0.56892661,0.964081105
ENSG00000167315,ACAA2,0.569061534,0.964081105
ENSG00000152894,PTPRK,0.569151613,0.964081105
ENSG00000165164,CXorf22,0.569220083,0.964081105
ENSG00000170571,EMB,0.569352714,0.964081105
ENSG00000232995,.,0.569374369,0.964081105
ENSG00000105135,ILVBL,0.569407539,0.964081105
ENSG00000170379,FAM115C,0.569420264,0.964081105
ENSG00000175395,ZNF25,0.569480291,0.964081105
ENSG00000197852,FAM212B,0.569582703,0.964081105
ENSG00000162753,SLC9C2,0.569598907,0.964081105
ENSG00000101542,CDH20,0.569624584,0.964081105
ENSG00000116095,PLEKHA3,0.569682933,0.964081105
ENSG00000144036,EXOC6B,0.569690355,0.964081105
ENSG00000244558,.,0.569709356,0.964081105
ENSG00000047249,ATP6V1H,0.569750629,0.964081105
ENSG00000163811,WDR43,0.569770076,0.964081105
ENSG00000139370,SLC15A4,0.569780633,0.964081105
ENSG00000162813,BPNT1,0.569787168,0.964081105
ENSG00000163319,MRPS18C,0.569823171,0.964081105
ENSG00000136122,BORA,0.569852902,0.964081105
ENSG00000185986,SDHAP3,0.569896729,0.964081105
ENSG00000242574,HLA-DMB,0.569914809,0.964081105
ENSG00000267410,.,0.569923545,0.964081105
ENSG00000136492,BRIP1,0.569937523,0.964081105
ENSG00000249709,ZNF564,0.569981237,0.964081105
ENSG00000169282,KCNAB1,0.569992553,0.964081105
ENSG00000112137,PHACTR1,0.570017415,0.964081105
ENSG00000130717,UCK1,0.570058951,0.964081105
ENSG00000137947,GTF2B,0.570059498,0.964081105
ENSG00000138669,PRKG2,0.570061392,0.964081105
ENSG00000234327,.,0.570152234,0.964081105
ENSG00000085365,SCAMP1,0.570247752,0.964081105
ENSG00000226091,.,0.570335326,0.964081105
ENSG00000139746,RBM26,0.570522272,0.964081105
ENSG00000155640,C10orf12,0.570647778,0.964081105
ENSG00000143458,GABPB2,0.570698347,0.964081105
ENSG00000163428,LRRC58,0.570711387,0.964081105
ENSG00000107593,PKD2L1,0.570717743,0.964081105
ENSG00000187801,ZNF643,0.570718746,0.964081105
ENSG00000178033,FAM26E,0.570729976,0.964081105
ENSG00000255408,PCDHA3,0.570752067,0.964081105
ENSG00000182093,WRB,0.570866659,0.964081105
ENSG00000112276,BVES,0.570957811,0.964081105
ENSG00000151067,CACNA1C,0.570980777,0.964081105
ENSG00000188629,ZNF177;ZNF559-ZNF177,0.571011795,0.964081105
ENSG00000095321,CRAT,0.571114003,0.964081105
ENSG00000206195,.,0.571121817,0.964081105
ENSG00000165548,TMEM63C,0.571161681,0.964081105
ENSG00000146247,PHIP,0.571204914,0.964081105
ENSG00000168135,KCNJ4,0.571253021,0.964081105
ENSG00000168763,CNNM3,0.571302361,0.964081105
ENSG00000174243,DDX23,0.571343281,0.964081105
ENSG00000268687,.,0.571362826,0.964081105
ENSG00000171532,NEUROD2,0.571466976,0.964081105
ENSG00000087266,SH3BP2,0.571543975,0.964081105
ENSG00000104774,MAN2B1,0.571669222,0.964081105
ENSG00000164010,ERMAP,0.571717333,0.964081105
ENSG00000204435,CSNK2B,0.571757325,0.964081105
ENSG00000175229,GAL3ST3,0.571780863,0.964081105
ENSG00000043143,PHF15,0.571883228,0.964081105
ENSG00000196787,HIST1H2AG,0.572007858,0.964081105
ENSG00000117450,PRDX1,0.572107798,0.964081105
ENSG00000129282,MRM1,0.572113085,0.964081105
ENSG00000111790,FGFR1OP2,0.572133023,0.964081105
ENSG00000178449,COX14,0.572159355,0.964081105
ENSG00000133519,ZDHHC8P1,0.572172116,0.964081105
ENSG00000101928,MOSPD1,0.572257243,0.964081105
ENSG00000244249,.,0.572267424,0.964081105
ENSG00000198843,.,0.572272167,0.964081105
ENSG00000188760,TMEM198,0.572322557,0.964081105
ENSG00000257056,.,0.572358812,0.964081105
ENSG00000230982,DSTNP1,0.572541116,0.964081105
ENSG00000140650,PMM2,0.572599081,0.964081105
ENSG00000145833,DDX46,0.572662694,0.964081105
ENSG00000105607,GCDH,0.572674003,0.964081105
ENSG00000176788,BASP1,0.572825884,0.964081105
ENSG00000236609,ZNF853,0.572870135,0.964081105
ENSG00000168481,LGI3,0.572871326,0.964081105
ENSG00000144730,IL17RD,0.572942434,0.964081105
ENSG00000188997,KCTD21,0.572963909,0.964081105
ENSG00000261188,.,0.573030284,0.964081105
ENSG00000259295,.,0.573127136,0.964081105
ENSG00000068724,TTC7A,0.573149357,0.964081105
ENSG00000117600,.,0.573245468,0.964081105
ENSG00000099194,SCD,0.573323801,0.964081105
ENSG00000196735,HLA-DQA1,0.573463118,0.964081105
ENSG00000125637,PSD4,0.573503297,0.964081105
ENSG00000172456,FGGY,0.573513762,0.964081105
ENSG00000084073,ZMPSTE24,0.573534567,0.964081105
ENSG00000182378,PLCXD1,0.57357016,0.964081105
ENSG00000206145,P2RX6P,0.573570628,0.964081105
ENSG00000145687,SSBP2,0.573737845,0.964081105
ENSG00000070010,UFD1L,0.573793382,0.964081105
ENSG00000134121,CHL1,0.573795251,0.964081105
ENSG00000130758,MAP3K10,0.573854498,0.964081105
ENSG00000204209,DAXX,0.573943403,0.964081105
ENSG00000164574,GALNT10,0.573956591,0.964081105
ENSG00000198873,GRK5,0.574031369,0.964081105
ENSG00000105072,C19orf44,0.57404993,0.964081105
ENSG00000102984,ZNF821,0.574133876,0.964081105
ENSG00000234224,TMEM229A,0.574138635,0.964081105
ENSG00000108797,CNTNAP1,0.574167009,0.964081105
ENSG00000198732,SMOC1,0.57421631,0.964081105
ENSG00000214300,SPDYE3,0.574292786,0.964081105
ENSG00000105329,TGFB1,0.574328595,0.964081105
ENSG00000076650,GPATCH1,0.574368887,0.964081105
ENSG00000198155,ZNF876P,0.574518279,0.964081105
ENSG00000148672,GLUD1,0.574523801,0.964081105
ENSG00000019144,PHLDB1,0.574557006,0.964081105
ENSG00000179304,FAM156B,0.574781501,0.964081105
ENSG00000177192,PUS1,0.57479467,0.964081105
ENSG00000167004,PDIA3,0.574876828,0.964081105
ENSG00000100181,TPTEP1,0.574982048,0.964081105
ENSG00000158792,SPATA2L,0.575159492,0.964081105
ENSG00000166532,RIMKLB,0.575196984,0.964081105
ENSG00000135740,SLC9A5,0.575398935,0.964081105
ENSG00000008513,ST3GAL1,0.575445412,0.964081105
ENSG00000008869,HEATR5B,0.575472519,0.964081105
ENSG00000171703,TCEA2,0.575498837,0.964081105
ENSG00000166401,SERPINB8,0.575617166,0.964081105
ENSG00000164112,TMEM155,0.575674707,0.964081105
ENSG00000176171,BNIP3,0.575683461,0.964081105
ENSG00000220205,VAMP2,0.575733356,0.964081105
ENSG00000183401,CCDC159,0.575772327,0.964081105
ENSG00000179981,TSHZ1,0.575813587,0.964081105
ENSG00000171291,ZNF439,0.575831636,0.964081105
ENSG00000164430,MB21D1,0.575854559,0.964081105
ENSG00000256683,ZNF350,0.575896773,0.964081105
ENSG00000064547,LPAR2,0.575922764,0.964081105
ENSG00000168477,TNXB,0.57595158,0.964081105
ENSG00000112304,ACOT13,0.576003762,0.964081105
ENSG00000108784,NAGLU,0.576072144,0.964081105
ENSG00000135324,MRAP2,0.576157106,0.964081105
ENSG00000151247,EIF4E,0.576268104,0.964081105
ENSG00000076513,ANKRD13A,0.576282348,0.964081105
ENSG00000168385,SEPT2,0.576445534,0.964081105
ENSG00000187790,FANCM,0.576449188,0.964081105
ENSG00000103942,HOMER2,0.576535326,0.964081105
ENSG00000154518,ATP5G3,0.576548219,0.964081105
ENSG00000244313,.,0.576577804,0.964081105
ENSG00000215218,UBE2QL1,0.576590618,0.964081105
ENSG00000113721,PDGFRB,0.576590804,0.964081105
ENSG00000006125,AP2B1,0.576670905,0.964081105
ENSG00000140382,HMG20A,0.576688538,0.964081105
ENSG00000113578,FGF1,0.576707093,0.964081105
ENSG00000142082,SIRT3,0.576805401,0.964081105
ENSG00000213424,KRT222,0.576812354,0.964081105
ENSG00000185347,C14orf80,0.576869853,0.964081105
ENSG00000163867,ZMYM6,0.576896323,0.964081105
ENSG00000266777,SH3GL1P1,0.576901608,0.964081105
ENSG00000266805,.,0.576906336,0.964081105
ENSG00000230894,.,0.576974441,0.964081105
ENSG00000088038,CNOT3,0.576987123,0.964081105
ENSG00000231340,ACTG1P10,0.577190992,0.964081105
ENSG00000196313,POM121,0.577408847,0.964081105
ENSG00000160813,PPP1R35,0.577481455,0.964081105
ENSG00000176261,ZBTB8OS,0.577515239,0.964081105
ENSG00000214652,.,0.577551466,0.964081105
ENSG00000221869,CEBPD,0.577578546,0.964081105
ENSG00000198216,CACNA1E,0.577615783,0.964081105
ENSG00000100218,RTDR1,0.577638401,0.964081105
ENSG00000224490,.,0.577727489,0.964081105
ENSG00000008226,DLEC1,0.577774194,0.964081105
ENSG00000139508,SLC46A3,0.577855502,0.964081105
ENSG00000181523,SGSH,0.577864554,0.964081105
ENSG00000101888,NXT2,0.57790609,0.964081105
ENSG00000103657,HERC1,0.577906966,0.964081105
ENSG00000258274,.,0.577910745,0.964081105
ENSG00000213903,LTB4R,0.577958161,0.964081105
ENSG00000100490,CDKL1,0.578000101,0.964081105
ENSG00000205930,C21orf49,0.578064176,0.964081105
ENSG00000127824,TUBA4A,0.578119987,0.964081105
ENSG00000244486,SCARF2,0.578122455,0.964081105
ENSG00000173068,BNC2,0.578132798,0.964081105
ENSG00000162337,LRP5,0.578156144,0.964081105
ENSG00000113387,SUB1,0.578219889,0.964081105
ENSG00000125352,RNF113A,0.578278669,0.964081105
ENSG00000176165,FOXG1,0.578411975,0.964081105
ENSG00000262944,.,0.578484927,0.964081105
ENSG00000135312,HTR1B,0.578495654,0.964081105
ENSG00000185250,PPIL6,0.578615441,0.964081105
ENSG00000111846,GCNT2,0.578808517,0.964081105
ENSG00000184154,LRTOMT,0.578809299,0.964081105
ENSG00000186439,TRDN,0.57882812,0.964081105
ENSG00000161682,FAM171A2,0.578926983,0.964081105
ENSG00000108561,C1QBP,0.578978265,0.964081105
ENSG00000162231,NXF1,0.578995614,0.964081105
ENSG00000134283,PPHLN1,0.579102738,0.964081105
ENSG00000131778,CHD1L,0.579193053,0.964081105
ENSG00000267107,.,0.579216411,0.964081105
ENSG00000137309,HMGA1,0.579216994,0.964081105
ENSG00000134853,PDGFRA,0.579218251,0.964081105
ENSG00000164172,MOCS2,0.579286081,0.964081105
ENSG00000106013,ANKRD7,0.579311462,0.964081105
ENSG00000170745,KCNS3,0.579367489,0.964081105
ENSG00000050748,MAPK9,0.579378116,0.964081105
ENSG00000171051,FPR1,0.579395942,0.964081105
ENSG00000137221,TJAP1,0.579422025,0.964081105
ENSG00000124749,COL21A1,0.579426026,0.964081105
ENSG00000169826,CSGALNACT2,0.579458356,0.964081105
ENSG00000067066,SP100,0.579575626,0.964178535
ENSG00000174125,TLR1,0.579710205,0.964260611
ENSG00000184831,APOO,0.579789327,0.964260611
ENSG00000257913,.,0.579801999,0.964260611
ENSG00000226887,ERVMER34-1,0.579900836,0.964260611
ENSG00000138796,HADH,0.579918532,0.964260611
ENSG00000161011,SQSTM1,0.580079888,0.96437458
ENSG00000138459,SLC35A5,0.580276282,0.96437458
ENSG00000161847,RAVER1,0.580319147,0.96437458
ENSG00000262074,.,0.580321836,0.96437458
ENSG00000183087,GAS6,0.580361584,0.96437458
ENSG00000233508,.,0.580371607,0.96437458
ENSG00000105058,FAM32A,0.580398121,0.96437458
ENSG00000119487,MAPKAP1,0.58046595,0.964389711
ENSG00000203950,FAM127B,0.58058486,0.96441119
ENSG00000100138,NHP2L1,0.580664263,0.96441119
ENSG00000197136,PCNXL3,0.58076973,0.96441119
ENSG00000103126,AXIN1,0.580770392,0.96441119
ENSG00000138829,FBN2,0.580792189,0.96441119
ENSG00000261584,.,0.580879786,0.96441119
ENSG00000169738,DCXR,0.580899172,0.96441119
ENSG00000184719,RNLS,0.581005641,0.96441119
ENSG00000126883,NUP214,0.581062441,0.96441119
ENSG00000149257,SERPINH1,0.581072894,0.96441119
ENSG00000139133,ALG10,0.581124833,0.96441119
ENSG00000196072,BLOC1S2,0.58138739,0.96474943
ENSG00000259248,.,0.581530387,0.964825519
ENSG00000005469,CROT,0.581568096,0.964825519
ENSG00000132669,RIN2,0.581609489,0.964825519
ENSG00000160999,SH2B2,0.581734177,0.96485858
ENSG00000100038,TOP3B,0.58174692,0.96485858
ENSG00000095015,MAP3K1,0.581834767,0.964906834
ENSG00000224470,ATXN1L,0.581979786,0.965041341
ENSG00000219016,.,0.582047532,0.965041341
ENSG00000174194,AGAP8,0.582092159,0.965041341
ENSG00000130764,LRRC47,0.582177667,0.965053376
ENSG00000068120,COASY,0.582216943,0.965053376
ENSG00000189159,HN1,0.582612811,0.965330314
ENSG00000156471,PTDSS1,0.582624342,0.965330314
ENSG00000170786,SDR16C5,0.582638386,0.965330314
ENSG00000113763,UNC5A,0.582641597,0.965330314
ENSG00000165801,ARHGEF40,0.582691384,0.965330314
ENSG00000111186,WNT5B,0.582758852,0.965330314
ENSG00000134758,RNF138,0.582829802,0.965330314
ENSG00000136274,NACAD,0.582854253,0.965330314
ENSG00000132481,TRIM47,0.582974391,0.965431927
ENSG00000109654,TRIM2,0.583088221,0.965477469
ENSG00000267673,FDX1L,0.583119467,0.965477469
ENSG00000170364,SETMAR,0.583281205,0.965603874
ENSG00000204261,.,0.583313404,0.965603874
ENSG00000132964,CDK8,0.583535083,0.965688934
ENSG00000188649,CC2D2B,0.583555773,0.965688934
ENSG00000163959,SLC51A,0.583682505,0.965688934
ENSG00000136895,GARNL3,0.583716361,0.965688934
ENSG00000054219,LY75,0.58378202,0.965688934
ENSG00000103489,XYLT1,0.583793971,0.965688934
ENSG00000172349,IL16,0.583858399,0.965688934
ENSG00000068697,LAPTM4A,0.583879209,0.965688934
ENSG00000006468,ETV1,0.583913041,0.965688934
ENSG00000244556,.,0.583952798,0.965688934
ENSG00000174483,BBS1,0.584287431,0.966099638
ENSG00000119616,FCF1,0.584390739,0.966099638
ENSG00000184371,CSF1,0.584427662,0.966099638
ENSG00000058729,RIOK2,0.584455427,0.966099638
ENSG00000135503,ACVR1B,0.584562121,0.966099638
ENSG00000173930,SLCO4C1,0.584608121,0.966099638
ENSG00000213672,NCKIPSD,0.584690602,0.966099638
ENSG00000132329,RAMP1,0.584704969,0.966099638
ENSG00000168438,CDC40,0.584802138,0.966099638
ENSG00000052802,MSMO1,0.584930559,0.966099638
ENSG00000111653,ING4,0.584982636,0.966099638
ENSG00000185760,KCNQ5,0.58510266,0.966099638
ENSG00000126243,LRFN3,0.585238329,0.966099638
ENSG00000217165,ANKRD18EP,0.585284442,0.966099638
ENSG00000142197,DOPEY2,0.585442202,0.966099638
ENSG00000145703,IQGAP2,0.585442831,0.966099638
ENSG00000165861,ZFYVE1,0.585525397,0.966099638
ENSG00000260233,.,0.585646016,0.966099638
ENSG00000225302,.,0.585736559,0.966099638
ENSG00000133624,ZNF767,0.585788107,0.966099638
ENSG00000197622,CDC42SE1,0.585851909,0.966099638
ENSG00000212907,MT-ND4L,0.585874863,0.966099638
ENSG00000104976,SNAPC2,0.585903977,0.966099638
ENSG00000245750,.,0.585945287,0.966099638
ENSG00000080166,DCT,0.586109996,0.966099638
ENSG00000169676,DRD5,0.586202363,0.966099638
ENSG00000170677,SOCS6,0.586209781,0.966099638
ENSG00000102897,LYRM1,0.586243185,0.966099638
ENSG00000170852,KBTBD2,0.586257952,0.966099638
ENSG00000112893,MAN2A1,0.586495801,0.966099638
ENSG00000197114,ZGPAT,0.586539607,0.966099638
ENSG00000136485,DCAF7,0.586627097,0.966099638
ENSG00000261604,.,0.586637749,0.966099638
ENSG00000099849,RASSF7,0.586708604,0.966099638
ENSG00000213971,.,0.586748238,0.966099638
ENSG00000165209,STRBP,0.586808419,0.966099638
ENSG00000100580,TMED8,0.586857533,0.966099638
ENSG00000143815,LBR,0.58703163,0.966099638
ENSG00000198242,RPL23A,0.587117454,0.966099638
ENSG00000212670,.,0.587135778,0.966099638
ENSG00000226435,ANKRD18DP,0.587188335,0.966099638
ENSG00000109775,UFSP2,0.587222498,0.966099638
ENSG00000178988,MRFAP1L1,0.587238975,0.966099638
ENSG00000225733,FGD5-AS1,0.587257422,0.966099638
ENSG00000105696,TMEM59L,0.587281465,0.966099638
ENSG00000064012,CASP8,0.587335003,0.966099638
ENSG00000114988,LMAN2L,0.587360874,0.966099638
ENSG00000145391,SETD7,0.587419234,0.966099638
ENSG00000198339,HIST1H4I,0.58743331,0.966099638
ENSG00000109107,ALDOC,0.587492625,0.966099638
ENSG00000213023,SYT3,0.587516885,0.966099638
ENSG00000061337,LZTS1,0.587585432,0.966099638
ENSG00000162645,GBP2,0.587626706,0.966099638
ENSG00000136052,SLC41A2,0.58765204,0.966099638
ENSG00000174684,B3GNT1,0.587709069,0.966099638
ENSG00000058866,DGKG,0.587806779,0.966099638
ENSG00000135900,MRPL44,0.587878979,0.966099638
ENSG00000227839,.,0.58788029,0.966099638
ENSG00000255642,.,0.587915459,0.966099638
ENSG00000070610,GBA2,0.587924702,0.966099638
ENSG00000136932,C9orf156,0.587929956,0.966099638
ENSG00000164442,CITED2,0.587964405,0.966099638
ENSG00000167325,RRM1,0.587996686,0.966099638
ENSG00000260461,.,0.588023743,0.966099638
ENSG00000197061,HIST1H4C,0.588079862,0.966099638
ENSG00000150316,CWC15,0.588126854,0.966099638
ENSG00000198722,UNC13B,0.588192132,0.966099638
ENSG00000128891,C15orf57,0.58820132,0.966099638
ENSG00000256274,TAS2R64P,0.588363754,0.966269794
ENSG00000185053,SGCZ,0.588495731,0.966381854
ENSG00000126785,RHOJ,0.588549675,0.966381854
ENSG00000104915,STX10,0.588873552,0.966816989
ENSG00000187730,GABRD,0.588999806,0.96683876
ENSG00000142583,SLC2A5,0.589059031,0.96683876
ENSG00000136783,NIPSNAP3A,0.589166943,0.96683876
ENSG00000260549,MT1L,0.589179832,0.96683876
ENSG00000141971,FAM125A,0.589181167,0.96683876
ENSG00000157212,PAXIP1,0.589300442,0.966894228
ENSG00000203335,.,0.589332718,0.966894228
ENSG00000267121,.,0.589418413,0.966938227
ENSG00000075461,CACNG4,0.589526514,0.966971961
ENSG00000226380,.,0.589556734,0.966971961
ENSG00000123728,RAP2C,0.589681226,0.967037641
ENSG00000170775,GPR37,0.589770017,0.967037641
ENSG00000163956,LRPAP1,0.58978455,0.967037641
ENSG00000196935,SRGAP1,0.589832311,0.967037641
ENSG00000258660,.,0.589978643,0.967085474
ENSG00000167625,ZNF526,0.589979259,0.967085474
ENSG00000142065,ZFP14,0.59019562,0.967329291
ENSG00000153885,KCTD15,0.590245803,0.967329291
ENSG00000235859,.,0.59037702,0.96733325
ENSG00000169105,CHST14,0.590377364,0.96733325
ENSG00000166922,SCG5,0.590424922,0.96733325
ENSG00000188002,.,0.590522334,0.967396339
ENSG00000162722,TRIM58,0.590913784,0.96778842
ENSG00000100156,SLC16A8,0.590925024,0.96778842
ENSG00000130479,MAP1S,0.59095948,0.96778842
ENSG00000155511,GRIA1,0.591008377,0.96778842
ENSG00000242013,.,0.591093608,0.96778842
ENSG00000108272,DHRS11,0.591219133,0.96778842
ENSG00000175931,UBE2O,0.591325126,0.96778842
ENSG00000165533,TTC8,0.591340264,0.96778842
ENSG00000198712,MT-CO2,0.59140238,0.96778842
ENSG00000180251,SLC9A4,0.591578671,0.96778842
ENSG00000129682,FGF13,0.591706039,0.96778842
ENSG00000109762,SNX25,0.591721863,0.96778842
ENSG00000179091,CYC1,0.591731898,0.96778842
ENSG00000224055,GAPDHP55,0.591747211,0.96778842
ENSG00000196526,AFAP1,0.591769264,0.96778842
ENSG00000112592,TBP,0.591839381,0.96778842
ENSG00000233012,.,0.591886223,0.96778842
ENSG00000103091,WDR59,0.591908948,0.96778842
ENSG00000146587,RBAK,0.59203476,0.96778842
ENSG00000070669,ASNS,0.592072011,0.96778842
ENSG00000116885,OSCP1,0.592125049,0.96778842
ENSG00000188130,MAPK12,0.592130953,0.96778842
ENSG00000170180,GYPA,0.592195674,0.96778842
ENSG00000241860,.,0.592207017,0.96778842
ENSG00000114757,PEX5L,0.592289457,0.96778842
ENSG00000254746,.,0.592335157,0.96778842
ENSG00000137210,TMEM14B,0.592352749,0.96778842
ENSG00000188290,HES4,0.592481629,0.967841873
ENSG00000065361,ERBB3,0.59252098,0.967841873
ENSG00000112029,FBXO5,0.59260277,0.967841873
ENSG00000102100,SLC35A2,0.592621194,0.967841873
ENSG00000127334,DYRK2,0.592866342,0.968145961
ENSG00000121858,TNFSF10,0.592943356,0.968175456
ENSG00000140575,IQGAP1,0.593040896,0.968202297
ENSG00000125676,THOC2,0.59311872,0.968202297
ENSG00000131591,C1orf159,0.593153102,0.968202297
ENSG00000134575,ACP2,0.59319561,0.968202297
ENSG00000215302,.,0.593330791,0.968232987
ENSG00000160767,FAM189B,0.593334116,0.968232987
ENSG00000198793,MTOR,0.593403979,0.968232987
ENSG00000213588,ZBTB9,0.593495838,0.968232987
ENSG00000243319,FGF14-IT1,0.593509193,0.968232987
ENSG00000267861,.,0.593577588,0.968248384
ENSG00000148848,ADAM12,0.593658033,0.968283432
ENSG00000099899,TRMT2A,0.593857564,0.968390949
ENSG00000198604,BAZ1A,0.593940556,0.968390949
ENSG00000085872,CHERP,0.593993373,0.968390949
ENSG00000175061,C17orf76-AS1,0.594270494,0.968390949
ENSG00000120328,PCDHB12,0.594322127,0.968390949
ENSG00000136856,SLC2A8,0.594336274,0.968390949
ENSG00000144802,NFKBIZ,0.594431557,0.968390949
ENSG00000250763,.,0.594453677,0.968390949
ENSG00000186141,POLR3C,0.594468685,0.968390949
ENSG00000267466,.,0.594665035,0.968390949
ENSG00000185880,TRIM69,0.594668541,0.968390949
ENSG00000243660,ZNF487P,0.5946996,0.968390949
ENSG00000163558,PRKCI,0.594753937,0.968390949
ENSG00000178573,MAF,0.594829267,0.968390949
ENSG00000163162,RNF149,0.594984213,0.968390949
ENSG00000132603,NIP7,0.595023468,0.968390949
ENSG00000144579,CTDSP1,0.595039396,0.968390949
ENSG00000261460,.,0.595041298,0.968390949
ENSG00000162073,PAQR4,0.595089265,0.968390949
ENSG00000243107,.,0.59513489,0.968390949
ENSG00000144218,AFF3,0.595248228,0.968390949
ENSG00000035499,DEPDC1B,0.595305148,0.968390949
ENSG00000188827,SLX4,0.595315786,0.968390949
ENSG00000113368,LMNB1,0.595478758,0.968390949
ENSG00000260852,FBXL19-AS1,0.59558177,0.968390949
ENSG00000124507,PACSIN1,0.595583225,0.968390949
ENSG00000119446,RBM18,0.595634361,0.968390949
ENSG00000141569,TRIM65,0.595754868,0.968390949
ENSG00000108262,GIT1,0.59579296,0.968390949
ENSG00000110321,EIF4G2,0.595927543,0.968390949
ENSG00000100596,SPTLC2,0.595988442,0.968390949
ENSG00000262877,.,0.596208833,0.968390949
ENSG00000122026,RPL21,0.596210254,0.968390949
ENSG00000229017,.,0.596230852,0.968390949
ENSG00000066294,CD84,0.596279812,0.968390949
ENSG00000266256,LINC00683,0.596610893,0.968390949
ENSG00000173013,CCDC96,0.59671106,0.968390949
ENSG00000187189,TSPYL4,0.5968721,0.968390949
ENSG00000178409,BEND3,0.596888738,0.968390949
ENSG00000133687,TMTC1,0.5969962,0.968390949
ENSG00000060339,CCAR1,0.596998982,0.968390949
ENSG00000119231,SENP5,0.597002368,0.968390949
ENSG00000083807,SLC27A5,0.597036679,0.968390949
ENSG00000254858,MPV17L2,0.597036947,0.968390949
ENSG00000109084,TMEM97,0.597079563,0.968390949
ENSG00000001460,STPG1,0.597121036,0.968390949
ENSG00000126217,MCF2L,0.597227016,0.968390949
ENSG00000128228,SDF2L1,0.597258545,0.968390949
ENSG00000118900,UBN1,0.597327745,0.968390949
ENSG00000148450,MSRB2,0.597369064,0.968390949
ENSG00000246695,.,0.597373657,0.968390949
ENSG00000219200,RNASEK,0.597479876,0.968390949
ENSG00000179922,ZNF784,0.597592727,0.968390949
ENSG00000132570,PCBD2,0.597600112,0.968390949
ENSG00000108278,ZNHIT3,0.597616282,0.968390949
ENSG00000162642,C1orf52,0.597621008,0.968390949
ENSG00000182013,PNMAL1,0.597639668,0.968390949
ENSG00000169599,NFU1,0.597640681,0.968390949
ENSG00000122507,BBS9,0.597700242,0.968390949
ENSG00000100628,ASB2,0.597735805,0.968390949
ENSG00000058600,POLR3E,0.59782535,0.968390949
ENSG00000118600,TMEM5,0.597872689,0.968390949
ENSG00000105202,FBL,0.597880785,0.968390949
ENSG00000127329,PTPRB,0.597888495,0.968390949
ENSG00000249790,.,0.597942987,0.968390949
ENSG00000004455,AK2,0.5980281,0.968390949
ENSG00000156508,EEF1A1,0.598054726,0.968390949
ENSG00000232745,ANKRD20A14P,0.598182403,0.968390949
ENSG00000145220,LYAR,0.598344247,0.968390949
ENSG00000075292,ZNF638,0.598401695,0.968390949
ENSG00000176887,SOX11,0.598480836,0.968390949
ENSG00000079435,LIPE,0.598509727,0.968390949
ENSG00000099822,HCN2,0.5985427,0.968390949
ENSG00000115598,IL1RL2,0.598547645,0.968390949
ENSG00000181449,SOX2,0.598701829,0.968390949
ENSG00000123815,ADCK4,0.598800733,0.968390949
ENSG00000143977,SNRPG,0.598848189,0.968390949
ENSG00000065882,TBC1D1,0.599058107,0.968390949
ENSG00000165819,METTL3,0.599062512,0.968390949
ENSG00000198435,NRARP,0.599064619,0.968390949
ENSG00000145882,PCYOX1L,0.599097962,0.968390949
ENSG00000254154,.,0.599099476,0.968390949
ENSG00000102871,TRADD,0.599189821,0.968390949
ENSG00000135446,CDK4,0.599204407,0.968390949
ENSG00000100342,APOL1,0.599251499,0.968390949
ENSG00000184220,CMSS1,0.599293482,0.968390949
ENSG00000178078,STAP2,0.599359448,0.968390949
ENSG00000008382,MPND,0.599369075,0.968390949
ENSG00000057019,DCBLD2,0.599369509,0.968390949
ENSG00000162817,C1orf115,0.599398513,0.968390949
ENSG00000163297,ANTXR2,0.599495228,0.968390949
ENSG00000157856,CCDC164,0.599523119,0.968390949
ENSG00000072134,EPN2,0.599532376,0.968390949
ENSG00000074201,CLNS1A,0.599595847,0.968390949
ENSG00000105879,CBLL1,0.599611341,0.968390949
ENSG00000264630,.,0.599760059,0.968390949
ENSG00000141449,GREB1L,0.599837453,0.968390949
ENSG00000080815,PSEN1,0.600008474,0.968390949
ENSG00000170348,TMED10,0.600083713,0.968390949
ENSG00000159714,ZDHHC1,0.600139662,0.968390949
ENSG00000250565,ATP6V1E2,0.600202076,0.968390949
ENSG00000148343,FAM73B,0.600230888,0.968390949
ENSG00000167986,DDB1,0.600258752,0.968390949
ENSG00000232931,LINC00342,0.600431968,0.968390949
ENSG00000167676,PLIN4,0.600493184,0.968390949
ENSG00000110906,KCTD10,0.600515257,0.968390949
ENSG00000196700,ZNF512B,0.600707805,0.968390949
ENSG00000248927,.,0.600802734,0.968390949
ENSG00000166762,CATSPER2,0.600828932,0.968390949
ENSG00000144648,CCBP2,0.600840002,0.968390949
ENSG00000162616,DNAJB4,0.600849035,0.968390949
ENSG00000087191,PSMC5,0.600894329,0.968390949
ENSG00000227057,WDR46,0.600898036,0.968390949
ENSG00000147874,HAUS6,0.60095441,0.968390949
ENSG00000079385,CEACAM1,0.601003981,0.968390949
ENSG00000178026,FAM211B,0.601035453,0.968390949
ENSG00000163444,TMEM183A,0.601040613,0.968390949
ENSG00000013293,SLC7A14,0.601164984,0.968390949
ENSG00000205562,.,0.601175673,0.968390949
ENSG00000130726,TRIM28,0.601201634,0.968390949
ENSG00000006625,GGCT,0.601208812,0.968390949
ENSG00000228451,SDAD1P1,0.601242124,0.968390949
ENSG00000168461,RAB31,0.601397681,0.968390949
ENSG00000180739,S1PR5,0.601426693,0.968390949
ENSG00000130649,CYP2E1,0.601496619,0.968390949
ENSG00000248152,.,0.601505122,0.968390949
ENSG00000142208,AKT1,0.601534275,0.968390949
ENSG00000105889,STEAP1B,0.601594134,0.968390949
ENSG00000183354,KIAA2026,0.601621095,0.968390949
ENSG00000166557,TMED3,0.601643914,0.968390949
ENSG00000100129,EIF3L,0.601651459,0.968390949
ENSG00000033800,PIAS1,0.601667931,0.968390949
ENSG00000100731,PCNX,0.601669135,0.968390949
ENSG00000132122,SPATA6,0.601705341,0.968390949
ENSG00000177463,NR2C2,0.601707582,0.968390949
ENSG00000096060,FKBP5,0.601763414,0.968390949
ENSG00000165168,CYBB,0.601820789,0.968390949
ENSG00000135722,FBXL8,0.601861195,0.968390949
ENSG00000152147,GEMIN6,0.602222076,0.968521975
ENSG00000131269,ABCB7,0.602236865,0.968521975
ENSG00000115756,HPCAL1,0.602301842,0.968521975
ENSG00000138182,KIF20B,0.60255492,0.968521975
ENSG00000106536,POU6F2,0.602558706,0.968521975
ENSG00000008256,CYTH3,0.60273079,0.968521975
ENSG00000183662,FAM19A1,0.602751927,0.968521975
ENSG00000170624,SGCD,0.602785487,0.968521975
ENSG00000214194,.,0.60282419,0.968521975
ENSG00000138639,ARHGAP24,0.602842828,0.968521975
ENSG00000163803,PLB1,0.602892251,0.968521975
ENSG00000167397,VKORC1,0.602935063,0.968521975
ENSG00000020129,NCDN,0.60297228,0.968521975
ENSG00000166343,MSS51,0.603030238,0.968521975
ENSG00000249992,TMEM158,0.603048364,0.968521975
ENSG00000184967,NOC4L,0.603076325,0.968521975
ENSG00000145386,CCNA2,0.60323523,0.968521975
ENSG00000047188,YTHDC2,0.603253871,0.968521975
ENSG00000141385,AFG3L2,0.603361594,0.968521975
ENSG00000157193,LRP8,0.603525693,0.968521975
ENSG00000211448,DIO2,0.603614244,0.968521975
ENSG00000147912,FBXO10,0.60374519,0.968521975
ENSG00000157741,UBN2,0.603780441,0.968521975
ENSG00000173889,PHC3,0.603806794,0.968521975
ENSG00000104731,KLHDC4,0.60386054,0.968521975
ENSG00000138031,ADCY3,0.603861405,0.968521975
ENSG00000101846,STS,0.604054957,0.968521975
ENSG00000135636,DYSF,0.604056234,0.968521975
ENSG00000099246,RAB18,0.60405798,0.968521975
ENSG00000071243,ING3,0.604079388,0.968521975
ENSG00000124243,BCAS4,0.604133526,0.968521975
ENSG00000177119,ANO6,0.604148756,0.968521975
ENSG00000204634,TBC1D8,0.604177765,0.968521975
ENSG00000116133,DHCR24,0.604268731,0.968521975
ENSG00000114126,TFDP2,0.604308039,0.968521975
ENSG00000147862,NFIB,0.60430882,0.968521975
ENSG00000203485,INF2,0.604359232,0.968521975
ENSG00000130147,SH3BP4,0.604397163,0.968521975
ENSG00000254092,.,0.604425691,0.968521975
ENSG00000247796,.,0.604455035,0.968521975
ENSG00000197928,ZNF677,0.604497331,0.968521975
ENSG00000260669,.,0.604605388,0.968521975
ENSG00000141456,PELP1,0.604647802,0.968521975
ENSG00000167123,CERCAM,0.604667323,0.968521975
ENSG00000135845,PIGC,0.604707592,0.968521975
ENSG00000196950,SLC39A10,0.604778657,0.968521975
ENSG00000162734,PEA15,0.604870469,0.968521975
ENSG00000174136,RGMB,0.60489581,0.968521975
ENSG00000150471,LPHN3,0.604926417,0.968521975
ENSG00000106100,NOD1,0.604983369,0.968521975
ENSG00000168273,SMIM4,0.605233756,0.968521975
ENSG00000105737,GRIK5,0.605244872,0.968521975
ENSG00000023892,DEF6,0.605248621,0.968521975
ENSG00000256771,ZNF253,0.605297193,0.968521975
ENSG00000136732,GYPC,0.605393969,0.968521975
ENSG00000140391,TSPAN3,0.605448559,0.968521975
ENSG00000099290,FAM21A,0.605489556,0.968521975
ENSG00000179364,PACS2,0.605526665,0.968521975
ENSG00000164733,CTSB,0.605573775,0.968521975
ENSG00000198842,DUSP27,0.605647498,0.968521975
ENSG00000167508,MVD,0.605923075,0.968521975
ENSG00000158158,CNNM4,0.60594189,0.968521975
ENSG00000140939,NOL3,0.605992566,0.968521975
ENSG00000152092,ASTN1,0.606026368,0.968521975
ENSG00000204248,COL11A2,0.606032962,0.968521975
ENSG00000001561,ENPP4,0.606037701,0.968521975
ENSG00000164879,CA3,0.60605616,0.968521975
ENSG00000111341,MGP,0.60609218,0.968521975
ENSG00000160219,GAB3,0.606093952,0.968521975
ENSG00000079277,MKNK1,0.60616659,0.968521975
ENSG00000245937,.,0.606186648,0.968521975
ENSG00000068001,HYAL2,0.606270969,0.968521975
ENSG00000087494,PTHLH,0.606273594,0.968521975
ENSG00000170260,ZNF212,0.606306669,0.968521975
ENSG00000156831,NSMCE2,0.606493563,0.968726298
ENSG00000002016,RAD52,0.606812294,0.968870956
ENSG00000142252,GEMIN7,0.606859544,0.968870956
ENSG00000162367,TAL1,0.60694838,0.968870956
ENSG00000124459,ZNF45,0.606996585,0.968870956
ENSG00000117009,KMO,0.60702842,0.968870956
ENSG00000242337,TFP1,0.607054099,0.968870956
ENSG00000144843,ADPRH,0.607127988,0.968870956
ENSG00000116254,CHD5,0.607130831,0.968870956
ENSG00000196081,ZNF724P,0.607153738,0.968870956
ENSG00000167548,MLL2,0.607195507,0.968870956
ENSG00000114544,SLC41A3,0.607268072,0.968870956
ENSG00000120860,CCDC53,0.607292067,0.968870956
ENSG00000205041,.,0.607407436,0.968877106
ENSG00000092330,TINF2,0.607501403,0.968877106
ENSG00000169019,COMMD8,0.607539579,0.968877106
ENSG00000155876,RRAGA,0.607564247,0.968877106
ENSG00000168264,IRF2BP2,0.607590898,0.968877106
ENSG00000155111,CDK19,0.607750293,0.968906436
ENSG00000157796,WDR19,0.607766895,0.968906436
ENSG00000168887,C2orf68,0.607826654,0.968906436
ENSG00000167615,LENG8,0.607934917,0.968906436
ENSG00000145861,C1QTNF2,0.608191516,0.968906436
ENSG00000123908,EIF2C2,0.608235466,0.968906436
ENSG00000128185,DGCR6L,0.608255722,0.968906436
ENSG00000160049,DFFA,0.608313463,0.968906436
ENSG00000154978,VOPP1,0.608357173,0.968906436
ENSG00000204815,TTC25,0.608424392,0.968906436
ENSG00000104613,INTS10,0.608479881,0.968906436
ENSG00000173436,MINOS1,0.608481238,0.968906436
ENSG00000118946,PCDH17,0.60848897,0.968906436
ENSG00000138135,CH25H,0.608490653,0.968906436
ENSG00000101134,DOK5,0.60854324,0.968906436
ENSG00000225648,SBDSP1,0.608553242,0.968906436
ENSG00000186020,ZNF529,0.608711525,0.9690645
ENSG00000136098,NEK3,0.609020915,0.969429543
ENSG00000163374,YY1AP1,0.609136349,0.969429543
ENSG00000182871,COL18A1,0.609169132,0.969429543
ENSG00000157445,CACNA2D3,0.609248975,0.969429543
ENSG00000084112,SSH1,0.609286237,0.969429543
ENSG00000169902,TPST1,0.609309858,0.969429543
ENSG00000215790,SLC35E2,0.609354026,0.969429543
ENSG00000188295,ZNF669,0.609485433,0.969489464
ENSG00000119596,.,0.609652661,0.969489464
ENSG00000172828,CES3,0.609672129,0.969489464
ENSG00000131797,KIAA0664L3,0.60968044,0.969489464
ENSG00000116874,WARS2,0.609743118,0.969489464
ENSG00000088340,FER1L4,0.609745885,0.969489464
ENSG00000083817,ZNF416,0.609913057,0.969661388
ENSG00000131368,MRPS25,0.61004318,0.969774382
ENSG00000169710,FASN,0.610152035,0.969791483
ENSG00000229241,PNPT1P1,0.610172039,0.969791483
ENSG00000225975,.,0.610240413,0.9698063
ENSG00000125814,NAPB,0.610440652,0.969807622
ENSG00000269501,.,0.61044634,0.969807622
ENSG00000074590,NUAK1,0.610457484,0.969807622
ENSG00000197951,ZNF71,0.610477452,0.969807622
ENSG00000162065,TBC1D24,0.610652047,0.96997072
ENSG00000153214,TMEM87B,0.610868291,0.96997072
ENSG00000120337,TNFSF18,0.610976599,0.96997072
ENSG00000100714,MTHFD1,0.61097729,0.96997072
ENSG00000183166,CALN1,0.611029271,0.96997072
ENSG00000237353,PATE4,0.611099242,0.96997072
ENSG00000146856,AGBL3,0.611140887,0.96997072
ENSG00000040341,STAU2,0.611140974,0.96997072
ENSG00000110218,PANX1,0.611236773,0.96997072
ENSG00000168032,ENTPD3,0.611308719,0.96997072
ENSG00000247121,.,0.611358044,0.96997072
ENSG00000143970,ASXL2,0.61142765,0.96997072
ENSG00000204070,SYS1,0.611509962,0.96997072
ENSG00000198832,.,0.611565331,0.96997072
ENSG00000248568,.,0.611620931,0.96997072
ENSG00000214357,NEURL1B,0.611654516,0.96997072
ENSG00000172209,GPR22,0.61174868,0.96997072
ENSG00000104967,NOVA2,0.611791854,0.96997072
ENSG00000141068,KSR1,0.6118322,0.96997072
ENSG00000115963,RND3,0.611833493,0.96997072
ENSG00000162521,RBBP4,0.611864857,0.96997072
ENSG00000154265,ABCA5,0.611910118,0.96997072
ENSG00000213619,NDUFS3,0.612026768,0.96997072
ENSG00000157693,C9orf91,0.612061089,0.96997072
ENSG00000042781,USH2A,0.612107203,0.96997072
ENSG00000185917,SETD4,0.61214406,0.96997072
ENSG00000215066,C9orf38,0.612174786,0.96997072
ENSG00000168612,ZSWIM1,0.612289398,0.970005411
ENSG00000115380,EFEMP1,0.612424105,0.970005411
ENSG00000258057,BCDIN3D-AS1,0.612453897,0.970005411
ENSG00000165476,REEP3,0.612566412,0.970005411
ENSG00000067057,PFKP,0.612629754,0.970005411
ENSG00000136425,CIB2,0.612634269,0.970005411
ENSG00000077616,NAALAD2,0.612682911,0.970005411
ENSG00000235489,.,0.612708616,0.970005411
ENSG00000064393,HIPK2,0.612883355,0.970005411
ENSG00000152256,PDK1,0.612928814,0.970005411
ENSG00000143033,MTF2,0.612974755,0.970005411
ENSG00000117650,NEK2,0.613005685,0.970005411
ENSG00000166562,SEC11C,0.613042927,0.970005411
ENSG00000177432,NAP1L5,0.613048942,0.970005411
ENSG00000170345,FOS,0.613082638,0.970005411
ENSG00000011260,UTP18,0.613366068,0.970360363
ENSG00000006194,ZNF263,0.613730568,0.97067682
ENSG00000167088,SNRPD1,0.613851194,0.97067682
ENSG00000104763,ASAH1,0.613893566,0.97067682
ENSG00000196177,ACADSB,0.613902313,0.97067682
ENSG00000138758,SEPT11,0.61395286,0.97067682
ENSG00000198919,DZIP3,0.613962252,0.97067682
ENSG00000182621,PLCB1,0.614018716,0.97067682
ENSG00000113583,C5orf15,0.614084136,0.97067682
ENSG00000103363,TCEB2,0.614098043,0.97067682
ENSG00000254634,.,0.614161917,0.970684358
ENSG00000101871,MID1,0.614284342,0.970781696
ENSG00000182632,CCNYL2,0.614341726,0.970781696
ENSG00000101161,PRPF6,0.614890606,0.970810474
ENSG00000196476,C20orf96,0.614967141,0.970810474
ENSG00000163995,ABLIM2,0.615002357,0.970810474
ENSG00000081237,PTPRC,0.615031147,0.970810474
ENSG00000143494,VASH2,0.61507843,0.970810474
ENSG00000135148,TRAFD1,0.615090467,0.970810474
ENSG00000127526,SLC35E1,0.615212425,0.970810474
ENSG00000085760,MTIF2,0.61523003,0.970810474
ENSG00000149541,B3GAT3,0.615275714,0.970810474
ENSG00000010072,SPRTN,0.61529809,0.970810474
ENSG00000178695,KCTD12,0.615349718,0.970810474
ENSG00000198826,ARHGAP11A,0.615515227,0.970810474
ENSG00000224051,GLTPD1,0.615688171,0.970810474
ENSG00000177302,TOP3A,0.615727796,0.970810474
ENSG00000153485,TMEM251,0.615770733,0.970810474
ENSG00000150995,ITPR1,0.615778898,0.970810474
ENSG00000100902,PSMA6,0.615792463,0.970810474
ENSG00000137845,ADAM10,0.615808525,0.970810474
ENSG00000163082,SGPP2,0.615882573,0.970810474
ENSG00000187555,USP7,0.615931123,0.970810474
ENSG00000266369,.,0.616027432,0.970810474
ENSG00000116977,LGALS8,0.616051126,0.970810474
ENSG00000170961,HAS2,0.616104836,0.970810474
ENSG00000165072,MAMDC2,0.61611984,0.970810474
ENSG00000138449,SLC40A1,0.616181481,0.970810474
ENSG00000170265,ZNF282,0.616299717,0.970810474
ENSG00000139697,SBNO1,0.616454472,0.970810474
ENSG00000213614,HEXA,0.616469323,0.970810474
ENSG00000253767,PCDHGA8,0.616497375,0.970810474
ENSG00000117153,KLHL12,0.616511506,0.970810474
ENSG00000144589,STK11IP,0.616511966,0.970810474
ENSG00000141505,ASGR1,0.616530782,0.970810474
ENSG00000124787,RPP40,0.616703705,0.970810474
ENSG00000204392,LSM2,0.616772382,0.970810474
ENSG00000101911,PRPS2,0.616822702,0.970810474
ENSG00000120029,C10orf76,0.616829578,0.970810474
ENSG00000116266,STXBP3,0.616838332,0.970810474
ENSG00000075826,SEC31B,0.616948362,0.970810474
ENSG00000100146,SOX10,0.617021438,0.970810474
ENSG00000237457,.,0.617174702,0.970810474
ENSG00000258301,.,0.617267713,0.970810474
ENSG00000100239,PPP6R2,0.61740718,0.970810474
ENSG00000183955,SETD8,0.617489007,0.970810474
ENSG00000137094,DNAJB5,0.617518663,0.970810474
ENSG00000170681,MURC,0.617547363,0.970810474
ENSG00000126001,CEP250,0.617598764,0.970810474
ENSG00000188933,USP32P1,0.617650638,0.970810474
ENSG00000267934,.,0.617779057,0.970810474
ENSG00000172115,CYCS,0.617856069,0.970810474
ENSG00000171148,TADA3,0.617859683,0.970810474
ENSG00000146409,SLC18B1,0.617917814,0.970810474
ENSG00000118680,MYL12B,0.61796221,0.970810474
ENSG00000048405,ZNF800,0.617975673,0.970810474
ENSG00000104064,GABPB1,0.618252246,0.970810474
ENSG00000112486,CCR6,0.618283773,0.970810474
ENSG00000110719,TCIRG1,0.618435047,0.970810474
ENSG00000187186,.,0.618575941,0.970810474
ENSG00000188659,FAM154B,0.618627002,0.970810474
ENSG00000073111,MCM2,0.618673463,0.970810474
ENSG00000147535,PPAPDC1B,0.618701023,0.970810474
ENSG00000188674,C2orf80,0.61874667,0.970810474
ENSG00000111275,ALDH2,0.618843295,0.970810474
ENSG00000178538,CA8,0.618845421,0.970810474
ENSG00000239650,GUSBP4,0.618845641,0.970810474
ENSG00000013561,RNF14,0.618853765,0.970810474
ENSG00000149806,FAU,0.618870318,0.970810474
ENSG00000154099,DNAAF1,0.618913536,0.970810474
ENSG00000268218,.,0.618931999,0.970810474
ENSG00000136875,PRPF4,0.618977946,0.970810474
ENSG00000123297,TSFM,0.619059254,0.970810474
ENSG00000095397,DFNB31,0.619083511,0.970810474
ENSG00000103429,BFAR,0.619105535,0.970810474
ENSG00000132716,DCAF8,0.619111302,0.970810474
ENSG00000260528,FAM157C,0.619149055,0.970810474
ENSG00000116604,MEF2D,0.619200489,0.970810474
ENSG00000168938,PPIC,0.61924815,0.970810474
ENSG00000148985,PGAP2,0.61928712,0.970810474
ENSG00000108829,LRRC59,0.619359538,0.970810474
ENSG00000132170,PPARG,0.619450203,0.970810474
ENSG00000133114,KIAA1704,0.619602994,0.970810474
ENSG00000218226,TATDN2P2,0.619636456,0.970810474
ENSG00000241058,NSUN6,0.619821586,0.970810474
ENSG00000100075,SLC25A1,0.61982496,0.970810474
ENSG00000126091,ST3GAL3,0.619948864,0.970810474
ENSG00000041357,PSMA4,0.619983092,0.970810474
ENSG00000236819,.,0.620118192,0.970810474
ENSG00000150782,IL18,0.620317461,0.970810474
ENSG00000124486,USP9X,0.620353143,0.970810474
ENSG00000089195,TRMT6,0.620415255,0.970810474
ENSG00000144566,RAB5A,0.620543786,0.970810474
ENSG00000144619,CNTN4,0.620607132,0.970810474
ENSG00000196267,ZNF836,0.62075569,0.970810474
ENSG00000151553,FAM160B1,0.620774568,0.970810474
ENSG00000118689,FOXO3,0.620800807,0.970810474
ENSG00000214050,FBXO16,0.620843437,0.970810474
ENSG00000267640,.,0.620861299,0.970810474
ENSG00000153208,MERTK,0.620930085,0.970810474
ENSG00000090487,SPG21,0.621089696,0.970810474
ENSG00000147724,FAM135B,0.621231119,0.970810474
ENSG00000173250,GPR151,0.621237208,0.970810474
ENSG00000134590,FAM127A,0.621246674,0.970810474
ENSG00000172296,SPTLC3,0.621281513,0.970810474
ENSG00000117620,SLC35A3,0.621342124,0.970810474
ENSG00000198746,GPATCH3,0.621397321,0.970810474
ENSG00000135801,TAF5L,0.621406698,0.970810474
ENSG00000133243,BTBD2,0.621460836,0.970810474
ENSG00000186187,ZNRF1,0.621547735,0.970810474
ENSG00000141295,SCRN2,0.621568614,0.970810474
ENSG00000260916,CCPG1,0.621667375,0.970810474
ENSG00000113569,NUP155,0.621768529,0.970810474
ENSG00000184508,HDDC3,0.621776352,0.970810474
ENSG00000172771,EFCAB12,0.621803396,0.970810474
ENSG00000225973,.,0.621808482,0.970810474
ENSG00000251136,.,0.621897816,0.970810474
ENSG00000114698,PLSCR4,0.621945009,0.970810474
ENSG00000160695,VPS11,0.621959985,0.970810474
ENSG00000114062,UBE3A,0.622087686,0.970810474
ENSG00000198858,R3HDM4,0.622193675,0.970810474
ENSG00000105707,HPN,0.622300567,0.970810474
ENSG00000197989,SNHG12,0.62235498,0.970810474
ENSG00000197568,HHLA3,0.622390901,0.970810474
ENSG00000114125,RNF7,0.622444456,0.970810474
ENSG00000124374,PAIP2B,0.622503593,0.970810474
ENSG00000157259,GATAD1,0.622525174,0.970810474
ENSG00000197927,C2orf27A,0.622557117,0.970810474
ENSG00000149527,PLCH2,0.622557665,0.970810474
ENSG00000155561,NUP205,0.622566847,0.970810474
ENSG00000267575,.,0.622626945,0.970810474
ENSG00000091513,TF,0.622662661,0.970810474
ENSG00000213626,LBH,0.622678415,0.970810474
ENSG00000107833,NPM3,0.622696683,0.970810474
ENSG00000124406,ATP8A1,0.622734227,0.970810474
ENSG00000118985,ELL2,0.622768783,0.970810474
ENSG00000124177,CHD6,0.622845448,0.970810474
ENSG00000087087,SRRT,0.622867499,0.970810474
ENSG00000103496,STX4,0.622916135,0.970810474
ENSG00000165458,INPPL1,0.62297664,0.970810474
ENSG00000162631,NTNG1,0.623025102,0.970810474
ENSG00000136842,TMOD1,0.623048834,0.970810474
ENSG00000224957,.,0.623131082,0.970810474
ENSG00000256895,.,0.623408909,0.970810474
ENSG00000260032,LINC00657,0.623423028,0.970810474
ENSG00000182347,.,0.623438252,0.970810474
ENSG00000065150,IPO5,0.623450197,0.970810474
ENSG00000172986,GXYLT2,0.62345201,0.970810474
ENSG00000084764,MAPRE3,0.623458582,0.970810474
ENSG00000168522,FNTA,0.62346519,0.970810474
ENSG00000101180,HRH3,0.623469393,0.970810474
ENSG00000111412,C12orf49,0.623512496,0.970810474
ENSG00000141252,VPS53,0.623512627,0.970810474
ENSG00000163576,EFHB,0.623619806,0.970810474
ENSG00000124574,ABCC10,0.623628383,0.970810474
ENSG00000196460,RFX8,0.623665572,0.970810474
ENSG00000166595,FAM96B,0.623727115,0.970810474
ENSG00000120519,SLC10A7,0.623812066,0.970810474
ENSG00000257151,.,0.62382595,0.970810474
ENSG00000139617,.,0.623946745,0.970810474
ENSG00000095059,DHPS,0.623977808,0.970810474
ENSG00000136869,TLR4,0.623996018,0.970810474
ENSG00000127337,YEATS4,0.624037002,0.970810474
ENSG00000140750,ARHGAP17,0.624043333,0.970810474
ENSG00000005156,LIG3,0.624046244,0.970810474
ENSG00000264469,.,0.624099572,0.970810474
ENSG00000182674,KCNB2,0.624126581,0.970810474
ENSG00000239282,GATSL3,0.624140924,0.970810474
ENSG00000083720,OXCT1,0.624182321,0.970810474
ENSG00000180104,EXOC3,0.624231785,0.970810474
ENSG00000160963,EMID2,0.624410437,0.9709232
ENSG00000237971,.,0.624422508,0.9709232
ENSG00000177943,MAMDC4,0.624497999,0.970948655
ENSG00000166450,PRTG,0.624837244,0.97138414
ENSG00000151500,THYN1,0.625012024,0.971549381
ENSG00000137571,SLCO5A1,0.625095043,0.971549381
ENSG00000158887,MPZ,0.625121007,0.971549381
ENSG00000224973,.,0.625202114,0.97158349
ENSG00000088756,ARHGAP28,0.625516295,0.971979763
ENSG00000243368,MCCC1-AS1,0.625578232,0.97198404
ENSG00000263089,.,0.626116817,0.972695017
ENSG00000228828,.,0.62619925,0.972695017
ENSG00000165389,SPTSSA,0.626213506,0.972695017
ENSG00000256294,ZNF225,0.626315556,0.972761526
ENSG00000123159,GIPC1,0.626497222,0.972929748
ENSG00000178235,SLITRK1,0.626571061,0.972929748
ENSG00000124508,BTN2A2,0.626601592,0.972929748
ENSG00000106853,PTGR1,0.626715787,0.973015067
ENSG00000172661,FAM21C,0.626904881,0.973165339
ENSG00000099974,DDTL,0.626959027,0.973165339
ENSG00000118407,FILIP1,0.626990346,0.973165339
ENSG00000048991,R3HDM1,0.627114911,0.973208993
ENSG00000171302,CANT1,0.627173308,0.973208993
ENSG00000137727,ARHGAP20,0.627196248,0.973208993
ENSG00000163104,SMARCAD1,0.627255847,0.97320952
ENSG00000248079,ATPBD4-AS1,0.627360981,0.973223772
ENSG00000166341,DCHS1,0.627383552,0.973223772
ENSG00000132819,RBM38,0.627494127,0.973276699
ENSG00000107872,FBXL15,0.627536197,0.973276699
ENSG00000051128,HOMER3,0.627686772,0.973382527
ENSG00000157077,ZFYVE9,0.627774908,0.973382527
ENSG00000100284,TOM1,0.62787528,0.973382527
ENSG00000100297,MCM5,0.627957593,0.973382527
ENSG00000214078,CPNE1,0.628017054,0.973382527
ENSG00000111450,STX2,0.628034379,0.973382527
ENSG00000101445,PPP1R16B,0.628066426,0.973382527
ENSG00000083812,ZNF324,0.628078587,0.973382527
ENSG00000260236,.,0.628171478,0.97342588
ENSG00000196090,PTPRT,0.628225105,0.97342588
ENSG00000131831,RAI2,0.628309382,0.973427895
ENSG00000261409,.,0.62834495,0.973427895
ENSG00000061656,SPAG4,0.62841617,0.973446402
ENSG00000237004,ZNRF2P1,0.628897867,0.973823889
ENSG00000198354,DCAF12L2,0.628905206,0.973823889
ENSG00000123612,ACVR1C,0.628923991,0.973823889
ENSG00000249249,.,0.628970936,0.973823889
ENSG00000157927,RADIL,0.629083698,0.973823889
ENSG00000240809,.,0.629127903,0.973823889
ENSG00000162630,B3GALT2,0.629143509,0.973823889
ENSG00000004700,RECQL,0.629145719,0.973823889
ENSG00000178301,AQP11,0.629193527,0.973823889
ENSG00000126749,EMG1,0.629322319,0.97393144
ENSG00000130332,LSM7,0.629494898,0.973990664
ENSG00000170515,PA2G4,0.629588124,0.973990664
ENSG00000205047,.,0.629673391,0.973990664
ENSG00000004779,NDUFAB1,0.629703763,0.973990664
ENSG00000187134,AKR1C1,0.629712715,0.973990664
ENSG00000104312,RIPK2,0.629785501,0.973990664
ENSG00000183049,CAMK1D,0.629824261,0.973990664
ENSG00000074410,CA12,0.629835039,0.973990664
ENSG00000215041,NEURL4,0.630097886,0.974154182
ENSG00000214439,FAM185BP,0.630153565,0.974154182
ENSG00000148832,PAOX,0.630192499,0.974154182
ENSG00000136273,HUS1,0.630267439,0.974154182
ENSG00000185222,WBP5,0.630283699,0.974154182
ENSG00000184619,KRBA2,0.63031138,0.974154182
ENSG00000232110,.,0.630432303,0.974154182
ENSG00000136026,CKAP4,0.630467181,0.974154182
ENSG00000232528,.,0.630474627,0.974154182
ENSG00000140548,ZNF710,0.630572341,0.974213504
ENSG00000149636,DSN1,0.630687843,0.974269261
ENSG00000153721,CNKSR3,0.630727077,0.974269261
ENSG00000205268,PDE7A,0.630814717,0.974312998
ENSG00000197085,NPSR1-AS1,0.630919627,0.974348123
ENSG00000204851,PNMAL2,0.630956116,0.974348123
ENSG00000157578,LCA5L,0.631145921,0.974522726
ENSG00000228956,.,0.631193174,0.974522726
ENSG00000102780,DGKH,0.631248231,0.974522726
ENSG00000173193,PARP14,0.631317388,0.974522726
ENSG00000198740,ZNF652,0.631614642,0.974522726
ENSG00000156521,TYSND1,0.631767772,0.974522726
ENSG00000204789,ZNF204P,0.631794927,0.974522726
ENSG00000248092,.,0.631818066,0.974522726
ENSG00000196465,MYL6B,0.631827424,0.974522726
ENSG00000102804,TSC22D1,0.631859342,0.974522726
ENSG00000196459,TRAPPC2,0.631903228,0.974522726
ENSG00000107371,EXOSC3,0.631931652,0.974522726
ENSG00000197603,C5orf42,0.632045527,0.974522726
ENSG00000120907,ADRA1A,0.63221292,0.974522726
ENSG00000153317,ASAP1,0.632220964,0.974522726
ENSG00000198830,HMGN2,0.632271439,0.974522726
ENSG00000180448,HMHA1,0.632318998,0.974522726
ENSG00000197776,KLHDC1,0.632363107,0.974522726
ENSG00000163389,POGLUT1,0.632668065,0.974522726
ENSG00000213398,LCAT,0.632698257,0.974522726
ENSG00000171174,RBKS,0.632763033,0.974522726
ENSG00000187796,CARD9,0.632857082,0.974522726
ENSG00000152402,GUCY1A2,0.632911946,0.974522726
ENSG00000181638,ZFP41,0.632928324,0.974522726
ENSG00000165959,CLMN,0.632940905,0.974522726
ENSG00000242600,MBL1P,0.633043882,0.974522726
ENSG00000235471,.,0.633044503,0.974522726
ENSG00000110090,CPT1A,0.633130682,0.974522726
ENSG00000213625,LEPROT,0.633230434,0.974522726
ENSG00000070785,EIF2B3,0.633263292,0.974522726
ENSG00000077380,DYNC1I2,0.633459962,0.974522726
ENSG00000204923,FBXO48,0.633514732,0.974522726
ENSG00000100612,DHRS7,0.633519408,0.974522726
ENSG00000134830,GPR77,0.6335856,0.974522726
ENSG00000100055,CYTH4,0.63360284,0.974522726
ENSG00000182272,B4GALNT4,0.633625577,0.974522726
ENSG00000232637,.,0.633630374,0.974522726
ENSG00000100105,PATZ1,0.633657085,0.974522726
ENSG00000064933,PMS1,0.633698473,0.974522726
ENSG00000151093,OXSM,0.633699666,0.974522726
ENSG00000234423,.,0.633786584,0.974522726
ENSG00000175356,SCUBE2,0.633843055,0.974522726
ENSG00000230002,ALMS1-IT1,0.633909025,0.974522726
ENSG00000197483,ZNF628,0.633939879,0.974522726
ENSG00000151465,CDC123,0.633940201,0.974522726
ENSG00000137809,ITGA11,0.634004963,0.974522726
ENSG00000110987,BCL7A,0.634171267,0.974522726
ENSG00000136051,KIAA1033,0.634172577,0.974522726
ENSG00000152464,RPP38,0.634179512,0.974522726
ENSG00000154188,ANGPT1,0.634242209,0.974522726
ENSG00000147509,RGS20,0.634299634,0.974522726
ENSG00000067369,TP53BP1,0.634333378,0.974522726
ENSG00000088367,EPB41L1,0.634352208,0.974522726
ENSG00000184584,TMEM173,0.634406284,0.974522726
ENSG00000165025,SYK,0.634424818,0.974522726
ENSG00000164761,TNFRSF11B,0.634434335,0.974522726
ENSG00000100344,PNPLA3,0.634472819,0.974522726
ENSG00000232729,.,0.634510839,0.974522726
ENSG00000163510,CWC22,0.634597618,0.974532539
ENSG00000148300,REXO4,0.634635907,0.974532539
ENSG00000150656,CNDP1,0.634840659,0.974554955
ENSG00000148826,NKX6-2,0.634891731,0.974554955
ENSG00000085871,MGST2,0.635020747,0.974554955
ENSG00000143248,RGS5,0.635081682,0.974554955
ENSG00000145743,FBXL17,0.635111716,0.974554955
ENSG00000258730,ITPK1-AS1,0.635122185,0.974554955
ENSG00000176920,FUT2,0.635157649,0.974554955
ENSG00000103196,CRISPLD2,0.635258956,0.974554955
ENSG00000123191,ATP7B,0.635305612,0.974554955
ENSG00000119042,SATB2,0.635312305,0.974554955
ENSG00000105248,CCDC94,0.635318967,0.974554955
ENSG00000235194,PPP1R3E,0.635362595,0.974554955
ENSG00000005007,UPF1,0.635549936,0.974741805
ENSG00000224431,.,0.635679525,0.974741805
ENSG00000171793,CTPS1,0.63572672,0.974741805
ENSG00000171488,LRRC8C,0.63572862,0.974741805
ENSG00000165271,NOL6,0.63579034,0.974741805
ENSG00000180353,HCLS1,0.635928946,0.974741805
ENSG00000230262,MIRLET7DHG,0.635936445,0.974741805
ENSG00000268521,VN1R83P,0.63595923,0.974741805
ENSG00000108590,MED31,0.636132959,0.974917095
ENSG00000135899,SP110,0.63624344,0.974971745
ENSG00000103253,HAGHL,0.636346703,0.974971745
ENSG00000132581,SDF2,0.636353171,0.974971745
ENSG00000197363,ZNF517,0.636521338,0.974971745
ENSG00000165929,TC2N,0.636794969,0.974971745
ENSG00000213077,FAM106A,0.636803779,0.974971745
ENSG00000259891,.,0.636807629,0.974971745
ENSG00000120162,MOB3B,0.636822107,0.974971745
ENSG00000196792,STRN3,0.636908996,0.974971745
ENSG00000204315,FKBPL,0.637133378,0.974971745
ENSG00000188107,EYS,0.637147583,0.974971745
ENSG00000180867,PDIA3P,0.637150741,0.974971745
ENSG00000178917,ZNF852,0.637282839,0.974971745
ENSG00000173085,COQ2,0.637299055,0.974971745
ENSG00000178233,TMEM151B,0.637334262,0.974971745
ENSG00000105612,DNASE2,0.637400283,0.974971745
ENSG00000183346,C10orf107,0.63750849,0.974971745
ENSG00000256995,.,0.637527692,0.974971745
ENSG00000120738,EGR1,0.63755051,0.974971745
ENSG00000180884,ZNF792,0.637552354,0.974971745
ENSG00000240207,.,0.637562562,0.974971745
ENSG00000108599,AKAP10,0.637574967,0.974971745
ENSG00000156966,B3GNT7,0.637580889,0.974971745
ENSG00000177984,LCN15,0.637593408,0.974971745
ENSG00000168282,MGAT2,0.638011568,0.975200824
ENSG00000160075,SSU72,0.638078391,0.975200824
ENSG00000136448,NMT1,0.638090378,0.975200824
ENSG00000167272,POP5,0.638124098,0.975200824
ENSG00000179397,C1orf101,0.638127865,0.975200824
ENSG00000137198,GMPR,0.638146593,0.975200824
ENSG00000130813,C19orf66,0.638158878,0.975200824
ENSG00000233766,.,0.638219509,0.975202735
ENSG00000122176,FMOD,0.638301771,0.975237695
ENSG00000110888,CAPRIN2,0.638472701,0.975331217
ENSG00000164898,C7orf55,0.638481758,0.975331217
ENSG00000261101,.,0.638563024,0.975364634
ENSG00000184905,TCEAL2,0.638679742,0.975427716
ENSG00000175376,EIF1AD,0.638723111,0.975427716
ENSG00000182400,TRAPPC6B,0.638871783,0.975521189
ENSG00000246922,UBAP1L,0.638903118,0.975521189
ENSG00000163597,SNHG16,0.639128167,0.975570289
ENSG00000131097,HIGD1B,0.639175288,0.975570289
ENSG00000152133,CCDC75,0.639198153,0.975570289
ENSG00000111452,GPR133,0.639204603,0.975570289
ENSG00000232374,GPR79,0.639275298,0.975570289
ENSG00000175426,PCSK1,0.63935387,0.975570289
ENSG00000072042,RDH11,0.639419855,0.975570289
ENSG00000158769,F11R,0.639447691,0.975570289
ENSG00000077721,UBE2A,0.63951755,0.975570289
ENSG00000269069,.,0.639534146,0.975570289
ENSG00000151882,CCL28,0.639588705,0.975570289
ENSG00000126698,DNAJC8,0.639768422,0.975753789
ENSG00000007264,MATK,0.640048377,0.975802749
ENSG00000164136,IL15,0.640072943,0.975802749
ENSG00000088832,FKBP1A,0.640320129,0.975802749
ENSG00000120910,PPP3CC,0.640360526,0.975802749
ENSG00000052850,ALX4,0.640362863,0.975802749
ENSG00000101966,XIAP,0.640441703,0.975802749
ENSG00000102385,DRP2,0.640484895,0.975802749
ENSG00000114503,NCBP2,0.640489941,0.975802749
ENSG00000241360,PDXP,0.640547978,0.975802749
ENSG00000186666,BCDIN3D,0.640554899,0.975802749
ENSG00000102466,FGF14,0.640593384,0.975802749
ENSG00000155100,OTUD6B,0.640678012,0.975802749
ENSG00000204472,AIF1,0.640718477,0.975802749
ENSG00000154479,CCDC173,0.640727743,0.975802749
ENSG00000249335,.,0.640806635,0.975802749
ENSG00000123213,NLN,0.640957966,0.975802749
ENSG00000121579,NAA50,0.640976638,0.975802749
ENSG00000023697,DERA,0.641090091,0.975802749
ENSG00000077458,FAM76B,0.641113325,0.975802749
ENSG00000156735,BAG4,0.641208792,0.975802749
ENSG00000150540,HNMT,0.641232973,0.975802749
ENSG00000079691,LRRC16A,0.64123521,0.975802749
ENSG00000162981,FAM84A,0.641235621,0.975802749
ENSG00000127220,ABHD8,0.641259116,0.975802749
ENSG00000229894,GK3P,0.641516434,0.975802749
ENSG00000166246,C16orf71,0.641550678,0.975802749
ENSG00000138778,CENPE,0.641551484,0.975802749
ENSG00000004468,CD38,0.641591445,0.975802749
ENSG00000147364,FBXO25,0.641591601,0.975802749
ENSG00000165102,HGSNAT,0.641644351,0.975802749
ENSG00000260917,.,0.641735273,0.975802749
ENSG00000006715,VPS41,0.641788621,0.975802749
ENSG00000256525,POLG2,0.641933476,0.975802749
ENSG00000197991,PCDH20,0.642062682,0.975802749
ENSG00000143119,CD53,0.642072933,0.975802749
ENSG00000099804,CDC34,0.642110795,0.975802749
ENSG00000101347,SAMHD1,0.64211135,0.975802749
ENSG00000175449,RFESD,0.642218077,0.975802749
ENSG00000145349,CAMK2D,0.642341906,0.975802749
ENSG00000267532,MIR497HG,0.642444789,0.975802749
ENSG00000165633,VSTM4,0.642477274,0.975802749
ENSG00000130429,ARPC1B,0.642536619,0.975802749
ENSG00000033100,CHPF2,0.642588896,0.975802749
ENSG00000267163,.,0.642600552,0.975802749
ENSG00000171862,PTEN,0.642777659,0.975802749
ENSG00000134317,GRHL1,0.642854809,0.975802749
ENSG00000173926,MARCH3,0.642855851,0.975802749
ENSG00000242779,ZNF702P,0.642889793,0.975802749
ENSG00000183873,SCN5A,0.64290172,0.975802749
ENSG00000241213,.,0.64303277,0.975802749
ENSG00000188643,S100A16,0.643165633,0.975802749
ENSG00000016391,CHDH,0.643202189,0.975802749
ENSG00000072756,TRNT1,0.643268216,0.975802749
ENSG00000149308,NPAT,0.643305508,0.975802749
ENSG00000213918,DNASE1,0.643351667,0.975802749
ENSG00000133104,SPG20,0.643384014,0.975802749
ENSG00000110925,CSRNP2,0.643472736,0.975802749
ENSG00000237440,ZNF737,0.643478496,0.975802749
ENSG00000099940,SNAP29,0.64354869,0.975802749
ENSG00000164946,FREM1,0.64359121,0.975802749
ENSG00000138642,HERC6,0.64367074,0.975802749
ENSG00000129187,DCTD,0.64377002,0.975802749
ENSG00000135862,LAMC1,0.643771815,0.975802749
ENSG00000101463,SYNDIG1,0.643774993,0.975802749
ENSG00000165323,FAT3,0.64380657,0.975802749
ENSG00000233527,.,0.643806685,0.975802749
ENSG00000149531,FRG1B,0.643854065,0.975802749
ENSG00000176978,DPP7,0.643874948,0.975802749
ENSG00000188612,SUMO2,0.643900286,0.975802749
ENSG00000113441,LNPEP,0.644078282,0.975943453
ENSG00000153574,RPIA,0.644208123,0.975943453
ENSG00000149798,CDC42EP2,0.644212599,0.975943453
ENSG00000240682,ISY1,0.644230833,0.975943453
ENSG00000159433,STARD9,0.644355978,0.975961942
ENSG00000103043,VAC14,0.644361891,0.975961942
ENSG00000116741,RGS2,0.644511372,0.97601854
ENSG00000149451,ADAM33,0.644518119,0.97601854
ENSG00000237296,SMG1P1,0.644620044,0.976082886
ENSG00000167862,ICT1,0.644707553,0.976105316
ENSG00000168614,NBPF9,0.644753728,0.976105316
ENSG00000127989,MTERF,0.644877924,0.976171411
ENSG00000204131,NHSL2,0.644916264,0.976171411
ENSG00000143862,ARL8A,0.645095964,0.976216122
ENSG00000008277,ADAM22,0.64519543,0.976216122
ENSG00000140563,MCTP2,0.645217361,0.976216122
ENSG00000204967,PCDHA4,0.645253849,0.976216122
ENSG00000043093,DCUN1D1,0.645279456,0.976216122
ENSG00000101365,IDH3B,0.645302455,0.976216122
ENSG00000135205,CCDC146,0.64542844,0.976283222
ENSG00000136169,SETDB2,0.645496045,0.976283222
ENSG00000171681,ATF7IP,0.645581332,0.976283222
ENSG00000134056,MRPS36,0.645618634,0.976283222
ENSG00000198597,ZNF536,0.645782608,0.976283222
ENSG00000172167,MTBP,0.645874487,0.976283222
ENSG00000124479,NDP,0.645878971,0.976283222
ENSG00000258548,LINC00645,0.645891817,0.976283222
ENSG00000137766,UNC13C,0.645939499,0.976283222
ENSG00000127585,FBXL16,0.646020374,0.976283222
ENSG00000119844,AFTPH,0.646035502,0.976283222
ENSG00000017797,RALBP1,0.646085898,0.976283222
ENSG00000189420,ZFP92,0.64617212,0.976283222
ENSG00000146232,NFKBIE,0.646218463,0.976283222
ENSG00000111676,ATN1,0.646248112,0.976283222
ENSG00000186529,CYP4F3,0.646328305,0.976283222
ENSG00000162407,PPAP2B,0.646385555,0.976283222
ENSG00000137161,CNPY3,0.646445476,0.976283222
ENSG00000126214,KLC1,0.646488192,0.976283222
ENSG00000204592,HLA-E,0.646535732,0.976283222
ENSG00000253553,.,0.646715152,0.976375591
ENSG00000107372,ZFAND5,0.646715806,0.976375591
ENSG00000205269,TMEM170B,0.646852594,0.976401637
ENSG00000164022,AIMP1,0.646892258,0.976401637
ENSG00000130826,DKC1,0.646941828,0.976401637
ENSG00000238083,LRRC37A2,0.647114076,0.976401637
ENSG00000133812,SBF2,0.647139291,0.976401637
ENSG00000023191,RNH1,0.647294365,0.976401637
ENSG00000162878,PKDCC,0.647301727,0.976401637
ENSG00000165695,AK8,0.647342824,0.976401637
ENSG00000150551,LYPD1,0.647384406,0.976401637
ENSG00000013392,RWDD2A,0.647418875,0.976401637
ENSG00000183914,DNAH2,0.647424378,0.976401637
ENSG00000047315,POLR2B,0.647482352,0.976401637
ENSG00000170581,STAT2,0.647526019,0.976401637
ENSG00000214226,C17orf67,0.647591478,0.976401637
ENSG00000103274,NUBP1,0.647625388,0.976401637
ENSG00000155085,AKD1,0.647684311,0.976401637
ENSG00000167969,ECI1,0.647795868,0.976463127
ENSG00000104964,AES,0.647917202,0.976463127
ENSG00000236824,BCYRN1,0.647924768,0.976463127
ENSG00000214293,RSBN1L-AS1,0.648018287,0.976463127
ENSG00000105983,LMBR1,0.648022385,0.976463127
ENSG00000115325,DOK1,0.648136723,0.976532407
ENSG00000135747,ZNF670,0.648187284,0.976532407
ENSG00000118246,FASTKD2,0.648278022,0.976579522
ENSG00000176971,FIBIN,0.648389915,0.976624803
ENSG00000117228,GBP1,0.648427014,0.976624803
ENSG00000181481,RNF135,0.648699844,0.976814909
ENSG00000171169,NAIF1,0.648709739,0.976814909
ENSG00000223546,LINC00630,0.648837039,0.976814909
ENSG00000119559,C19orf25,0.648863443,0.976814909
ENSG00000092847,EIF2C1,0.649084463,0.976814909
ENSG00000254837,.,0.649100853,0.976814909
ENSG00000261072,.,0.649182968,0.976814909
ENSG00000100314,CABP7,0.649198612,0.976814909
ENSG00000022567,SLC45A4,0.649276987,0.976814909
ENSG00000148396,SEC16A,0.649337015,0.976814909
ENSG00000085274,MYNN,0.649386116,0.976814909
ENSG00000197410,DCHS2,0.649474918,0.976814909
ENSG00000177548,RABEP2,0.649546696,0.976814909
ENSG00000166436,TRIM66,0.649589145,0.976814909
ENSG00000114107,CEP70,0.649597093,0.976814909
ENSG00000143870,PDIA6,0.649909075,0.976814909
ENSG00000197013,ZNF429,0.649981655,0.976814909
ENSG00000141338,ABCA8,0.650024877,0.976814909
ENSG00000130052,STARD8,0.650078704,0.976814909
ENSG00000236239,.,0.650202362,0.976814909
ENSG00000163285,GABRG1,0.650229382,0.976814909
ENSG00000185885,IFITM1,0.650282438,0.976814909
ENSG00000134910,STT3A,0.650309347,0.976814909
ENSG00000164924,YWHAZ,0.650342253,0.976814909
ENSG00000162374,ELAVL4,0.65036181,0.976814909
ENSG00000196338,NLGN3,0.650382125,0.976814909
ENSG00000114656,KIAA1257,0.650563077,0.976814909
ENSG00000224888,.,0.650585722,0.976814909
ENSG00000179562,GCC1,0.650670935,0.976814909
ENSG00000256315,.,0.650672249,0.976814909
ENSG00000235865,GSN-AS1,0.650691976,0.976814909
ENSG00000223482,.,0.650709502,0.976814909
ENSG00000169026,MFSD7,0.65073721,0.976814909
ENSG00000241258,CRCP,0.65081238,0.976814909
ENSG00000178567,EPM2AIP1,0.650817058,0.976814909
ENSG00000248044,.,0.650876797,0.976814909
ENSG00000070761,C16orf80,0.651011141,0.976814909
ENSG00000205279,CTXN3,0.651019377,0.976814909
ENSG00000073331,ALPK1,0.651032429,0.976814909
ENSG00000235370,CSPG4P5,0.651034284,0.976814909
ENSG00000181019,NQO1,0.651048428,0.976814909
ENSG00000104218,CSPP1,0.65105133,0.976814909
ENSG00000089057,SLC23A2,0.651339533,0.977158048
ENSG00000185842,DNAH14,0.651809823,0.977502307
ENSG00000148384,INPP5E,0.651816983,0.977502307
ENSG00000159592,GPBP1L1,0.651941016,0.977502307
ENSG00000102699,PARP4,0.651976192,0.977502307
ENSG00000235397,EPN2-AS1,0.651991971,0.977502307
ENSG00000254266,.,0.652082813,0.977502307
ENSG00000116151,MORN1,0.652124306,0.977502307
ENSG00000065675,PRKCQ,0.652225856,0.977502307
ENSG00000138336,TET1,0.652269922,0.977502307
ENSG00000186834,HEXIM1,0.652277061,0.977502307
ENSG00000236624,CCDC163P,0.652379784,0.977502307
ENSG00000196873,CBWD3,0.652408867,0.977502307
ENSG00000038219,BOD1L1,0.652440793,0.977502307
ENSG00000102931,ARL2BP,0.65250745,0.977502307
ENSG00000100228,RAB36,0.652545752,0.977502307
ENSG00000181472,ZBTB2,0.652689822,0.977502307
ENSG00000164241,C5orf63,0.652788869,0.977502307
ENSG00000151322,NPAS3,0.652827206,0.977502307
ENSG00000168439,STIP1,0.652862983,0.977502307
ENSG00000261015,.,0.65286788,0.977502307
ENSG00000133818,RRAS2,0.652868618,0.977502307
ENSG00000105426,PTPRS,0.652878452,0.977502307
ENSG00000163565,IFI16,0.653009256,0.97760453
ENSG00000124491,F13A1,0.653065779,0.97760453
ENSG00000166073,GPR176,0.653128231,0.977608908
ENSG00000107937,GTPBP4,0.65328078,0.977748132
ENSG00000178882,FAM101A,0.653370888,0.977793885
ENSG00000203805,PPAPDC1A,0.653728529,0.978041114
ENSG00000102174,PHEX,0.653782512,0.978041114
ENSG00000004660,CAMKK1,0.653794762,0.978041114
ENSG00000103485,QPRT,0.653825928,0.978041114
ENSG00000157168,NRG1,0.653839424,0.978041114
ENSG00000168743,NPNT,0.653942903,0.978041114
ENSG00000110344,UBE4A,0.654060396,0.978041114
ENSG00000166250,CLMP,0.654069236,0.978041114
ENSG00000138413,IDH1,0.654072067,0.978041114
ENSG00000244625,.,0.65417104,0.978074111
ENSG00000172292,CERS6,0.65425988,0.978074111
ENSG00000015133,CCDC88C,0.654431127,0.978074111
ENSG00000230487,PSMG3-AS1,0.654555118,0.978074111
ENSG00000167642,SPINT2,0.654770045,0.978074111
ENSG00000180938,ZNF572,0.65477645,0.978074111
ENSG00000197044,ZNF441,0.654794713,0.978074111
ENSG00000100427,MLC1,0.654803546,0.978074111
ENSG00000116586,LAMTOR2,0.654843597,0.978074111
ENSG00000262934,.,0.654874903,0.978074111
ENSG00000147676,MAL2,0.654994812,0.978074111
ENSG00000092445,TYRO3,0.655302742,0.978074111
ENSG00000063046,EIF4B,0.655306634,0.978074111
ENSG00000135837,CEP350,0.655346373,0.978074111
ENSG00000143258,USP21,0.655358485,0.978074111
ENSG00000198899,MT-ATP6,0.655384194,0.978074111
ENSG00000126458,RRAS,0.655395356,0.978074111
ENSG00000125257,ABCC4,0.655395463,0.978074111
ENSG00000139405,C12orf52,0.655414568,0.978074111
ENSG00000140807,NKD1,0.655417187,0.978074111
ENSG00000263350,.,0.655458992,0.978074111
ENSG00000108592,FTSJ3,0.655509585,0.978074111
ENSG00000250439,FGD5P1,0.655547969,0.978074111
ENSG00000133661,SFTPD,0.655642272,0.978074111
ENSG00000114739,ACVR2B,0.655727544,0.978074111
ENSG00000076382,SPAG5,0.655750024,0.978074111
ENSG00000150681,RGS18,0.655832495,0.978074111
ENSG00000140470,ADAMTS17,0.655891314,0.978074111
ENSG00000235823,LINC00263,0.655921114,0.978074111
ENSG00000144369,FAM171B,0.656122592,0.978074111
ENSG00000006652,IFRD1,0.656181719,0.978074111
ENSG00000160685,ZBTB7B,0.656385208,0.978074111
ENSG00000157637,SLC38A10,0.656451819,0.978074111
ENSG00000267272,.,0.656488349,0.978074111
ENSG00000123739,PLA2G12A,0.656532786,0.978074111
ENSG00000137996,RTCA,0.656560492,0.978074111
ENSG00000168255,POLR2J3,0.656607806,0.978074111
ENSG00000112053,SLC26A8,0.656665483,0.978074111
ENSG00000111775,COX6A1,0.656670416,0.978074111
ENSG00000196363,WDR5,0.656670465,0.978074111
ENSG00000154898,CCDC144C,0.656694981,0.978074111
ENSG00000178445,GLDC,0.656723417,0.978074111
ENSG00000108001,EBF3,0.656725806,0.978074111
ENSG00000179151,EDC3,0.656790781,0.978074111
ENSG00000215630,GUSBP9,0.656841626,0.978074111
ENSG00000167394,ZNF668,0.656931349,0.978074111
ENSG00000156671,SAMD8,0.657001421,0.978074111
ENSG00000144485,HES6,0.657041719,0.978074111
ENSG00000260804,.,0.657125957,0.978074111
ENSG00000138621,PPCDC,0.657137565,0.978074111
ENSG00000112200,ZNF451,0.657198452,0.978074111
ENSG00000108819,PPP1R9B,0.657198911,0.978074111
ENSG00000037241,RPL26L1,0.657309819,0.978074111
ENSG00000267909,.,0.657359872,0.978074111
ENSG00000145675,PIK3R1,0.657369667,0.978074111
ENSG00000146457,WTAP,0.657545232,0.978157123
ENSG00000101639,CEP192,0.657549624,0.978157123
ENSG00000244291,C7orf13,0.65760414,0.978157123
ENSG00000129244,ATP1B2,0.657716816,0.978236124
ENSG00000168876,ANKRD49,0.657996819,0.978479457
ENSG00000106355,LSM5,0.657999581,0.978479457
ENSG00000106245,BUD31,0.65806693,0.978485766
ENSG00000257093,KIAA1147,0.658122984,0.978485766
ENSG00000143554,SLC27A3,0.658374236,0.978634928
ENSG00000100083,GGA1,0.658426277,0.978634928
ENSG00000198108,CHSY3,0.658441293,0.978634928
ENSG00000174749,C4orf32,0.658487271,0.978634928
ENSG00000125885,MCM8,0.658521256,0.978634928
ENSG00000141668,CBLN2,0.65858642,0.978643212
ENSG00000196843,ARID5A,0.658667982,0.978675858
ENSG00000170100,ZNF778,0.658797925,0.978722767
ENSG00000244055,.,0.658974356,0.978722767
ENSG00000186260,MKL2,0.659049723,0.978722767
ENSG00000212232,SNORD17,0.659080863,0.978722767
ENSG00000266037,.,0.659104079,0.978722767
ENSG00000154548,SRSF12,0.659109359,0.978722767
ENSG00000175334,BANF1,0.659197708,0.978722767
ENSG00000173218,VANGL1,0.659227882,0.978722767
ENSG00000171150,SOCS5,0.659235904,0.978722767
ENSG00000163170,BOLA3,0.659326306,0.978749714
ENSG00000125744,RTN2,0.65938106,0.978749714
ENSG00000177868,CCDC23,0.659457353,0.978749714
ENSG00000172009,THOP1,0.65954419,0.978749714
ENSG00000197050,ZNF420,0.659621136,0.978749714
ENSG00000175711,B3GNTL1,0.659638238,0.978749714
ENSG00000077463,SIRT6,0.659671229,0.978749714
ENSG00000233122,CTAGE7P,0.659927417,0.978890956
ENSG00000115947,ORC4,0.660044795,0.978890956
ENSG00000096080,MRPS18A,0.660122498,0.978890956
ENSG00000141034,GID4,0.66012789,0.978890956
ENSG00000173486,FKBP2,0.660159042,0.978890956
ENSG00000147155,EBP,0.660221622,0.978890956
ENSG00000236083,OR13E1P,0.660290755,0.978890956
ENSG00000142798,HSPG2,0.660343207,0.978890956
ENSG00000000419,DPM1,0.660453787,0.978890956
ENSG00000196268,ZNF493,0.660456072,0.978890956
ENSG00000114648,KLHL18,0.660492779,0.978890956
ENSG00000003756,RBM5,0.660543643,0.978890956
ENSG00000166793,YPEL4,0.660553488,0.978890956
ENSG00000173457,PPP1R14B,0.66061135,0.978890956
ENSG00000175970,UNC119B,0.660686367,0.978890956
ENSG00000205084,TMEM231,0.660809598,0.978890956
ENSG00000213347,MXD3,0.660884377,0.978890956
ENSG00000069248,NUP133,0.660956155,0.978890956
ENSG00000214013,GANC,0.660965837,0.978890956
ENSG00000003402,CFLAR,0.660975176,0.978890956
ENSG00000170270,C14orf142,0.661018127,0.978890956
ENSG00000188690,UROS,0.661177021,0.978951854
ENSG00000182149,IST1,0.661178467,0.978951854
ENSG00000167526,RPL13,0.661434973,0.978977839
ENSG00000170296,GABARAP,0.661435417,0.978977839
ENSG00000185359,HGS,0.661554058,0.978977839
ENSG00000160211,G6PD,0.661590001,0.978977839
ENSG00000198276,UCKL1,0.661635036,0.978977839
ENSG00000196126,HLA-DRB1,0.661644848,0.978977839
ENSG00000087338,GMCL1,0.6616719,0.978977839
ENSG00000061794,MRPS35,0.661761473,0.978977839
ENSG00000159147,DONSON,0.661779838,0.978977839
ENSG00000259498,.,0.661860764,0.978977839
ENSG00000146802,TMEM168,0.661909303,0.978977839
ENSG00000129946,SHC2,0.661911339,0.978977839
ENSG00000261685,.,0.661991501,0.979008233
ENSG00000181029,TRAPPC5,0.662074418,0.979018756
ENSG00000235217,TSPY26P,0.662131467,0.979018756
ENSG00000101276,SLC52A3,0.662323546,0.979018756
ENSG00000197355,UAP1L1,0.662327123,0.979018756
ENSG00000183527,PSMG1,0.662425114,0.979018756
ENSG00000204685,.,0.662438759,0.979018756
ENSG00000184486,POU3F2,0.662440035,0.979018756
ENSG00000116731,PRDM2,0.662531039,0.979018756
ENSG00000103540,CCP110,0.662568135,0.979018756
ENSG00000267270,.,0.662640032,0.979018756
ENSG00000109911,ELP4,0.662679983,0.979018756
ENSG00000011523,CEP68,0.662731653,0.979018756
ENSG00000112787,FBRSL1,0.662773582,0.979018756
ENSG00000120693,SMAD9,0.66303233,0.979312884
ENSG00000168038,ULK4,0.663189002,0.979455177
ENSG00000172348,RCAN2,0.663324175,0.979455177
ENSG00000075188,NUP37,0.663382362,0.979455177
ENSG00000104081,BMF,0.663443402,0.979455177
ENSG00000222041,LINC00152,0.663447529,0.979455177
ENSG00000197457,STMN3,0.663536915,0.979455177
ENSG00000260000,.,0.663567178,0.979455177
ENSG00000116898,MRPS15,0.663636785,0.979455177
ENSG00000261799,.,0.663720736,0.979455177
ENSG00000197982,C1orf122,0.663877752,0.979455177
ENSG00000112339,HBS1L,0.66387932,0.979455177
ENSG00000081189,MEF2C,0.663883432,0.979455177
ENSG00000198523,PLN,0.663903978,0.979455177
ENSG00000078018,MAP2,0.664182657,0.979536677
ENSG00000145075,CCDC39,0.664199043,0.979536677
ENSG00000151689,INPP1,0.664255558,0.979536677
ENSG00000213533,TMEM110,0.664328331,0.979536677
ENSG00000174944,P2RY14,0.664343257,0.979536677
ENSG00000226029,.,0.664372728,0.979536677
ENSG00000238105,.,0.66437673,0.979536677
ENSG00000165121,.,0.664762483,0.980017437
ENSG00000198816,ZNF358,0.664867735,0.980084625
ENSG00000170509,HSD17B13,0.665044448,0.980100942
ENSG00000185800,DMWD,0.665047425,0.980100942
ENSG00000187527,ATP13A5,0.665057839,0.980100942
ENSG00000137261,KIAA0319,0.665234104,0.98014814
ENSG00000135587,SMPD2,0.665343908,0.98014814
ENSG00000183549,ACSM5,0.665363045,0.98014814
ENSG00000182150,ERCC6L2,0.665435435,0.98014814
ENSG00000245060,.,0.665452251,0.98014814
ENSG00000143742,SRP9,0.665526235,0.98014814
ENSG00000185420,SMYD3,0.665632384,0.98014814
ENSG00000225569,CCT4P2,0.665664455,0.98014814
ENSG00000125648,SLC25A23,0.665707001,0.98014814
ENSG00000125355,FAM70A,0.665752478,0.98014814
ENSG00000224905,.,0.665758343,0.98014814
ENSG00000187764,SEMA4D,0.665806043,0.98014814
ENSG00000182240,BACE2,0.665965626,0.980240113
ENSG00000233725,LINC00284,0.665990494,0.980240113
ENSG00000172123,SLFN12,0.666252443,0.980240113
ENSG00000185614,FAM212A,0.66626153,0.980240113
ENSG00000250479,CHCHD10,0.666348631,0.980240113
ENSG00000182544,MFSD5,0.666392733,0.980240113
ENSG00000134900,TPP2,0.666430798,0.980240113
ENSG00000100888,CHD8,0.666465176,0.980240113
ENSG00000215156,.,0.666509342,0.980240113
ENSG00000170175,CHRNB1,0.666515157,0.980240113
ENSG00000204052,LRRC73,0.666525077,0.980240113
ENSG00000122390,NAA60,0.666888146,0.980382214
ENSG00000135519,KCNH3,0.666918265,0.980382214
ENSG00000267750,.,0.666925217,0.980382214
ENSG00000086758,HUWE1,0.666930934,0.980382214
ENSG00000167460,TPM4,0.667048502,0.980382214
ENSG00000159216,RUNX1,0.667058848,0.980382214
ENSG00000167721,TSR1,0.667120599,0.980382214
ENSG00000134030,CTIF,0.667173542,0.980382214
ENSG00000164197,RNF180,0.667274609,0.980382214
ENSG00000218313,.,0.667305818,0.980382214
ENSG00000119986,AVPI1,0.667327651,0.980382214
ENSG00000117594,HSD11B1,0.667338049,0.980382214
ENSG00000157933,SKI,0.66763134,0.980680941
ENSG00000076716,GPC4,0.667660817,0.980680941
ENSG00000125871,C20orf72,0.668000767,0.980940249
ENSG00000173065,FAM222B,0.668126418,0.980940249
ENSG00000135486,HNRNPA1,0.668139385,0.980940249
ENSG00000198727,MT-CYB,0.668196121,0.980940249
ENSG00000176896,TCEANC,0.668388517,0.980940249
ENSG00000159055,MIS18A,0.668445462,0.980940249
ENSG00000125966,MMP24,0.668489552,0.980940249
ENSG00000136738,STAM,0.668590091,0.980940249
ENSG00000257218,GATC,0.668596933,0.980940249
ENSG00000165730,STOX1,0.668618312,0.980940249
ENSG00000171960,PPIH,0.668647213,0.980940249
ENSG00000049656,CLPTM1L,0.668673231,0.980940249
ENSG00000213339,QTRT1,0.668716835,0.980940249
ENSG00000099800,TIMM13,0.668749793,0.980940249
ENSG00000170324,FRMPD2,0.668808372,0.980940249
ENSG00000122692,SMU1,0.668861199,0.980940249
ENSG00000164929,BAALC,0.66894841,0.980940249
ENSG00000145198,VWA5B2,0.668954661,0.980940249
ENSG00000143149,ALDH9A1,0.668972221,0.980940249
ENSG00000099917,MED15,0.669038039,0.980949175
ENSG00000203709,C1orf132,0.669207176,0.9810926
ENSG00000166913,YWHAB,0.669353161,0.9810926
ENSG00000242612,DECR2,0.669382659,0.9810926
ENSG00000148358,GPR107,0.669419517,0.9810926
ENSG00000163950,SLBP,0.669434554,0.9810926
ENSG00000198453,ZNF568,0.66952136,0.981099786
ENSG00000258704,.,0.669576582,0.981099786
ENSG00000183323,CCDC125,0.669674832,0.981099786
ENSG00000204588,.,0.669678415,0.981099786
ENSG00000144445,KANSL1L,0.66986132,0.981219834
ENSG00000183520,UTP11L,0.66987985,0.981219834
ENSG00000267325,.,0.669967514,0.981260723
ENSG00000130876,SLC7A10,0.670123435,0.981401567
ENSG00000143486,EIF2D,0.670228737,0.981420599
ENSG00000142453,CARM1,0.670306351,0.981420599
ENSG00000261324,.,0.670393407,0.981420599
ENSG00000259781,.,0.670444898,0.981420599
ENSG00000244439,.,0.670573379,0.981420599
ENSG00000184216,IRAK1,0.670581519,0.981420599
ENSG00000136840,ST6GALNAC4,0.670699357,0.981420599
ENSG00000259024,FAM18B2-CDRT4,0.670814744,0.981420599
ENSG00000095970,TREM2,0.67088104,0.981420599
ENSG00000214026,MRPL23,0.670885774,0.981420599
ENSG00000128872,TMOD2,0.670919017,0.981420599
ENSG00000165807,PPP1R36,0.670938936,0.981420599
ENSG00000216895,.,0.671063901,0.981420599
ENSG00000115942,ORC2,0.671123639,0.981420599
ENSG00000169621,APLF,0.6711481,0.981420599
ENSG00000171320,ESCO2,0.671320535,0.981420599
ENSG00000166278,C2,0.67133587,0.981420599
ENSG00000081923,ATP8B1,0.671475075,0.981420599
ENSG00000164323,KIAA1430,0.671485724,0.981420599
ENSG00000163214,DHX57,0.671567205,0.981420599
ENSG00000179195,ZNF664,0.671569296,0.981420599
ENSG00000198064,.,0.671576121,0.981420599
ENSG00000198258,UBL5,0.671604632,0.981420599
ENSG00000162482,AKR7A3,0.671639811,0.981420599
ENSG00000243317,C7orf73,0.671746421,0.981420599
ENSG00000102870,ZNF629,0.671841596,0.981420599
ENSG00000090932,DLL3,0.671919103,0.981420599
ENSG00000091972,CD200,0.672124182,0.981420599
ENSG00000113966,ARL6,0.672169468,0.981420599
ENSG00000008405,CRY1,0.672176855,0.981420599
ENSG00000172725,CORO1B,0.672181758,0.981420599
ENSG00000250790,.,0.672282239,0.981420599
ENSG00000007923,DNAJC11,0.67229237,0.981420599
ENSG00000111897,SERINC1,0.672323832,0.981420599
ENSG00000177728,KIAA0195,0.672324328,0.981420599
ENSG00000167535,CACNB3,0.672327548,0.981420599
ENSG00000184838,PRR16,0.672374987,0.981420599
ENSG00000114353,GNAI2,0.672407269,0.981420599
ENSG00000158863,FAM160B2,0.67252671,0.981507701
ENSG00000173275,ZNF449,0.672614061,0.981547958
ENSG00000204022,LIPJ,0.672735744,0.981638305
ENSG00000123131,PRDX4,0.672886219,0.981664157
ENSG00000198840,MT-ND3,0.672930741,0.981664157
ENSG00000182173,TSEN54,0.672975539,0.981664157
ENSG00000075043,KCNQ2,0.672992556,0.981664157
ENSG00000250686,.,0.673100288,0.981734106
ENSG00000189127,ANKRD34B,0.673271762,0.981897003
ENSG00000124279,FASTKD3,0.673659905,0.982025503
ENSG00000165914,TTC7B,0.673881791,0.982025503
ENSG00000123836,PFKFB2,0.67389933,0.982025503
ENSG00000078237,C12orf5,0.673919229,0.982025503
ENSG00000108375,RNF43,0.673923179,0.982025503
ENSG00000235706,DICER1-AS1,0.673960397,0.982025503
ENSG00000187522,HSPA14,0.674038113,0.982025503
ENSG00000134042,MRO,0.674071132,0.982025503
ENSG00000169220,RGS14,0.674074171,0.982025503
ENSG00000174606,ANGEL2,0.6741104,0.982025503
ENSG00000065923,SLC9A7,0.674222817,0.982025503
ENSG00000240342,RPS2P5,0.674239065,0.982025503
ENSG00000128052,KDR,0.674240375,0.982025503
ENSG00000157388,CACNA1D,0.674332895,0.982025503
ENSG00000151338,MIPOL1,0.674668422,0.982025503
ENSG00000125977,EIF2S2,0.674865586,0.982025503
ENSG00000186635,ARAP1,0.674986418,0.982025503
ENSG00000084676,NCOA1,0.674988704,0.982025503
ENSG00000108064,TFAM,0.675087563,0.982025503
ENSG00000077942,FBLN1,0.675125496,0.982025503
ENSG00000185275,CD24P4,0.675152336,0.982025503
ENSG00000003393,ALS2,0.675237527,0.982025503
ENSG00000265735,.,0.675254205,0.982025503
ENSG00000196782,MAML3,0.675336463,0.982025503
ENSG00000076770,MBNL3,0.675369448,0.982025503
ENSG00000148331,ASB6,0.675375831,0.982025503
ENSG00000259623,.,0.675383334,0.982025503
ENSG00000254469,.,0.675619598,0.982025503
ENSG00000261193,.,0.675723951,0.982025503
ENSG00000011454,RABGAP1,0.675747079,0.982025503
ENSG00000138823,MTTP,0.675752499,0.982025503
ENSG00000169247,SH3TC2,0.675777337,0.982025503
ENSG00000250159,.,0.675779748,0.982025503
ENSG00000136935,GOLGA1,0.67585249,0.982025503
ENSG00000169756,LIMS1,0.675891543,0.982025503
ENSG00000161547,SRSF2,0.675902975,0.982025503
ENSG00000213406,ANXA2P1,0.676086527,0.982025503
ENSG00000262096,PCDHB19P,0.676091535,0.982025503
ENSG00000154719,MRPL39,0.676222525,0.982025503
ENSG00000038358,EDC4,0.676226172,0.982025503
ENSG00000174521,TTC9B,0.676277629,0.982025503
ENSG00000146282,RARS2,0.676320931,0.982025503
ENSG00000226180,.,0.676372997,0.982025503
ENSG00000120662,MTRF1,0.676398165,0.982025503
ENSG00000161204,ABCF3,0.676508462,0.982025503
ENSG00000165775,FUNDC2,0.676527486,0.982025503
ENSG00000181016,C7orf53,0.676674837,0.982025503
ENSG00000188386,PPP3R2,0.676717638,0.982025503
ENSG00000162994,CLHC1,0.676805271,0.982025503
ENSG00000074706,IPCEF1,0.677014009,0.982025503
ENSG00000104859,CLASRP,0.677015785,0.982025503
ENSG00000125779,PANK2,0.677043586,0.982025503
ENSG00000198886,MT-ND4,0.677099889,0.982025503
ENSG00000123901,GPR83,0.677216432,0.982025503
ENSG00000146192,FGD2,0.677224331,0.982025503
ENSG00000174233,ADCY6,0.677380742,0.982025503
ENSG00000198185,ZNF334,0.677394515,0.982025503
ENSG00000189043,NDUFA4,0.677413475,0.982025503
ENSG00000161800,RACGAP1,0.677466831,0.982025503
ENSG00000109572,CLCN3,0.677473912,0.982025503
ENSG00000266753,.,0.677505137,0.982025503
ENSG00000257815,.,0.677520468,0.982025503
ENSG00000131051,RBM39,0.677587892,0.982025503
ENSG00000197128,ZNF772,0.677589545,0.982025503
ENSG00000176953,NFATC2IP,0.677594111,0.982025503
ENSG00000009830,POMT2,0.67767443,0.982025503
ENSG00000112796,ENPP5,0.677677286,0.982025503
ENSG00000130038,EFCAB4B,0.677746637,0.982025503
ENSG00000154736,ADAMTS5,0.677770732,0.982025503
ENSG00000231500,RPS18,0.677859705,0.982025503
ENSG00000264885,.,0.677863349,0.982025503
ENSG00000125734,GPR108,0.678033275,0.982025503
ENSG00000261325,.,0.678054246,0.982025503
ENSG00000129048,CCRL1,0.678054299,0.982025503
ENSG00000160305,DIP2A,0.678075988,0.982025503
ENSG00000163875,MEAF6,0.678111483,0.982025503
ENSG00000106261,ZKSCAN1,0.678157004,0.982025503
ENSG00000132024,CC2D1A,0.678336948,0.982025503
ENSG00000102710,FAM48A,0.678341713,0.982025503
ENSG00000166912,MTMR10,0.67850246,0.982025503
ENSG00000141655,TNFRSF11A,0.678576033,0.982025503
ENSG00000179832,HEATR7A,0.678649643,0.982025503
ENSG00000114861,FOXP1,0.678664709,0.982025503
ENSG00000261088,.,0.678689335,0.982025503
ENSG00000083168,KAT6A,0.678720578,0.982025503
ENSG00000183624,C3orf37,0.67875354,0.982025503
ENSG00000174586,ZNF497,0.678756402,0.982025503
ENSG00000138286,FAM149B1,0.67875975,0.982025503
ENSG00000106404,CLDN15,0.678937444,0.982025503
ENSG00000105784,RUNDC3B,0.678966809,0.982025503
ENSG00000181222,POLR2A,0.679056974,0.982025503
ENSG00000044574,HSPA5,0.679072139,0.982025503
ENSG00000067606,PRKCZ,0.679126932,0.982025503
ENSG00000180769,WDFY3-AS2,0.679176881,0.982025503
ENSG00000177854,TMEM187,0.679204615,0.982025503
ENSG00000125991,ERGIC3,0.679234978,0.982025503
ENSG00000214353,.,0.67928362,0.982025503
ENSG00000228246,.,0.679295673,0.982025503
ENSG00000196422,PPP1R26,0.679414074,0.982025503
ENSG00000177764,ZCCHC3,0.679447592,0.982025503
ENSG00000184162,NR2C2AP,0.67945315,0.982025503
ENSG00000124198,ARFGEF2,0.679459039,0.982025503
ENSG00000182199,SHMT2,0.67957416,0.982071169
ENSG00000196419,XRCC6,0.679710862,0.982071169
ENSG00000233025,CRYZP1,0.67971539,0.982071169
ENSG00000223812,.,0.679729829,0.982071169
ENSG00000119523,ALG2,0.679817294,0.982111138
ENSG00000100852,ARHGAP5,0.679910866,0.982159922
ENSG00000205060,SLC35B4,0.680022672,0.982181874
ENSG00000197497,ZNF665,0.680045673,0.982181874
ENSG00000144837,PLA1A,0.680165275,0.982200935
ENSG00000188092,GPR89B,0.680183799,0.982200935
ENSG00000233363,.,0.680258999,0.982200935
ENSG00000145794,MEGF10,0.680422763,0.982200935
ENSG00000175785,PRIMA1,0.680427745,0.982200935
ENSG00000135426,TESPA1,0.680449941,0.982200935
ENSG00000060982,BCAT1,0.680482179,0.982200935
ENSG00000105583,WDR83OS,0.680537322,0.982200935
ENSG00000130943,PKDREJ,0.680658918,0.982227725
ENSG00000159658,KIAA0494,0.6806755,0.982227725
ENSG00000160570,DEDD2,0.680834003,0.982268726
ENSG00000234432,.,0.680857877,0.982268726
ENSG00000186376,ZNF75D,0.680883345,0.982268726
ENSG00000163935,SFMBT1,0.681067838,0.982411648
ENSG00000260329,.,0.681102054,0.982411648
ENSG00000122406,RPL5,0.6811854,0.982445581
ENSG00000167461,RAB8A,0.681317681,0.982493078
ENSG00000183137,CEP57L1,0.681337981,0.982493078
ENSG00000204113,BMP2KL,0.68145437,0.982521478
ENSG00000109390,NDUFC1,0.681514448,0.982521478
ENSG00000186998,EMID1,0.681537154,0.982521478
ENSG00000240336,.,0.681711577,0.982546497
ENSG00000115661,STK16,0.681721442,0.982546497
ENSG00000178764,ZHX2,0.681733991,0.982546497
ENSG00000072195,SPEG,0.682114647,0.982948816
ENSG00000141933,TPGS1,0.682132841,0.982948816
ENSG00000101216,GMEB2,0.682272541,0.983026213
ENSG00000112294,ALDH5A1,0.682306266,0.983026213
ENSG00000225206,MIR2682,0.682426952,0.983048298
ENSG00000166130,IKBIP,0.68246098,0.983048298
ENSG00000262246,CORO7,0.682568625,0.983048298
ENSG00000173546,CSPG4,0.682589733,0.983048298
ENSG00000109736,MFSD10,0.682793345,0.983048298
ENSG00000110442,COMMD9,0.682862831,0.983048298
ENSG00000167552,TUBA1A,0.682863017,0.983048298
ENSG00000127084,FGD3,0.68321858,0.983048298
ENSG00000138785,INTS12,0.683231666,0.983048298
ENSG00000076248,UNG,0.68324642,0.983048298
ENSG00000143753,DEGS1,0.683394343,0.983048298
ENSG00000080561,MID2,0.683512884,0.983048298
ENSG00000131374,TBC1D5,0.683592162,0.983048298
ENSG00000259001,.,0.683605321,0.983048298
ENSG00000147548,WHSC1L1,0.683616967,0.983048298
ENSG00000105855,ITGB8,0.683627677,0.983048298
ENSG00000230006,ANKRD36BP2,0.683649144,0.983048298
ENSG00000178307,TMEM11,0.683660082,0.983048298
ENSG00000167670,CHAF1A,0.683727563,0.983048298
ENSG00000104870,FCGRT,0.683782182,0.983048298
ENSG00000196653,ZNF502,0.683788911,0.983048298
ENSG00000197756,RPL37A,0.683805421,0.983048298
ENSG00000103121,CMC2,0.68388587,0.983048298
ENSG00000213853,EMP2,0.683914786,0.983048298
ENSG00000269386,RAB11B-AS1,0.683966,0.983048298
ENSG00000106278,PTPRZ1,0.683980346,0.983048298
ENSG00000215504,.,0.684082899,0.983048298
ENSG00000142864,SERBP1,0.684327934,0.983048298
ENSG00000152580,IGSF10,0.684337999,0.983048298
ENSG00000204961,PCDHA9,0.684358302,0.983048298
ENSG00000164707,SLC13A4,0.684415338,0.983048298
ENSG00000101811,CSTF2,0.684539103,0.983048298
ENSG00000174951,FUT1,0.684556474,0.983048298
ENSG00000153563,CD8A,0.684702619,0.983048298
ENSG00000125743,SNRPD2,0.684706117,0.983048298
ENSG00000163386,NBPF10,0.684723126,0.983048298
ENSG00000130402,ACTN4,0.684740237,0.983048298
ENSG00000255693,.,0.684885527,0.983048298
ENSG00000261221,ZNF865,0.684969609,0.983048298
ENSG00000175873,.,0.685022643,0.983048298
ENSG00000099991,CABIN1,0.685033022,0.983048298
ENSG00000267060,PTGES3L,0.685142128,0.983048298
ENSG00000152904,GGPS1,0.685144418,0.983048298
ENSG00000236557,.,0.68515295,0.983048298
ENSG00000204991,SPIRE2,0.685192768,0.983048298
ENSG00000140299,BNIP2,0.685312997,0.983048298
ENSG00000258890,CEP95,0.685336446,0.983048298
ENSG00000129596,CDO1,0.685340246,0.983048298
ENSG00000183628,DGCR6,0.685468741,0.983048298
ENSG00000198010,DLGAP2,0.685553477,0.983048298
ENSG00000105063,PPP6R1,0.685640121,0.983048298
ENSG00000105223,PLD3,0.686021008,0.983048298
ENSG00000064932,SBNO2,0.686050596,0.983048298
ENSG00000149016,TUT1,0.686084079,0.983048298
ENSG00000172171,TEFM,0.686124151,0.983048298
ENSG00000042286,AIFM2,0.686146821,0.983048298
ENSG00000075407,ZNF37A,0.68615515,0.983048298
ENSG00000148175,STOM,0.686202932,0.983048298
ENSG00000188763,FZD9,0.686236089,0.983048298
ENSG00000258056,.,0.686254481,0.983048298
ENSG00000186806,VSIG10L,0.686287199,0.983048298
ENSG00000198799,LRIG2,0.686345243,0.983048298
ENSG00000163738,MTHFD2L,0.686394862,0.983048298
ENSG00000096070,BRPF3,0.686496393,0.983048298
ENSG00000160131,VMA21,0.686623412,0.983048298
ENSG00000160193,WDR4,0.68666381,0.983048298
ENSG00000136933,RABEPK,0.686681594,0.983048298
ENSG00000197647,ZNF433,0.686713089,0.983048298
ENSG00000163762,TM4SF18,0.687038831,0.983048298
ENSG00000169570,DTWD2,0.687145768,0.983048298
ENSG00000260248,.,0.68719039,0.983048298
ENSG00000178662,CSRNP3,0.687209421,0.983048298
ENSG00000162390,ACOT11,0.687234505,0.983048298
ENSG00000107077,KDM4C,0.687279327,0.983048298
ENSG00000183690,EFHC2,0.687297053,0.983048298
ENSG00000175787,ZNF169,0.687303312,0.983048298
ENSG00000129691,ASH2L,0.687329952,0.983048298
ENSG00000105708,ZNF14,0.687367082,0.983048298
ENSG00000167840,ZNF232,0.6874969,0.983048298
ENSG00000235655,H3F3AP4,0.687534758,0.983048298
ENSG00000010539,ZNF200,0.687579555,0.983048298
ENSG00000197217,ENTPD4,0.687646595,0.983048298
ENSG00000171791,BCL2,0.687692694,0.983048298
ENSG00000148488,ST8SIA6,0.68771971,0.983048298
ENSG00000168758,SEMA4C,0.687793198,0.983048298
ENSG00000101751,POLI,0.68786753,0.983048298
ENSG00000182636,NDN,0.68795923,0.983048298
ENSG00000240240,.,0.688014899,0.983048298
ENSG00000130706,ADRM1,0.688111601,0.983048298
ENSG00000219448,.,0.688149812,0.983048298
ENSG00000130741,EIF2S3,0.688218801,0.983048298
ENSG00000140264,SERF2,0.688280668,0.983048298
ENSG00000114391,RPL24,0.688298106,0.983048298
ENSG00000159712,ANKRD18CP,0.688302301,0.983048298
ENSG00000141664,ZCCHC2,0.688323192,0.983048298
ENSG00000147421,HMBOX1,0.688444157,0.983048298
ENSG00000183722,LHFP,0.688509821,0.983048298
ENSG00000088247,KHSRP,0.68856025,0.983048298
ENSG00000163132,MSX1,0.688659528,0.983048298
ENSG00000182108,DEXI,0.688664098,0.983048298
ENSG00000179820,MYADM,0.688695306,0.983048298
ENSG00000253910,PCDHGB2,0.688720028,0.983048298
ENSG00000155957,TMBIM4,0.688743987,0.983048298
ENSG00000141101,NOB1,0.688768439,0.983048298
ENSG00000127445,PIN1,0.688784619,0.983048298
ENSG00000175567,UCP2,0.688939985,0.983048298
ENSG00000165494,PCF11,0.688943508,0.983048298
ENSG00000128833,MYO5C,0.688974368,0.983048298
ENSG00000102043,MTMR8,0.689154958,0.983048298
ENSG00000070814,TCOF1,0.68919336,0.983048298
ENSG00000156968,MPV17L,0.689200818,0.983048298
ENSG00000110429,FBXO3,0.689230818,0.983048298
ENSG00000145216,FIP1L1,0.689273964,0.983048298
ENSG00000231875,.,0.689287773,0.983048298
ENSG00000151150,ANK3,0.689314743,0.983048298
ENSG00000083937,CHMP2B,0.689411201,0.983048298
ENSG00000179965,ZNF771,0.689542823,0.983048298
ENSG00000167193,CRK,0.689578258,0.983048298
ENSG00000148943,LIN7C,0.689676008,0.983048298
ENSG00000142937,RPS8,0.689731167,0.983048298
ENSG00000204257,HLA-DMA,0.689787051,0.983048298
ENSG00000173480,ZNF417,0.689813268,0.983048298
ENSG00000214273,AGGF1P1,0.689819901,0.983048298
ENSG00000175899,A2M,0.689842012,0.983048298
ENSG00000170464,DNAJC18,0.689865188,0.983048298
ENSG00000183186,C2CD4C,0.689912845,0.983048298
ENSG00000231269,MIR137HG,0.689937952,0.983048298
ENSG00000231584,FAHD2CP,0.689983422,0.983048298
ENSG00000174796,THAP6,0.690055754,0.98306607
ENSG00000135314,KHDC1,0.690143657,0.983106017
ENSG00000183023,SLC8A1,0.690314849,0.983258724
ENSG00000125875,TBC1D20,0.690378488,0.983258724
ENSG00000073464,CLCN4,0.690666923,0.983258724
ENSG00000099956,SMARCB1,0.690675845,0.983258724
ENSG00000074416,MGLL,0.690760874,0.983258724
ENSG00000251600,.,0.690913012,0.983258724
ENSG00000133119,RFC3,0.690925897,0.983258724
ENSG00000260727,.,0.690942841,0.983258724
ENSG00000151789,ZNF385D,0.690959293,0.983258724
ENSG00000231560,.,0.691158869,0.983258724
ENSG00000254996,ANKHD1-EIF4EBP3,0.691187395,0.983258724
ENSG00000134285,FKBP11,0.691336146,0.983258724
ENSG00000176383,B3GNT4,0.691342576,0.983258724
ENSG00000160959,LRRC14,0.691349281,0.983258724
ENSG00000258484,SPESP1,0.691357422,0.983258724
ENSG00000087245,MMP2,0.691462256,0.983258724
ENSG00000105699,LSR,0.69157903,0.983258724
ENSG00000213096,ZNF254,0.691607431,0.983258724
ENSG00000137601,NEK1,0.691637585,0.983258724
ENSG00000162591,MEGF6,0.691709639,0.983258724
ENSG00000259619,.,0.691801551,0.983258724
ENSG00000135372,NAT10,0.691880733,0.983258724
ENSG00000147475,ERLIN2,0.691902523,0.983258724
ENSG00000115419,GLS,0.691969786,0.983258724
ENSG00000102760,RGCC,0.691975662,0.983258724
ENSG00000135069,PSAT1,0.69198197,0.983258724
ENSG00000105327,BBC3,0.692238728,0.983258724
ENSG00000124608,AARS2,0.692296519,0.983258724
ENSG00000124275,MTRR,0.692304466,0.983258724
ENSG00000169908,TM4SF1,0.692308858,0.983258724
ENSG00000142173,COL6A2,0.692352344,0.983258724
ENSG00000149100,EIF3M,0.692355103,0.983258724
ENSG00000140374,ETFA,0.692421591,0.983258724
ENSG00000228253,MT-ATP8,0.692434651,0.983258724
ENSG00000250461,.,0.692561908,0.983258724
ENSG00000163377,FAM19A4,0.692605093,0.983258724
ENSG00000068878,PSME4,0.692639263,0.983258724
ENSG00000151303,AGAP11,0.692756944,0.983258724
ENSG00000253932,.,0.692930226,0.983258724
ENSG00000078747,ITCH,0.693043574,0.983258724
ENSG00000160293,VAV2,0.693072621,0.983258724
ENSG00000142731,PLK4,0.693079316,0.983258724
ENSG00000100281,HMGXB4,0.693101879,0.983258724
ENSG00000247708,.,0.693164873,0.983258724
ENSG00000176410,DNAJC30,0.693184144,0.983258724
ENSG00000237750,.,0.693201622,0.983258724
ENSG00000268575,.,0.693222121,0.983258724
ENSG00000182103,FAM181B,0.69330012,0.983258724
ENSG00000037749,MFAP3,0.69344422,0.983258724
ENSG00000250017,.,0.693449567,0.983258724
ENSG00000085831,TTC39A,0.693620866,0.983258724
ENSG00000100604,CHGA,0.693642138,0.983258724
ENSG00000123104,ITPR2,0.693685371,0.983258724
ENSG00000133665,DYDC2,0.693781034,0.983258724
ENSG00000068308,OTUD5,0.693826743,0.983258724
ENSG00000145506,NKD2,0.693845687,0.983258724
ENSG00000142910,TINAGL1,0.693863835,0.983258724
ENSG00000181751,C5orf30,0.693898675,0.983258724
ENSG00000204560,DHX16,0.693977819,0.983258724
ENSG00000155792,DEPTOR,0.694067663,0.983258724
ENSG00000175115,PACS1,0.694163201,0.983258724
ENSG00000224940,PRRT4,0.694170292,0.983258724
ENSG00000242173,ARHGDIG,0.694259184,0.983258724
ENSG00000174669,SLC29A2,0.694331721,0.983258724
ENSG00000204655,MOG,0.694382035,0.983258724
ENSG00000167588,GPD1,0.694427283,0.983258724
ENSG00000180901,KCTD2,0.694468704,0.983258724
ENSG00000180881,CAPS2,0.694500003,0.983258724
ENSG00000177410,ZNFX1-AS1,0.694549245,0.983258724
ENSG00000130725,UBE2M,0.694565365,0.983258724
ENSG00000132792,CTNNBL1,0.694611472,0.983258724
ENSG00000196502,SULT1A1,0.694808642,0.983258724
ENSG00000135164,DMTF1,0.694831373,0.983258724
ENSG00000049167,ERCC8,0.694840979,0.983258724
ENSG00000123685,BATF3,0.694860058,0.983258724
ENSG00000119686,FLVCR2,0.694985249,0.983258724
ENSG00000166321,NUDT13,0.694992403,0.983258724
ENSG00000173210,ABLIM3,0.69500891,0.983258724
ENSG00000197380,DACT3,0.695084477,0.983258724
ENSG00000117748,RPA2,0.695340693,0.983258724
ENSG00000120690,ELF1,0.695365131,0.983258724
ENSG00000132680,KIAA0907,0.69548095,0.983258724
ENSG00000214046,SMIM7,0.695483514,0.983258724
ENSG00000002834,LASP1,0.695513431,0.983258724
ENSG00000196417,ZNF765,0.695554012,0.983258724
ENSG00000181039,ANKRD34A,0.695559921,0.983258724
ENSG00000101444,AHCY,0.695697157,0.983258724
ENSG00000175806,MSRA,0.695723781,0.983258724
ENSG00000165169,DYNLT3,0.695790656,0.983258724
ENSG00000114790,ARHGEF26,0.69580643,0.983258724
ENSG00000131149,GSE1,0.695927257,0.983258724
ENSG00000111481,COPZ1,0.695954062,0.983258724
ENSG00000253640,.,0.696012436,0.983258724
ENSG00000182841,RRP7B,0.696031723,0.983258724
ENSG00000023734,STRAP,0.696099013,0.983258724
ENSG00000134072,CAMK1,0.69610353,0.983258724
ENSG00000231252,.,0.696107619,0.983258724
ENSG00000187741,FANCA,0.696265234,0.983258724
ENSG00000179399,GPC5,0.696347678,0.983258724
ENSG00000105618,PRPF31,0.696423434,0.983258724
ENSG00000204706,.,0.696557266,0.983258724
ENSG00000139266,MARCH9,0.696603338,0.983258724
ENSG00000064886,CHI3L2,0.696696449,0.983258724
ENSG00000100994,PYGB,0.69671991,0.983258724
ENSG00000249194,.,0.696719975,0.983258724
ENSG00000011451,WIZ,0.696864394,0.983258724
ENSG00000169914,OTUD3,0.69705011,0.983258724
ENSG00000162144,CYBASC3,0.697068817,0.983258724
ENSG00000136021,SCYL2,0.697164758,0.983258724
ENSG00000064313,TAF2,0.69718274,0.983258724
ENSG00000139343,SNRPF,0.69720073,0.983258724
ENSG00000215190,LINC00680,0.697241174,0.983258724
ENSG00000107957,SH3PXD2A,0.697287549,0.983258724
ENSG00000115084,SLC35F5,0.697329885,0.983258724
ENSG00000215126,CBWD7,0.697334253,0.983258724
ENSG00000137841,PLCB2,0.697388035,0.983258724
ENSG00000136044,APPL2,0.697430554,0.983258724
ENSG00000007516,BAIAP3,0.697529096,0.983258724
ENSG00000164818,HEATR2,0.697605532,0.983258724
ENSG00000180771,SRSF8,0.697744293,0.983258724
ENSG00000139372,TDG,0.697801613,0.983258724
ENSG00000128944,C15orf23,0.69783443,0.983258724
ENSG00000101997,CCDC22,0.697908281,0.983258724
ENSG00000120137,PANK3,0.697999722,0.983258724
ENSG00000165280,VCP,0.698005223,0.983258724
ENSG00000223930,.,0.698059622,0.983258724
ENSG00000113615,SEC24A,0.698103431,0.983258724
ENSG00000063244,U2AF2,0.698107842,0.983258724
ENSG00000234231,.,0.698155787,0.983258724
ENSG00000106803,SEC61B,0.69816355,0.983258724
ENSG00000174844,DNAH12,0.698247119,0.983258724
ENSG00000214198,.,0.698382623,0.983258724
ENSG00000181915,ADO,0.698436499,0.983258724
ENSG00000136682,CBWD2,0.698601213,0.983258724
ENSG00000221995,TIAF1,0.6986096,0.983258724
ENSG00000196453,ZNF777,0.698618939,0.983258724
ENSG00000168140,VASN,0.698696942,0.983258724
ENSG00000242687,.,0.69876453,0.983258724
ENSG00000198894,KIAA1737,0.698787367,0.983258724
ENSG00000179796,LRRC3B,0.698850724,0.983258724
ENSG00000111229,ARPC3,0.698893749,0.983258724
ENSG00000112624,KIAA0240,0.699018351,0.983258724
ENSG00000085185,BCORL1,0.699038016,0.983258724
ENSG00000131966,ACTR10,0.699054085,0.983258724
ENSG00000262410,.,0.699233224,0.983258724
ENSG00000104490,NCALD,0.699285184,0.983258724
ENSG00000134375,TIMM17A,0.699295529,0.983258724
ENSG00000169217,CD2BP2,0.699334988,0.983258724
ENSG00000239926,.,0.699479953,0.983258724
ENSG00000133816,MICAL2,0.69949668,0.983258724
ENSG00000140280,LYSMD2,0.699496845,0.983258724
ENSG00000180385,.,0.699591978,0.983258724
ENSG00000068366,ACSL4,0.699677382,0.983258724
ENSG00000173744,AGFG1,0.699762413,0.983258724
ENSG00000139291,TMEM19,0.699847624,0.983258724
ENSG00000186660,ZFP91,0.699893418,0.983258724
ENSG00000142687,KIAA0319L,0.699964623,0.983258724
ENSG00000101224,CDC25B,0.700117866,0.983258724
ENSG00000137714,FDX1,0.700185403,0.983258724
ENSG00000214367,HAUS3,0.700192281,0.983258724
ENSG00000086232,EIF2AK1,0.700299494,0.983258724
ENSG00000116497,S100PBP,0.700384214,0.983258724
ENSG00000240132,ETF1P2,0.700395001,0.983258724
ENSG00000078487,ZCWPW1,0.700479825,0.983258724
ENSG00000224086,.,0.700558432,0.983258724
ENSG00000116985,BMP8B,0.700604873,0.983258724
ENSG00000182551,ADI1,0.70060545,0.983258724
ENSG00000148229,POLE3,0.700639937,0.983258724
ENSG00000166676,FAM18A,0.700645277,0.983258724
ENSG00000169429,IL8,0.700677522,0.983258724
ENSG00000170946,DNAJC24,0.70072536,0.983258724
ENSG00000100664,EIF5,0.700725735,0.983258724
ENSG00000171100,MTM1,0.700879156,0.983258724
ENSG00000105447,GRWD1,0.700931635,0.983258724
ENSG00000132855,ANGPTL3,0.701064423,0.983258724
ENSG00000116141,MARK1,0.701076752,0.983258724
ENSG00000091009,RBM27,0.70113967,0.983258724
ENSG00000197535,MYO5A,0.701206442,0.983258724
ENSG00000121766,ZCCHC17,0.701230615,0.983258724
ENSG00000168090,COPS6,0.701285572,0.983258724
ENSG00000118432,CNR1,0.701462813,0.983258724
ENSG00000147536,GINS4,0.701521227,0.983258724
ENSG00000179818,PCBP1-AS1,0.701528672,0.983258724
ENSG00000058668,ATP2B4,0.701557195,0.983258724
ENSG00000189419,.,0.701612608,0.983258724
ENSG00000126461,SCAF1,0.70180084,0.983258724
ENSG00000124562,SNRPC,0.701840487,0.983258724
ENSG00000066084,DIP2B,0.701904876,0.983258724
ENSG00000227781,.,0.701922005,0.983258724
ENSG00000017373,SRCIN1,0.702013706,0.983258724
ENSG00000182175,RGMA,0.702072193,0.983258724
ENSG00000134222,PSRC1,0.702101478,0.983258724
ENSG00000173559,NABP1,0.702272814,0.983258724
ENSG00000095203,EPB41L4B,0.702291444,0.983258724
ENSG00000166451,CENPN,0.702384503,0.983258724
ENSG00000135829,DHX9,0.702574959,0.983258724
ENSG00000267111,.,0.702578998,0.983258724
ENSG00000112309,B3GAT2,0.702684278,0.983258724
ENSG00000114423,CBLB,0.702737102,0.983258724
ENSG00000169035,KLK7,0.702794659,0.983258724
ENSG00000112110,MRPL18,0.702830957,0.983258724
ENSG00000008118,CAMK1G,0.702999935,0.983258724
ENSG00000262001,DLGAP1-AS2,0.703027527,0.983258724
ENSG00000187091,PLCD1,0.703110995,0.983258724
ENSG00000127191,TRAF2,0.703231447,0.983258724
ENSG00000224728,.,0.703241971,0.983258724
ENSG00000137857,DUOX1,0.703250701,0.983258724
ENSG00000116560,SFPQ,0.703425102,0.983258724
ENSG00000228274,.,0.703486287,0.983258724
ENSG00000188549,C15orf52,0.703497503,0.983258724
ENSG00000090989,EXOC1,0.703559269,0.983258724
ENSG00000255052,FAM66D,0.703570646,0.983258724
ENSG00000162733,DDR2,0.703618371,0.983258724
ENSG00000139908,TSSK4,0.703667072,0.983258724
ENSG00000197702,PARVA,0.703670865,0.983258724
ENSG00000065268,WDR18,0.703736909,0.983258724
ENSG00000224414,.,0.703839102,0.983258724
ENSG00000185340,GAS2L1,0.703920206,0.983258724
ENSG00000149328,GLB1L2,0.703921915,0.983258724
ENSG00000149499,EML3,0.703929907,0.983258724
ENSG00000184985,SORCS2,0.703943481,0.983258724
ENSG00000075213,SEMA3A,0.703947248,0.983258724
ENSG00000261824,LINC00662,0.703952439,0.983258724
ENSG00000186818,LILRB4,0.704005928,0.983258724
ENSG00000172354,GNB2,0.704039059,0.983258724
ENSG00000182952,HMGN4,0.704117569,0.983258724
ENSG00000068438,FTSJ1,0.704233698,0.983258724
ENSG00000232578,.,0.70423502,0.983258724
ENSG00000103056,SMPD3,0.704283417,0.983258724
ENSG00000178425,NT5DC1,0.704530279,0.983258724
ENSG00000162976,PQLC3,0.704758957,0.983258724
ENSG00000111906,HDDC2,0.704798367,0.983258724
ENSG00000119013,NDUFB3,0.704854788,0.983258724
ENSG00000079616,KIF22,0.704863562,0.983258724
ENSG00000168803,ADAL,0.704959922,0.983258724
ENSG00000150076,C10orf68,0.704995014,0.983258724
ENSG00000118733,OLFM3,0.705075707,0.983258724
ENSG00000080031,PTPRH,0.705159708,0.983258724
ENSG00000186312,CA5BP1,0.705246335,0.983258724
ENSG00000149547,EI24,0.705311181,0.983258724
ENSG00000122863,CHST3,0.705366491,0.983258724
ENSG00000145423,SFRP2,0.705462617,0.983258724
ENSG00000147394,ZNF185,0.705786289,0.983258724
ENSG00000175087,PDIK1L,0.705795816,0.983258724
ENSG00000155304,HSPA13,0.70583198,0.983258724
ENSG00000095906,NUBP2,0.705842317,0.983258724
ENSG00000229692,SOS1-IT1,0.705856111,0.983258724
ENSG00000167113,COQ4,0.706120767,0.983258724
ENSG00000203993,C9orf37,0.706201427,0.983258724
ENSG00000184613,NELL2,0.7063695,0.983258724
ENSG00000159905,ZNF221,0.706371451,0.983258724
ENSG00000132541,HRSP12,0.706429423,0.983258724
ENSG00000161010,C5orf45,0.706431373,0.983258724
ENSG00000203879,GDI1,0.706449172,0.983258724
ENSG00000167393,PPP2R3B,0.706451405,0.983258724
ENSG00000197056,ZMYM1,0.706688193,0.983258724
ENSG00000163347,CLDN1,0.706740125,0.983258724
ENSG00000155329,ZCCHC10,0.706803411,0.983258724
ENSG00000169508,GPR183,0.70683936,0.983258724
ENSG00000185022,MAFF,0.707031098,0.983258724
ENSG00000089220,PEBP1,0.707058591,0.983258724
ENSG00000156804,FBXO32,0.707092896,0.983258724
ENSG00000026950,BTN3A1,0.707256632,0.983258724
ENSG00000137098,SPAG8,0.707318286,0.983258724
ENSG00000166428,PLD4,0.707321332,0.983258724
ENSG00000139168,ZCRB1,0.707409988,0.983258724
ENSG00000099251,HSD17B7P2,0.707420098,0.983258724
ENSG00000125804,FAM182A,0.7074331,0.983258724
ENSG00000232043,.,0.707472252,0.983258724
ENSG00000259796,.,0.707574473,0.983258724
ENSG00000132463,GRSF1,0.707577807,0.983258724
ENSG00000214575,CPEB1,0.707622093,0.983258724
ENSG00000264112,.,0.70763991,0.983258724
ENSG00000144834,TAGLN3,0.707697423,0.983258724
ENSG00000136866,ZFP37,0.707757338,0.983258724
ENSG00000112936,C7,0.707774605,0.983258724
ENSG00000102524,TNFSF13B,0.707906983,0.983258724
ENSG00000214135,.,0.707932919,0.983258724
ENSG00000186318,BACE1,0.707956219,0.983258724
ENSG00000138161,CUZD1,0.708013648,0.983258724
ENSG00000165501,LRR1,0.708118139,0.983258724
ENSG00000197430,OPALIN,0.708144089,0.983258724
ENSG00000074054,CLASP1,0.708175231,0.983258724
ENSG00000068383,INPP5A,0.708273388,0.983258724
ENSG00000203780,FANK1,0.708273507,0.983258724
ENSG00000172613,RAD9A,0.708291827,0.983258724
ENSG00000144227,NXPH2,0.708298361,0.983258724
ENSG00000214659,KRT8P26,0.708335045,0.983258724
ENSG00000267010,.,0.708344034,0.983258724
ENSG00000173818,ENDOV,0.70840493,0.983258724
ENSG00000104341,LAPTM4B,0.708428601,0.983258724
ENSG00000177374,HIC1,0.708559574,0.983258724
ENSG00000173511,VEGFB,0.708568883,0.983258724
ENSG00000203876,.,0.708603129,0.983258724
ENSG00000158545,ZC3H18,0.70860874,0.983258724
ENSG00000250007,.,0.708788365,0.983258724
ENSG00000107738,C10orf54,0.708948001,0.983258724
ENSG00000121413,ZSCAN18,0.708989185,0.983258724
ENSG00000142185,TRPM2,0.709002976,0.983258724
ENSG00000196391,ZNF774,0.709112383,0.983258724
ENSG00000197249,SERPINA1,0.709117821,0.983258724
ENSG00000181991,MRPS11,0.70914516,0.983258724
ENSG00000184434,LRRC19,0.709261712,0.983258724
ENSG00000100234,TIMP3,0.70930958,0.983258724
ENSG00000106624,AEBP1,0.709339382,0.983258724
ENSG00000250132,.,0.709389048,0.983258724
ENSG00000204314,PRRT1,0.709405372,0.983258724
ENSG00000124299,PEPD,0.70954545,0.983258724
ENSG00000234290,.,0.709586609,0.983258724
ENSG00000268175,.,0.70959955,0.983258724
ENSG00000175662,TOM1L2,0.709601307,0.983258724
ENSG00000261668,.,0.709625661,0.983258724
ENSG00000088298,EDEM2,0.709709789,0.983258724
ENSG00000122420,PTGFR,0.709741689,0.983258724
ENSG00000205250,E2F4,0.709743428,0.983258724
ENSG00000179361,ARID3B,0.709746485,0.983258724
ENSG00000021776,AQR,0.709809113,0.983258724
ENSG00000144029,MRPS5,0.70985703,0.983258724
ENSG00000149179,C11orf49,0.709892312,0.983258724
ENSG00000105287,PRKD2,0.709945189,0.983258724
ENSG00000146469,VIP,0.710064592,0.983258724
ENSG00000226627,SHANK2-AS1,0.710129371,0.983258724
ENSG00000075073,TACR2,0.710130175,0.983258724
ENSG00000139517,LNX2,0.710143621,0.983258724
ENSG00000144468,RHBDD1,0.710178861,0.983258724
ENSG00000095485,CWF19L1,0.71030899,0.983258724
ENSG00000234281,.,0.710316802,0.983258724
ENSG00000020922,MRE11A,0.710367559,0.983258724
ENSG00000186654,PRR5,0.71060726,0.983258724
ENSG00000182087,C19orf6,0.710619852,0.983258724
ENSG00000169933,FRMPD4,0.710651359,0.983258724
ENSG00000248449,PCDHGB8P,0.710684487,0.983258724
ENSG00000111850,C6orf162,0.710765007,0.983258724
ENSG00000158427,TMSB15B,0.710880041,0.983258724
ENSG00000165424,ZCCHC24,0.710981358,0.983258724
ENSG00000170049,KCNAB3,0.711022549,0.983258724
ENSG00000143252,SDHC,0.711078182,0.983258724
ENSG00000203943,SAMD13,0.711089765,0.983258724
ENSG00000162377,SELRC1,0.711142791,0.983258724
ENSG00000113212,PCDHB7,0.711202679,0.983258724
ENSG00000163882,POLR2H,0.711211368,0.983258724
ENSG00000153531,ADPRHL1,0.711230201,0.983258724
ENSG00000062598,ELMO2,0.711295606,0.983258724
ENSG00000166387,PPFIBP2,0.711357274,0.983258724
ENSG00000186470,BTN3A2,0.71141139,0.983258724
ENSG00000144840,RABL3,0.71149995,0.983258724
ENSG00000188786,MTF1,0.711591037,0.983258724
ENSG00000182870,GALNT9,0.711670387,0.983258724
ENSG00000070423,RNF126,0.711835696,0.983258724
ENSG00000154889,MPPE1,0.711864012,0.983258724
ENSG00000186532,SMYD4,0.711866296,0.983258724
ENSG00000168101,NUDT16L1,0.711909476,0.983258724
ENSG00000169750,RAC3,0.711982166,0.983258724
ENSG00000104331,IMPAD1,0.71200425,0.983258724
ENSG00000183011,LSMD1,0.712058684,0.983258724
ENSG00000127616,SMARCA4,0.712114066,0.983258724
ENSG00000130935,NOL11,0.712125612,0.983258724
ENSG00000180747,.,0.712144112,0.983258724
ENSG00000141452,C18orf8,0.712511989,0.983258724
ENSG00000262576,PCDHGA4,0.712540097,0.983258724
ENSG00000268053,.,0.712548357,0.983258724
ENSG00000130299,GTPBP3,0.712577508,0.983258724
ENSG00000130822,PNCK,0.712659541,0.983258724
ENSG00000257957,QRSL1P3,0.71272054,0.983258724
ENSG00000182606,TRAK1,0.712757974,0.983258724
ENSG00000158435,C2orf29,0.71278355,0.983258724
ENSG00000109046,WSB1,0.712785931,0.983258724
ENSG00000106459,NRF1,0.712831563,0.983258724
ENSG00000115884,SDC1,0.712855163,0.983258724
ENSG00000135213,POM121C,0.712894412,0.983258724
ENSG00000092421,SEMA6A,0.712938853,0.983258724
ENSG00000179057,IGSF22,0.71301394,0.983258724
ENSG00000187653,TMSB4XP8,0.713033008,0.983258724
ENSG00000114354,TFG,0.713072665,0.983258724
ENSG00000257894,.,0.7131474,0.983258724
ENSG00000136383,ALPK3,0.713154385,0.983258724
ENSG00000213523,SRA1,0.713174762,0.983258724
ENSG00000185404,SP140L,0.713233693,0.983258724
ENSG00000229117,RPL41,0.713247704,0.983258724
ENSG00000170370,EMX2,0.713346894,0.983258724
ENSG00000176401,EID2B,0.713493816,0.983258724
ENSG00000161542,PRPSAP1,0.713494267,0.983258724
ENSG00000164035,EMCN,0.713726361,0.983258724
ENSG00000085377,PREP,0.713748604,0.983258724
ENSG00000183260,ABHD16B,0.713801813,0.983258724
ENSG00000177076,ACER2,0.713939409,0.983258724
ENSG00000130748,TMEM160,0.713968153,0.983258724
ENSG00000249042,.,0.714002237,0.983258724
ENSG00000049541,RFC2,0.714008011,0.983258724
ENSG00000171680,PLEKHG5,0.714051866,0.983258724
ENSG00000106330,MOSPD3,0.714092539,0.983258724
ENSG00000142694,EVA1B,0.714093519,0.983258724
ENSG00000065978,YBX1,0.714135652,0.983258724
ENSG00000196155,PLEKHG4,0.714196589,0.983258724
ENSG00000186104,CYP2R1,0.714293131,0.983258724
ENSG00000101493,ZNF516,0.714307322,0.983258724
ENSG00000161654,LSM12,0.714469815,0.983258724
ENSG00000125505,MBOAT7,0.71449632,0.983258724
ENSG00000082175,PGR,0.714511595,0.983258724
ENSG00000087502,ERGIC2,0.714515453,0.983258724
ENSG00000028310,BRD9,0.714547629,0.983258724
ENSG00000185596,WASH3P,0.71456552,0.983258724
ENSG00000187954,CYHR1,0.714724843,0.983258724
ENSG00000204653,ASPDH,0.714837181,0.983258724
ENSG00000029725,RABEP1,0.714841178,0.983258724
ENSG00000231955,.,0.714894162,0.983258724
ENSG00000131876,SNRPA1,0.714935143,0.983258724
ENSG00000234072,.,0.714983774,0.983258724
ENSG00000138780,GSTCD,0.715148076,0.983258724
ENSG00000007384,RHBDF1,0.715182931,0.983258724
ENSG00000263874,LINC00672,0.71520602,0.983258724
ENSG00000047849,MAP4,0.71524865,0.983258724
ENSG00000189376,C8orf76,0.715273789,0.983258724
ENSG00000198087,CD2AP,0.71531092,0.983258724
ENSG00000175766,EIF4E1B,0.715380463,0.983258724
ENSG00000166164,BRD7,0.715407556,0.983258724
ENSG00000259494,MRPL46,0.715421213,0.983258724
ENSG00000255857,PXN-AS1,0.71542258,0.983258724
ENSG00000163159,VPS72,0.71544789,0.983258724
ENSG00000156453,PCDH1,0.715534795,0.983258724
ENSG00000089472,HEPH,0.716087486,0.983258724
ENSG00000114745,GORASP1,0.716090265,0.983258724
ENSG00000206579,XKR4,0.716101922,0.983258724
ENSG00000160613,PCSK7,0.716156741,0.983258724
ENSG00000100387,RBX1,0.716157245,0.983258724
ENSG00000155099,TMEM55A,0.71616266,0.983258724
ENSG00000050344,NFE2L3,0.716193231,0.983258724
ENSG00000269343,ZNF587B,0.716210976,0.983258724
ENSG00000119333,WDR34,0.71623329,0.983258724
ENSG00000164794,KCNV1,0.71625218,0.983258724
ENSG00000027075,PRKCH,0.71626837,0.983258724
ENSG00000080608,KIAA0020,0.716303662,0.983258724
ENSG00000177000,MTHFR,0.716316778,0.983258724
ENSG00000237975,FLG-AS1,0.716545198,0.983258724
ENSG00000172733,PURG,0.716560887,0.983258724
ENSG00000137275,RIPK1,0.716585094,0.983258724
ENSG00000154822,PLCL2,0.71660284,0.983258724
ENSG00000154556,SORBS2,0.716613295,0.983258724
ENSG00000184845,DRD1,0.71663122,0.983258724
ENSG00000198663,C6orf89,0.716713974,0.983258724
ENSG00000160256,FAM207A,0.716735107,0.983258724
ENSG00000257585,LINC00609,0.716738508,0.983258724
ENSG00000172817,CYP7B1,0.716867707,0.983258724
ENSG00000182511,FES,0.716888641,0.983258724
ENSG00000113558,SKP1,0.716893379,0.983258724
ENSG00000064961,HMG20B,0.71698331,0.983299949
ENSG00000103061,SLC7A6OS,0.717149921,0.983419297
ENSG00000105671,DDX49,0.71727147,0.983419297
ENSG00000198887,SMC5,0.717336211,0.983419297
ENSG00000244062,.,0.717397632,0.983419297
ENSG00000129493,HEATR5A,0.717410146,0.983419297
ENSG00000179242,CDH4,0.717437474,0.983419297
ENSG00000185088,RPS27L,0.717581679,0.983419297
ENSG00000165124,SVEP1,0.717717672,0.983419297
ENSG00000064490,RFXANK,0.717742007,0.983419297
ENSG00000091127,PUS7,0.717742786,0.983419297
ENSG00000131378,RFTN1,0.717753784,0.983419297
ENSG00000054118,THRAP3,0.717878177,0.983419297
ENSG00000174437,ATP2A2,0.718044218,0.983419297
ENSG00000231160,.,0.718059093,0.983419297
ENSG00000100109,TFIP11,0.71809498,0.983419297
ENSG00000116783,TNNI3K,0.718107784,0.983419297
ENSG00000132155,RAF1,0.718189119,0.983419297
ENSG00000232388,LINC00493,0.718203062,0.983419297
ENSG00000154845,PPP4R1,0.718301198,0.983419297
ENSG00000176485,PLA2G16,0.718341927,0.983419297
ENSG00000135124,P2RX4,0.718355713,0.983419297
ENSG00000106049,HIBADH,0.71858899,0.983419297
ENSG00000132781,MUTYH,0.718589041,0.983419297
ENSG00000205670,FAM165B,0.718648251,0.983419297
ENSG00000166925,TSC22D4,0.718739781,0.983419297
ENSG00000109016,DHRS7B,0.718742842,0.983419297
ENSG00000244734,HBB,0.71885063,0.983419297
ENSG00000089169,RPH3A,0.718867637,0.983419297
ENSG00000128573,FOXP2,0.718897356,0.983419297
ENSG00000156097,GPR61,0.719071613,0.983419297
ENSG00000175040,CHST2,0.719224449,0.983419297
ENSG00000259826,.,0.719262706,0.983419297
ENSG00000182796,TMEM198B,0.71947595,0.983419297
ENSG00000157349,DDX19B,0.719478417,0.983419297
ENSG00000139946,PELI2,0.719502348,0.983419297
ENSG00000121578,B4GALT4,0.71952446,0.983419297
ENSG00000006530,AGK,0.71952751,0.983419297
ENSG00000174514,MFSD4,0.719543918,0.983419297
ENSG00000182389,CACNB4,0.719636697,0.983419297
ENSG00000187678,SPRY4,0.719843332,0.983419297
ENSG00000179051,RCC2,0.719856561,0.983419297
ENSG00000233994,GDI2P2,0.71996198,0.983419297
ENSG00000250062,.,0.720123334,0.983419297
ENSG00000148459,PDSS1,0.720195537,0.983419297
ENSG00000213859,KCTD11,0.720221056,0.983419297
ENSG00000132005,RFX1,0.720260331,0.983419297
ENSG00000162664,ZNF326,0.720269784,0.983419297
ENSG00000156140,ADAMTS3,0.720408277,0.983419297
ENSG00000122971,ACADS,0.72048292,0.983419297
ENSG00000135926,TMBIM1,0.720489137,0.983419297
ENSG00000025800,KPNA6,0.720533067,0.983419297
ENSG00000269282,.,0.720573882,0.983419297
ENSG00000107165,TYRP1,0.720583913,0.983419297
ENSG00000089737,DDX24,0.72070058,0.983419297
ENSG00000167994,RAB3IL1,0.720725554,0.983419297
ENSG00000196642,RABL6,0.720766195,0.983419297
ENSG00000136146,MED4,0.720771567,0.983419297
ENSG00000187257,RSBN1L,0.72079665,0.983419297
ENSG00000262061,.,0.720805543,0.983419297
ENSG00000138802,SEC24B,0.72090178,0.983419297
ENSG00000143393,PI4KB,0.721029739,0.983419297
ENSG00000197658,SLC22A24,0.721251856,0.983419297
ENSG00000130396,MLLT4,0.721428594,0.983419297
ENSG00000168096,ANKS3,0.721503146,0.983419297
ENSG00000109881,CCDC34,0.721506379,0.983419297
ENSG00000154678,PDE1C,0.721729319,0.983419297
ENSG00000186310,NAP1L3,0.721733666,0.983419297
ENSG00000213904,.,0.721776087,0.983419297
ENSG00000250120,PCDHA10,0.721874813,0.983419297
ENSG00000004766,CCDC132,0.721972932,0.983419297
ENSG00000123143,PKN1,0.722002879,0.983419297
ENSG00000123570,RAB9B,0.72221651,0.983419297
ENSG00000172270,BSG,0.72222609,0.983419297
ENSG00000185436,IL28RA,0.722301934,0.983419297
ENSG00000181804,SLC9A9,0.722341753,0.983419297
ENSG00000184432,COPB2,0.722375579,0.983419297
ENSG00000145721,LIX1,0.722474895,0.983419297
ENSG00000119772,DNMT3A,0.722746685,0.983419297
ENSG00000256060,TRAPPC2P1,0.722764994,0.983419297
ENSG00000115657,ABCB6,0.722769906,0.983419297
ENSG00000204536,CCHCR1,0.722837652,0.983419297
ENSG00000249456,.,0.722863595,0.983419297
ENSG00000184156,KCNQ3,0.722923505,0.983419297
ENSG00000076984,MAP2K7,0.722923898,0.983419297
ENSG00000151176,PLBD2,0.722948266,0.983419297
ENSG00000112210,RAB23,0.722962167,0.983419297
ENSG00000260544,.,0.723024252,0.983419297
ENSG00000236922,.,0.723028118,0.983419297
ENSG00000197226,TBC1D9B,0.723031536,0.983419297
ENSG00000113504,SLC12A7,0.723113765,0.983419297
ENSG00000105221,AKT2,0.723113824,0.983419297
ENSG00000066322,ELOVL1,0.723171517,0.983419297
ENSG00000172399,MYOZ2,0.723196475,0.983419297
ENSG00000188321,ZNF559,0.723216523,0.983419297
ENSG00000158882,TOMM40L,0.723259797,0.983419297
ENSG00000178691,SUZ12,0.723363651,0.983419297
ENSG00000132383,RPA1,0.723425165,0.983419297
ENSG00000147576,ADHFE1,0.723485991,0.983419297
ENSG00000269554,.,0.723526911,0.983419297
ENSG00000116962,NID1,0.72381367,0.983419297
ENSG00000146267,FAXC,0.723821982,0.983419297
ENSG00000165626,BEND7,0.723838316,0.983419297
ENSG00000116922,C1orf109,0.723903228,0.983419297
ENSG00000215883,CYB5RL,0.723969106,0.983419297
ENSG00000122778,KIAA1549,0.723969187,0.983419297
ENSG00000154217,PITPNC1,0.724083153,0.983419297
ENSG00000153956,CACNA2D1,0.724264636,0.983419297
ENSG00000196505,GDAP2,0.724399282,0.983419297
ENSG00000107864,CPEB3,0.724425493,0.983419297
ENSG00000162923,WDR26,0.724460555,0.983419297
ENSG00000105483,CARD8,0.724510656,0.983419297
ENSG00000225830,ERCC6,0.724528853,0.983419297
ENSG00000135045,C9orf40,0.724540919,0.983419297
ENSG00000020426,MNAT1,0.724556084,0.983419297
ENSG00000101004,NINL,0.724585517,0.983419297
ENSG00000237484,.,0.724635611,0.983419297
ENSG00000235945,.,0.724681128,0.983419297
ENSG00000121871,SLITRK3,0.724784592,0.983419297
ENSG00000048392,RRM2B,0.724841537,0.983419297
ENSG00000125144,MT1G,0.724852559,0.983419297
ENSG00000169891,REPS2,0.724908755,0.983419297
ENSG00000119285,HEATR1,0.724959094,0.983419297
ENSG00000266865,.,0.724992233,0.983419297
ENSG00000184887,BTBD6,0.725026853,0.983419297
ENSG00000227395,EIF2AP4,0.725165933,0.983419297
ENSG00000129925,TMEM8A,0.725202003,0.983419297
ENSG00000118707,TGIF2,0.725303273,0.983419297
ENSG00000128626,MRPS12,0.72532822,0.983419297
ENSG00000143158,MPC2,0.725332671,0.983419297
ENSG00000166224,SGPL1,0.725411299,0.983419297
ENSG00000040275,SPDL1,0.725415519,0.983419297
ENSG00000166348,USP54,0.725485553,0.983419297
ENSG00000011143,MKS1,0.725526833,0.983419297
ENSG00000111554,MDM1,0.725610014,0.983419297
ENSG00000178972,.,0.725659403,0.983419297
ENSG00000082805,ERC1,0.72571815,0.983419297
ENSG00000011478,QPCTL,0.725792291,0.983419297
ENSG00000084652,TXLNA,0.725810908,0.983419297
ENSG00000269514,.,0.72583794,0.983419297
ENSG00000140199,SLC12A6,0.725875085,0.983419297
ENSG00000248333,CDK11B,0.725908597,0.983419297
ENSG00000146197,SCUBE3,0.725950771,0.983419297
ENSG00000137941,TTLL7,0.725961995,0.983419297
ENSG00000143379,SETDB1,0.726062836,0.983419297
ENSG00000172943,PHF8,0.726069274,0.983419297
ENSG00000100983,GSS,0.726084404,0.983419297
ENSG00000162944,RFTN2,0.726199851,0.983419297
ENSG00000126247,CAPNS1,0.726266022,0.983419297
ENSG00000124571,XPO5,0.726268335,0.983419297
ENSG00000104129,DNAJC17,0.726397228,0.983419297
ENSG00000025708,TYMP,0.726422558,0.983419297
ENSG00000163939,PBRM1,0.726471489,0.983419297
ENSG00000143878,RHOB,0.726493948,0.983419297
ENSG00000107104,KANK1,0.726499198,0.983419297
ENSG00000108651,UTP6,0.726663751,0.983419297
ENSG00000259660,.,0.72667073,0.983419297
ENSG00000179271,GADD45GIP1,0.726723003,0.983419297
ENSG00000135541,AHI1,0.726746217,0.983419297
ENSG00000167555,ZNF528,0.726766971,0.983419297
ENSG00000248334,WHAMMP2,0.726863537,0.983419297
ENSG00000157895,C12orf43,0.726881502,0.983419297
ENSG00000244405,ETV5,0.726918676,0.983419297
ENSG00000060491,OGFR,0.726923452,0.983419297
ENSG00000162972,C2orf47,0.726952008,0.983419297
ENSG00000149182,ARFGAP2,0.727028071,0.983419297
ENSG00000091137,SLC26A4,0.727095389,0.983419297
ENSG00000165487,EFHA1,0.7271495,0.983419297
ENSG00000112658,SRF,0.727265363,0.983419297
ENSG00000176095,IP6K1,0.727368936,0.983419297
ENSG00000081377,CDC14B,0.727390618,0.983419297
ENSG00000146007,ZMAT2,0.727393662,0.983419297
ENSG00000121318,TAS2R10,0.727419276,0.983419297
ENSG00000197563,PIGN,0.727475018,0.983419297
ENSG00000165511,C10orf25,0.72748956,0.983419297
ENSG00000224116,INHBA-AS1,0.727680141,0.983529795
ENSG00000146477,SLC22A3,0.727695966,0.983529795
ENSG00000198925,ATG9A,0.727771651,0.983529795
ENSG00000169169,CPT1C,0.727813549,0.983529795
ENSG00000178385,PLEKHM3,0.728036876,0.983529795
ENSG00000169258,GPRIN1,0.728110002,0.983529795
ENSG00000111727,HCFC2,0.728117574,0.983529795
ENSG00000134769,DTNA,0.728117629,0.983529795
ENSG00000180035,ZNF48,0.728144132,0.983529795
ENSG00000121774,KHDRBS1,0.728170174,0.983529795
ENSG00000162520,SYNC,0.728320054,0.983629188
ENSG00000079332,SAR1A,0.728520523,0.983629188
ENSG00000122548,KIAA0087,0.728582339,0.983629188
ENSG00000152926,ZNF117,0.728628722,0.983629188
ENSG00000135677,GNS,0.728842131,0.983629188
ENSG00000246379,.,0.728870341,0.983629188
ENSG00000177565,TBL1XR1,0.72893215,0.983629188
ENSG00000171603,CLSTN1,0.728933972,0.983629188
ENSG00000115514,TXNDC9,0.728943083,0.983629188
ENSG00000178935,ZNF552,0.72894431,0.983629188
ENSG00000170145,SIK2,0.728970246,0.983629188
ENSG00000108294,PSMB3,0.729000978,0.983629188
ENSG00000238113,.,0.729022375,0.983629188
ENSG00000196975,ANXA4,0.729271144,0.983884005
ENSG00000100276,RASL10A,0.729335983,0.983890656
ENSG00000164638,SLC29A4,0.729491868,0.983945881
ENSG00000132975,GPR12,0.729496746,0.983945881
ENSG00000143933,CALM2,0.7296431,0.98395926
ENSG00000085978,ATG16L1,0.729654112,0.98395926
ENSG00000109854,HTATIP2,0.729686405,0.98395926
ENSG00000089127,OAS1,0.729752098,0.983967054
ENSG00000137486,ARRB1,0.729987102,0.984075728
ENSG00000204611,ZNF616,0.729995931,0.984075728
ENSG00000185823,NPAP1,0.730071818,0.984075728
ENSG00000229689,.,0.730072379,0.984075728
ENSG00000228716,DHFR,0.730274209,0.984204587
ENSG00000141994,DUS3L,0.730384789,0.984204587
ENSG00000112249,ASCC3,0.730420798,0.984204587
ENSG00000183386,FHL3,0.730459768,0.984204587
ENSG00000186106,ANKRD46,0.730467619,0.984204587
ENSG00000154065,ANKRD29,0.730759441,0.984441107
ENSG00000013583,HEBP1,0.730763048,0.984441107
ENSG00000269473,.,0.730850276,0.984458478
ENSG00000196409,ZNF658,0.731009785,0.984458478
ENSG00000107262,BAG1,0.731026532,0.984458478
ENSG00000134013,LOXL2,0.731052277,0.984458478
ENSG00000263069,.,0.731098848,0.984458478
ENSG00000128298,BAIAP2L2,0.731176095,0.984458478
ENSG00000090054,SPTLC1,0.731317973,0.984458478
ENSG00000198018,ENTPD7,0.731321702,0.984458478
ENSG00000080546,SESN1,0.73138228,0.984458478
ENSG00000110717,NDUFS8,0.731382766,0.984458478
ENSG00000225345,SNX18P3,0.731465852,0.984458478
ENSG00000115268,RPS15,0.73149527,0.984458478
ENSG00000169629,RGPD8,0.731674568,0.984566396
ENSG00000105619,TFPT,0.731695358,0.984566396
ENSG00000120647,CCDC77,0.731818356,0.984616987
ENSG00000144597,EAF1,0.731883627,0.984616987
ENSG00000149084,HSD17B12,0.731912816,0.984616987
ENSG00000100811,YY1,0.732026693,0.984627346
ENSG00000149177,PTPRJ,0.732040425,0.984627346
ENSG00000037042,TUBG2,0.732193849,0.984674924
ENSG00000251369,ZNF550,0.732195711,0.984674924
ENSG00000163155,LYSMD1,0.732391921,0.984739103
ENSG00000161618,ALDH16A1,0.732443206,0.984739103
ENSG00000111880,RNGTT,0.732535314,0.984739103
ENSG00000169554,ZEB2,0.732672007,0.984739103
ENSG00000175110,MRPS22,0.732678572,0.984739103
ENSG00000113361,CDH6,0.732762793,0.984739103
ENSG00000091483,FH,0.733018557,0.984739103
ENSG00000204323,SMIM5,0.733058617,0.984739103
ENSG00000106479,ZNF862,0.733181792,0.984739103
ENSG00000134569,LRP4,0.73323321,0.984739103
ENSG00000184517,ZFP1,0.73332328,0.984739103
ENSG00000047365,ARAP2,0.733339188,0.984739103
ENSG00000229507,CLTC-IT1,0.733480758,0.984739103
ENSG00000269746,.,0.733527594,0.984739103
ENSG00000184305,FAM190A,0.733527913,0.984739103
ENSG00000187676,B3GALTL,0.733547068,0.984739103
ENSG00000023608,SNAPC1,0.733558341,0.984739103
ENSG00000182004,SNRPE,0.733578772,0.984739103
ENSG00000260231,.,0.733582713,0.984739103
ENSG00000090612,ZNF268,0.73358291,0.984739103
ENSG00000141524,TMC6,0.733612026,0.984739103
ENSG00000134815,DHX34,0.733624475,0.984739103
ENSG00000169641,LUZP1,0.733719937,0.984739103
ENSG00000169021,UQCRFS1,0.733795302,0.984739103
ENSG00000159259,CHAF1B,0.733810321,0.984739103
ENSG00000010292,NCAPD2,0.733877839,0.984739103
ENSG00000108021,FAM208B,0.733964205,0.984739103
ENSG00000156650,KAT6B,0.733981701,0.984739103
ENSG00000233115,FAM90A11P,0.733996752,0.984739103
ENSG00000129625,REEP5,0.734121859,0.984739103
ENSG00000177697,CD151,0.734141665,0.984739103
ENSG00000197496,SLC2A10,0.734162186,0.984739103
ENSG00000128203,ASPHD2,0.734266772,0.984742976
ENSG00000232587,EEF1A1P3,0.734360888,0.984742976
ENSG00000260766,.,0.734379672,0.984742976
ENSG00000105176,URI1,0.734404918,0.984742976
ENSG00000114742,WDR48,0.734602834,0.984822487
ENSG00000155893,ACPL2,0.73482785,0.984822487
ENSG00000168556,ING2,0.734894484,0.984822487
ENSG00000183691,NOG,0.734994978,0.984822487
ENSG00000173264,GPR137,0.735093608,0.984822487
ENSG00000198106,SNX29P2,0.735123918,0.984822487
ENSG00000084234,APLP2,0.735221281,0.984822487
ENSG00000164985,PSIP1,0.735308117,0.984822487
ENSG00000137713,PPP2R1B,0.735318402,0.984822487
ENSG00000174109,C16orf91,0.735418455,0.984822487
ENSG00000100426,ZBED4,0.735427162,0.984822487
ENSG00000179859,.,0.735471191,0.984822487
ENSG00000175471,MCTP1,0.735483256,0.984822487
ENSG00000180228,PRKRA,0.735676616,0.984822487
ENSG00000119185,ITGB1BP1,0.735732261,0.984822487
ENSG00000236451,.,0.735743294,0.984822487
ENSG00000137103,TMEM8B,0.735756935,0.984822487
ENSG00000225425,.,0.735775076,0.984822487
ENSG00000261528,.,0.735826143,0.984822487
ENSG00000148737,TCF7L2,0.735842831,0.984822487
ENSG00000110042,DTX4,0.735954368,0.984822487
ENSG00000198739,LRRTM3,0.73606785,0.984822487
ENSG00000113811,.,0.73607514,0.984822487
ENSG00000189343,RPS2P46,0.736142914,0.984822487
ENSG00000188158,NHS,0.736225979,0.984822487
ENSG00000141934,PPAP2C,0.736274026,0.984822487
ENSG00000140859,KIFC3,0.736307023,0.984822487
ENSG00000170271,C5orf4,0.736355451,0.984822487
ENSG00000106609,TMEM248,0.736490221,0.984822487
ENSG00000266714,.,0.736642436,0.984822487
ENSG00000130340,SNX9,0.736675228,0.984822487
ENSG00000048544,MRPS10,0.736682538,0.984822487
ENSG00000134184,GSTM1,0.73668296,0.984822487
ENSG00000241014,.,0.736689069,0.984822487
ENSG00000121904,CSMD2,0.736744665,0.984822487
ENSG00000101331,CCM2L,0.736778355,0.984822487
ENSG00000151208,DLG5,0.736809064,0.984822487
ENSG00000236107,.,0.736843988,0.984822487
ENSG00000183785,TUBA8,0.736863314,0.984822487
ENSG00000224848,.,0.736993297,0.984822487
ENSG00000117614,SYF2,0.737011796,0.984822487
ENSG00000259070,LINC00639,0.737047598,0.984822487
ENSG00000018610,CXorf56,0.737143121,0.984822487
ENSG00000101695,RNF125,0.737208155,0.984822487
ENSG00000224812,TMEM72-AS1,0.737261387,0.984822487
ENSG00000154134,ROBO3,0.737318133,0.984822487
ENSG00000173269,MMRN2,0.737445576,0.984822487
ENSG00000049540,ELN,0.737474535,0.984822487
ENSG00000180573,HIST1H2AC,0.737510863,0.984822487
ENSG00000241549,GUSBP2,0.737525119,0.984822487
ENSG00000178971,CTC1,0.737651994,0.984822487
ENSG00000081913,PHLPP1,0.737773938,0.984822487
ENSG00000149474,CSRP2BP,0.73778919,0.984822487
ENSG00000243813,.,0.737799791,0.984822487
ENSG00000101336,HCK,0.737931734,0.984822487
ENSG00000185090,MANEAL,0.737956353,0.984822487
ENSG00000128849,CGNL1,0.738078417,0.984822487
ENSG00000185049,WHSC2,0.738186525,0.984822487
ENSG00000138119,MYOF,0.738226594,0.984822487
ENSG00000146830,GIGYF1,0.738250148,0.984822487
ENSG00000188277,C15orf62,0.738361339,0.984822487
ENSG00000205682,.,0.738380388,0.984822487
ENSG00000267254,.,0.738419687,0.984822487
ENSG00000088451,TGDS,0.738512276,0.984822487
ENSG00000124171,PARD6B,0.738575646,0.984822487
ENSG00000225192,.,0.738700574,0.984822487
ENSG00000231711,.,0.738753689,0.984822487
ENSG00000169564,PCBP1,0.738782241,0.984822487
ENSG00000184992,BRI3BP,0.738798216,0.984822487
ENSG00000166788,SAAL1,0.738874192,0.984822487
ENSG00000170954,ZNF415,0.738880888,0.984822487
ENSG00000011465,DCN,0.738946101,0.984822487
ENSG00000227825,SLC9A7P1,0.739075423,0.984822487
ENSG00000249550,.,0.739212952,0.984822487
ENSG00000118655,DCLRE1B,0.739220714,0.984822487
ENSG00000068976,PYGM,0.739274617,0.984822487
ENSG00000170092,.,0.739422902,0.984822487
ENSG00000168026,TTC21A,0.739471703,0.984822487
ENSG00000187607,ZNF286A,0.739478832,0.984822487
ENSG00000101457,DNTTIP1,0.739550254,0.984822487
ENSG00000131115,ZNF227,0.739555566,0.984822487
ENSG00000165152,TMEM246,0.739673315,0.984822487
ENSG00000230992,FAM201B,0.739675175,0.984822487
ENSG00000105663,.,0.73983466,0.984822487
ENSG00000214548,MEG3,0.739850248,0.984822487
ENSG00000088899,.,0.739852346,0.984822487
ENSG00000151468,CCDC3,0.739904717,0.984822487
ENSG00000267753,.,0.739931597,0.984822487
ENSG00000150456,N6AMT2,0.739932708,0.984822487
ENSG00000090382,LYZ,0.73993779,0.984822487
ENSG00000165309,ARMC3,0.739943182,0.984822487
ENSG00000264772,.,0.739981093,0.984822487
ENSG00000177427,SMCR7,0.740176235,0.985002375
ENSG00000125149,C16orf70,0.740256389,0.985029224
ENSG00000100209,HSCB,0.740498792,0.985152801
ENSG00000102796,DHRS12,0.740614362,0.985152801
ENSG00000224479,.,0.740646534,0.985152801
ENSG00000258584,FAM181A-AS1,0.740648254,0.985152801
ENSG00000151552,QDPR,0.740649189,0.985152801
ENSG00000106714,CNTNAP3,0.740753908,0.985212296
ENSG00000204308,RNF5,0.740844465,0.985252947
ENSG00000115415,STAT1,0.741172261,0.985580034
ENSG00000164105,SAP30,0.741253635,0.985580034
ENSG00000100629,CEP128,0.741282886,0.985580034
ENSG00000183506,PI4KAP2,0.741379681,0.985580034
ENSG00000125520,SLC2A4RG,0.741436394,0.985580034
ENSG00000132485,ZRANB2,0.741503585,0.985580034
ENSG00000264207,.,0.741573947,0.985580034
ENSG00000104313,EYA1,0.741659995,0.985580034
ENSG00000255403,.,0.741682105,0.985580034
ENSG00000196466,ZNF799,0.741767455,0.985580034
ENSG00000099937,SERPIND1,0.741832952,0.985580034
ENSG00000141854,.,0.741866853,0.985580034
ENSG00000059769,DNAJC25,0.741870571,0.985580034
ENSG00000213246,SUPT4H1,0.7419705,0.985633061
ENSG00000141179,PCTP,0.742191933,0.985691927
ENSG00000132434,LANCL2,0.742301269,0.985691927
ENSG00000100292,HMOX1,0.742401228,0.985691927
ENSG00000145723,GIN1,0.742533609,0.985691927
ENSG00000228818,.,0.742542494,0.985691927
ENSG00000054803,CBLN4,0.742545832,0.985691927
ENSG00000084072,PPIE,0.74256079,0.985691927
ENSG00000163349,HIPK1,0.742648404,0.985691927
ENSG00000134873,CLDN10,0.742707039,0.985691927
ENSG00000104853,CLPTM1,0.742718481,0.985691927
ENSG00000132854,KANK4,0.742730129,0.985691927
ENSG00000144460,NYAP2,0.742735042,0.985691927
ENSG00000103245,NARFL,0.742854151,0.98577034
ENSG00000184867,ARMCX2,0.742928153,0.985788888
ENSG00000189157,FAM47E,0.743062156,0.985887041
ENSG00000232561,GTF2IP1,0.743506519,0.986136011
ENSG00000132932,ATP8A2,0.743542496,0.986136011
ENSG00000129116,PALLD,0.743543999,0.986136011
ENSG00000065485,PDIA5,0.743552306,0.986136011
ENSG00000231768,.,0.743624448,0.986136011
ENSG00000114554,PLXNA1,0.743645952,0.986136011
ENSG00000134516,DOCK2,0.743670654,0.986136011
ENSG00000115233,PSMD14,0.743730173,0.986136011
ENSG00000114316,USP4,0.743907394,0.986272739
ENSG00000168874,ATOH8,0.74396577,0.986272739
ENSG00000103160,HSDL1,0.744019393,0.986272739
ENSG00000052723,SIKE1,0.744155613,0.986272739
ENSG00000175756,AURKAIP1,0.744158089,0.986272739
ENSG00000198855,FICD,0.744261368,0.986272739
ENSG00000109685,WHSC1,0.744321289,0.986272739
ENSG00000165359,DDX26B,0.744396151,0.986272739
ENSG00000142168,SOD1,0.744457394,0.986272739
ENSG00000124422,USP22,0.744492913,0.986272739
ENSG00000162928,PEX13,0.744663777,0.986272739
ENSG00000109536,FRG1,0.744674406,0.986272739
ENSG00000182983,ZNF662,0.744716382,0.986272739
ENSG00000213722,DDAH2,0.744756206,0.986272739
ENSG00000162543,UBXN10,0.744833166,0.986272739
ENSG00000159479,MED8,0.744839191,0.986272739
ENSG00000099250,NRP1,0.744854216,0.986272739
ENSG00000161533,ACOX1,0.745142014,0.98630993
ENSG00000206053,HN1L,0.74535743,0.98630993
ENSG00000196208,GREB1,0.745392671,0.98630993
ENSG00000137547,MRPL15,0.745441632,0.98630993
ENSG00000181873,IBA57,0.745454456,0.98630993
ENSG00000130054,FAM155B,0.745505339,0.98630993
ENSG00000213465,ARL2,0.745513404,0.98630993
ENSG00000113070,HBEGF,0.745584901,0.98630993
ENSG00000110723,EXPH5,0.745625436,0.98630993
ENSG00000140464,PML,0.745659044,0.98630993
ENSG00000240707,.,0.745676009,0.98630993
ENSG00000110077,MS4A6A,0.745700754,0.98630993
ENSG00000127423,AUNIP,0.745776501,0.98630993
ENSG00000198157,HMGN5,0.745815732,0.98630993
ENSG00000163618,CADPS,0.745824468,0.98630993
ENSG00000110092,CCND1,0.745843209,0.98630993
ENSG00000166839,ANKDD1A,0.745988284,0.986412297
ENSG00000249478,.,0.746040744,0.986412297
ENSG00000240401,.,0.746145092,0.986423096
ENSG00000090372,STRN4,0.746239336,0.986423096
ENSG00000179743,.,0.746323668,0.986423096
ENSG00000066382,MPPED2,0.746407455,0.986423096
ENSG00000188394,GPR21,0.746421646,0.986423096
ENSG00000069998,CECR5,0.746480591,0.986423096
ENSG00000128789,PSMG2,0.746589837,0.986423096
ENSG00000116691,MIIP,0.746781832,0.986423096
ENSG00000186792,HYAL3,0.746848145,0.986423096
ENSG00000230133,.,0.74685179,0.986423096
ENSG00000156171,DRAM2,0.746872977,0.986423096
ENSG00000059804,SLC2A3,0.746901227,0.986423096
ENSG00000135111,TBX3,0.746923649,0.986423096
ENSG00000135905,DOCK10,0.746958826,0.986423096
ENSG00000165617,DACT1,0.746972871,0.986423096
ENSG00000171700,RGS19,0.747063244,0.986423096
ENSG00000157064,NMNAT2,0.747069991,0.986423096
ENSG00000189223,.,0.747255099,0.986522252
ENSG00000112514,CUTA,0.747265226,0.986522252
ENSG00000131187,F12,0.747385135,0.986593879
ENSG00000260585,.,0.747713052,0.986593879
ENSG00000196176,HIST1H4A,0.747786606,0.986593879
ENSG00000177453,.,0.74779052,0.986593879
ENSG00000255864,.,0.747855073,0.986593879
ENSG00000174738,NR1D2,0.748012154,0.986593879
ENSG00000198346,ZNF813,0.748013553,0.986593879
ENSG00000213799,ZNF845,0.748036008,0.986593879
ENSG00000085465,OVGP1,0.74803841,0.986593879
ENSG00000110786,PTPN5,0.748071663,0.986593879
ENSG00000219392,.,0.748087548,0.986593879
ENSG00000248283,.,0.748088656,0.986593879
ENSG00000161381,PLXDC1,0.748188182,0.986593879
ENSG00000225140,.,0.74820301,0.986593879
ENSG00000109332,UBE2D3,0.748264065,0.986593879
ENSG00000165973,NELL1,0.748307636,0.986593879
ENSG00000112183,RBM24,0.748413696,0.986593879
ENSG00000121207,LRAT,0.748434611,0.986593879
ENSG00000187608,ISG15,0.748604366,0.986593879
ENSG00000150593,PDCD4,0.748649522,0.986593879
ENSG00000133110,POSTN,0.748662695,0.986593879
ENSG00000234883,MIR155HG,0.748947449,0.986593879
ENSG00000138303,ASCC1,0.749038868,0.986593879
ENSG00000117280,RAB7L1,0.749244282,0.986593879
ENSG00000185896,LAMP1,0.749324881,0.986593879
ENSG00000144771,LRTM1,0.749399991,0.986593879
ENSG00000152154,TMEM178A,0.749418615,0.986593879
ENSG00000100934,SEC23A,0.749450039,0.986593879
ENSG00000179611,DGKZP1,0.749495218,0.986593879
ENSG00000188729,OSTN,0.749746248,0.986593879
ENSG00000198105,ZNF248,0.749857796,0.986593879
ENSG00000215217,C5orf49,0.749914938,0.986593879
ENSG00000125249,RAP2A,0.749954793,0.986593879
ENSG00000119760,SUPT7L,0.749980294,0.986593879
ENSG00000104043,ATP8B4,0.750088144,0.986593879
ENSG00000164114,MAP9,0.750196519,0.986593879
ENSG00000144792,ZNF660,0.750209717,0.986593879
ENSG00000038295,TLL1,0.750480726,0.986593879
ENSG00000171766,GATM,0.750532774,0.986593879
ENSG00000183255,PTTG1IP,0.750536669,0.986593879
ENSG00000165244,ZNF367,0.750548211,0.986593879
ENSG00000242996,HCG17,0.750608074,0.986593879
ENSG00000114480,GBE1,0.750725562,0.986593879
ENSG00000214922,HLA-F-AS1,0.750768534,0.986593879
ENSG00000044090,CUL7,0.750782968,0.986593879
ENSG00000071282,LMCD1,0.75087025,0.986593879
ENSG00000115525,ST3GAL5,0.75096683,0.986593879
ENSG00000263823,.,0.750975195,0.986593879
ENSG00000108691,CCL2,0.751122383,0.986593879
ENSG00000161551,ZNF577,0.751240771,0.986593879
ENSG00000157625,TAB3,0.751332034,0.986593879
ENSG00000136436,CALCOCO2,0.751408235,0.986593879
ENSG00000128346,C22orf23,0.751408804,0.986593879
ENSG00000100084,HIRA,0.751437804,0.986593879
ENSG00000197892,KIF13B,0.751539568,0.986593879
ENSG00000137413,TAF8,0.751581234,0.986593879
ENSG00000169715,MT1E,0.751590521,0.986593879
ENSG00000149150,SLC43A1,0.75168036,0.986593879
ENSG00000134986,NREP,0.751732584,0.986593879
ENSG00000081059,TCF7,0.751750787,0.986593879
ENSG00000105254,TBCB,0.751767394,0.986593879
ENSG00000163539,CLASP2,0.751865856,0.986593879
ENSG00000204524,ZNF805,0.751880401,0.986593879
ENSG00000164953,TMEM67,0.751882642,0.986593879
ENSG00000129636,ITFG1,0.751896611,0.986593879
ENSG00000166133,RPUSD2,0.751925857,0.986593879
ENSG00000173825,TIGD3,0.751976575,0.986593879
ENSG00000180855,ZNF443,0.75206147,0.986593879
ENSG00000198208,RPS6KL1,0.752142833,0.986593879
ENSG00000198625,MDM4,0.752152864,0.986593879
ENSG00000198626,RYR2,0.752159188,0.986593879
ENSG00000164687,FABP5,0.752321659,0.986593879
ENSG00000125851,PCSK2,0.752420013,0.986593879
ENSG00000162692,VCAM1,0.752432704,0.986593879
ENSG00000178665,ZNF713,0.752528312,0.986593879
ENSG00000164975,SNAPC3,0.752552715,0.986593879
ENSG00000106689,LHX2,0.752555663,0.986593879
ENSG00000185129,PURA,0.752569502,0.986593879
ENSG00000234444,ZNF736,0.752671274,0.986593879
ENSG00000030066,NUP160,0.752676337,0.986593879
ENSG00000152818,UTRN,0.752687212,0.986593879
ENSG00000168237,GLYCTK,0.752826665,0.986593879
ENSG00000108309,RUNDC3A,0.753098521,0.986593879
ENSG00000188157,AGRN,0.753100791,0.986593879
ENSG00000105676,ARMC6,0.753193473,0.986593879
ENSG00000121454,LHX4,0.753197043,0.986593879
ENSG00000177380,PPFIA3,0.753199394,0.986593879
ENSG00000142235,LMTK3,0.753217991,0.986593879
ENSG00000100982,PCIF1,0.753231161,0.986593879
ENSG00000125245,GPR18,0.753260384,0.986593879
ENSG00000197062,.,0.753288692,0.986593879
ENSG00000111752,PHC1,0.753300841,0.986593879
ENSG00000232386,.,0.753387799,0.986593879
ENSG00000212124,TAS2R19,0.753496914,0.986593879
ENSG00000174946,GPR171,0.753504336,0.986593879
ENSG00000204220,PFDN6,0.753558339,0.986593879
ENSG00000102678,FGF9,0.753592606,0.986593879
ENSG00000149679,CABLES2,0.753593042,0.986593879
ENSG00000129968,FAM108A1,0.753622831,0.986593879
ENSG00000069956,MAPK6,0.753653074,0.986593879
ENSG00000148634,HERC4,0.753677583,0.986593879
ENSG00000108799,EZH1,0.753697066,0.986593879
ENSG00000125834,STK35,0.75372911,0.986593879
ENSG00000169302,STK32A,0.753753055,0.986593879
ENSG00000138688,KIAA1109,0.753811819,0.986593879
ENSG00000121775,TMEM39B,0.753813,0.986593879
ENSG00000174928,C3orf33,0.753813836,0.986593879
ENSG00000100401,RANGAP1,0.753922042,0.986593879
ENSG00000137218,FRS3,0.75405494,0.986593879
ENSG00000234284,ZNF879,0.7542504,0.986593879
ENSG00000127720,METTL25,0.754310728,0.986593879
ENSG00000256043,CTSO,0.754416806,0.986593879
ENSG00000167861,HID1,0.754479589,0.986593879
ENSG00000099999,RNF215,0.754518199,0.986593879
ENSG00000254995,STX16-NPEPL1,0.754528314,0.986593879
ENSG00000071575,TRIB2,0.754779414,0.986593879
ENSG00000092871,RFFL,0.754853368,0.986593879
ENSG00000150637,CD226,0.754867667,0.986593879
ENSG00000136872,ALDOB,0.754930263,0.986593879
ENSG00000246662,LINC00535,0.754948222,0.986593879
ENSG00000198342,ZNF442,0.754965715,0.986593879
ENSG00000145740,SLC30A5,0.755044896,0.986593879
ENSG00000188428,BLOC1S5,0.755113999,0.986593879
ENSG00000188730,VWC2,0.755156119,0.986593879
ENSG00000225619,.,0.755181905,0.986593879
ENSG00000157399,ARSE,0.755237874,0.986593879
ENSG00000171889,MIR31HG,0.75524358,0.986593879
ENSG00000215305,VPS16,0.75541205,0.986593879
ENSG00000136940,PDCL,0.75550846,0.986593879
ENSG00000155850,SLC26A2,0.755699973,0.986593879
ENSG00000116918,TSNAX,0.755702097,0.986593879
ENSG00000231784,DBIL5P,0.755712699,0.986593879
ENSG00000167196,FBXO22,0.755783816,0.986593879
ENSG00000171097,CCBL1,0.755873993,0.986593879
ENSG00000081665,ZNF506,0.75589699,0.986593879
ENSG00000158201,ABHD3,0.755999945,0.986593879
ENSG00000154975,CA10,0.756008443,0.986593879
ENSG00000104812,GYS1,0.756169524,0.986593879
ENSG00000214456,PLIN5,0.756244238,0.986593879
ENSG00000246273,SBF2-AS1,0.756284933,0.986593879
ENSG00000204856,FAM216A,0.756295191,0.986593879
ENSG00000261377,.,0.756330666,0.986593879
ENSG00000150627,WDR17,0.756338342,0.986593879
ENSG00000100764,PSMC1,0.756378871,0.986593879
ENSG00000172331,BPGM,0.756520468,0.986593879
ENSG00000134146,ATPBD4,0.756543201,0.986593879
ENSG00000143222,UFC1,0.756728475,0.986593879
ENSG00000167645,YIF1B,0.756917534,0.986593879
ENSG00000138764,CCNG2,0.756930202,0.986593879
ENSG00000203326,ZNF525,0.756989126,0.986593879
ENSG00000130695,CEP85,0.756999022,0.986593879
ENSG00000187122,SLIT1,0.757031718,0.986593879
ENSG00000154945,ANKRD40,0.757135091,0.986593879
ENSG00000172318,B3GALT1,0.757239861,0.986593879
ENSG00000205002,AARD,0.757242309,0.986593879
ENSG00000018625,ATP1A2,0.757295465,0.986593879
ENSG00000196912,ANKRD36B,0.757452752,0.986593879
ENSG00000085662,AKR1B1,0.757453977,0.986593879
ENSG00000105698,USF2,0.757503306,0.986593879
ENSG00000137274,BPHL,0.757619293,0.986593879
ENSG00000159403,C1R,0.757645562,0.986593879
ENSG00000224310,.,0.757706818,0.986593879
ENSG00000229676,ZNF492,0.757739367,0.986593879
ENSG00000160746,ANO10,0.757758395,0.986593879
ENSG00000170242,USP47,0.75777733,0.986593879
ENSG00000188981,MSANTD1,0.757945632,0.986593879
ENSG00000167081,PBX3,0.757958618,0.986593879
ENSG00000257522,.,0.758035556,0.986593879
ENSG00000131697,NPHP4,0.758035723,0.986593879
ENSG00000148824,.,0.75809271,0.986593879
ENSG00000114395,CYB561D2,0.758110264,0.986593879
ENSG00000048828,FAM120A,0.758190257,0.986593879
ENSG00000171621,SPSB1,0.758195156,0.986593879
ENSG00000140043,PTGR2,0.758225885,0.986593879
ENSG00000088970,PLK1S1,0.758309832,0.986593879
ENSG00000128335,APOL2,0.758310569,0.986593879
ENSG00000060709,RIMBP2,0.758316173,0.986593879
ENSG00000151148,UBE3B,0.758352132,0.986593879
ENSG00000167528,ZNF641,0.75867526,0.986593879
ENSG00000161544,CYGB,0.758750151,0.986593879
ENSG00000160179,ABCG1,0.758803952,0.986593879
ENSG00000125835,SNRPB,0.758819412,0.986593879
ENSG00000103449,SALL1,0.758819793,0.986593879
ENSG00000211455,STK38L,0.758927532,0.986593879
ENSG00000095787,WAC,0.759000986,0.986593879
ENSG00000132635,PCED1A,0.759212007,0.986593879
ENSG00000166261,ZNF202,0.759240259,0.986593879
ENSG00000171224,C10orf35,0.759336851,0.986593879
ENSG00000184708,EIF4ENIF1,0.759336947,0.986593879
ENSG00000099977,DDT,0.759383616,0.986593879
ENSG00000107623,GDF10,0.759438235,0.986593879
ENSG00000125148,MT2A,0.759572712,0.986593879
ENSG00000171843,MLLT3,0.759609874,0.986593879
ENSG00000229358,.,0.759618011,0.986593879
ENSG00000170921,TANC2,0.75972807,0.986593879
ENSG00000103064,SLC7A6,0.759797446,0.986593879
ENSG00000184270,HIST2H2AB,0.759849382,0.986593879
ENSG00000147174,ACRC,0.75989645,0.986593879
ENSG00000187164,KIAA1598,0.759963124,0.986593879
ENSG00000170647,TMEM133,0.759991702,0.986593879
ENSG00000197705,KLHL14,0.75999819,0.986593879
ENSG00000135838,NPL,0.760008929,0.986593879
ENSG00000183579,ZNRF3,0.760032168,0.986593879
ENSG00000227398,.,0.760098675,0.986593879
ENSG00000248905,FMN1,0.760127184,0.986593879
ENSG00000074621,SLC24A1,0.760181449,0.986593879
ENSG00000099949,LZTR1,0.760214413,0.986593879
ENSG00000131653,TRAF7,0.76023217,0.986593879
ENSG00000171132,PRKCE,0.760397853,0.986593879
ENSG00000178951,ZBTB7A,0.760471777,0.986593879
ENSG00000096092,TMEM14A,0.760479615,0.986593879
ENSG00000116981,NT5C1A,0.760536304,0.986593879
ENSG00000168653,NDUFS5,0.760553996,0.986593879
ENSG00000099625,C19orf26,0.760599117,0.986593879
ENSG00000101558,VAPA,0.760891502,0.986593879
ENSG00000127507,EMR2,0.760900504,0.986593879
ENSG00000131409,LRRC4B,0.760932203,0.986593879
ENSG00000189350,FAM179A,0.761143408,0.986593879
ENSG00000100364,KIAA0930,0.761197886,0.986593879
ENSG00000022277,RTFDC1,0.761305248,0.986593879
ENSG00000067955,CBFB,0.761350427,0.986593879
ENSG00000132600,PRMT7,0.761366443,0.986593879
ENSG00000253738,.,0.7613883,0.986593879
ENSG00000168002,POLR2G,0.761456581,0.986593879
ENSG00000125826,RBCK1,0.761498651,0.986593879
ENSG00000106948,AKNA,0.761544602,0.986593879
ENSG00000165125,TRPV6,0.761664193,0.986593879
ENSG00000065029,ZNF76,0.761677662,0.986593879
ENSG00000268364,.,0.761777337,0.986593879
ENSG00000124224,PPP4R1L,0.761817618,0.986593879
ENSG00000171453,POLR1C,0.761835401,0.986593879
ENSG00000160469,BRSK1,0.761845018,0.986593879
ENSG00000205116,TMEM88B,0.761859369,0.986593879
ENSG00000125817,CENPB,0.761866464,0.986593879
ENSG00000100938,GMPR2,0.761930739,0.986593879
ENSG00000239789,MRPS17,0.761976921,0.986593879
ENSG00000159082,SYNJ1,0.762166968,0.986593879
ENSG00000182810,DDX28,0.762195256,0.986593879
ENSG00000105085,MED26,0.762258199,0.986593879
ENSG00000182768,NGRN,0.762275678,0.986593879
ENSG00000011052,NME2,0.762419459,0.986593879
ENSG00000132326,PER2,0.762609365,0.986593879
ENSG00000130055,GDPD2,0.762650194,0.986593879
ENSG00000116667,C1orf21,0.762674925,0.986593879
ENSG00000103653,CSK,0.762692018,0.986593879
ENSG00000254685,FPGT,0.762713759,0.986593879
ENSG00000131043,AAR2,0.762842094,0.986593879
ENSG00000139719,VPS33A,0.762873125,0.986593879
ENSG00000175203,DCTN2,0.762968336,0.986593879
ENSG00000228794,.,0.763002898,0.986593879
ENSG00000162627,SNX7,0.763008424,0.986593879
ENSG00000180139,.,0.763028767,0.986593879
ENSG00000183474,GTF2H2C,0.763062015,0.986593879
ENSG00000178202,KDELC2,0.763134204,0.986593879
ENSG00000261389,.,0.763291246,0.986593879
ENSG00000126351,THRA,0.763384654,0.986593879
ENSG00000229018,.,0.763397234,0.986593879
ENSG00000257335,MGAM,0.76347159,0.986593879
ENSG00000115539,PDCL3,0.763595298,0.986593879
ENSG00000080493,SLC4A4,0.763617209,0.986593879
ENSG00000123200,ZC3H13,0.76362845,0.986593879
ENSG00000154814,OXNAD1,0.763671209,0.986593879
ENSG00000133789,SWAP70,0.763679309,0.986593879
ENSG00000119878,CRIPT,0.763715715,0.986593879
ENSG00000144677,CTDSPL,0.763816932,0.986593879
ENSG00000188938,FAM120AOS,0.763887422,0.986593879
ENSG00000169862,CTNND2,0.763973034,0.986593879
ENSG00000083067,TRPM3,0.763974027,0.986593879
ENSG00000260196,.,0.763996933,0.986593879
ENSG00000197134,ZNF257,0.764031284,0.986593879
ENSG00000151632,AKR1C2,0.764054283,0.986593879
ENSG00000138061,CYP1B1,0.764074445,0.986593879
ENSG00000182185,RAD51B,0.764092415,0.986593879
ENSG00000134480,CCNH,0.764151913,0.986593879
ENSG00000174607,UGT8,0.76419479,0.986593879
ENSG00000165732,DDX21,0.764203622,0.986593879
ENSG00000112078,KCTD20,0.764317845,0.986593879
ENSG00000255135,.,0.764320494,0.986593879
ENSG00000088448,ANKRD10,0.76442568,0.986593879
ENSG00000143153,ATP1B1,0.764455505,0.986593879
ENSG00000139178,C1RL,0.764494014,0.986593879
ENSG00000070182,SPTB,0.76457506,0.986593879
ENSG00000133138,TBC1D8B,0.764604563,0.986593879
ENSG00000142871,CYR61,0.764613401,0.986593879
ENSG00000204439,C6orf47,0.764619789,0.986593879
ENSG00000230905,MINOS1P1,0.764684906,0.986593879
ENSG00000117154,IGSF21,0.764794438,0.986593879
ENSG00000183891,TTC32,0.764796217,0.986593879
ENSG00000259330,.,0.764813513,0.986593879
ENSG00000053438,NNAT,0.764916995,0.986593879
ENSG00000186615,KTN1-AS1,0.76493733,0.986593879
ENSG00000243024,RPS11P6,0.764956647,0.986593879
ENSG00000197448,GSTK1,0.765010138,0.986593879
ENSG00000164972,C9orf24,0.765165068,0.986593879
ENSG00000214029,ZNF891,0.76516882,0.986593879
ENSG00000130348,QRSL1,0.765169437,0.986593879
ENSG00000144320,KIAA1715,0.765230019,0.986593879
ENSG00000148482,SLC39A12,0.765265374,0.986593879
ENSG00000119227,PIGZ,0.765281582,0.986593879
ENSG00000145700,ANKRD31,0.765376897,0.986612761
ENSG00000255556,.,0.765474585,0.986612761
ENSG00000104626,ERI1,0.765519679,0.986612761
ENSG00000178965,C1orf173,0.765536529,0.986612761
ENSG00000121691,CAT,0.765743702,0.98664258
ENSG00000266371,.,0.76591044,0.98664258
ENSG00000205885,C1RL-AS1,0.766016333,0.98664258
ENSG00000237854,LINC00674,0.766094362,0.98664258
ENSG00000136371,MTHFS,0.766111403,0.98664258
ENSG00000237441,RGL2,0.766161398,0.98664258
ENSG00000162825,.,0.766182792,0.98664258
ENSG00000160818,GPATCH4,0.766317189,0.98664258
ENSG00000177370,TIMM22,0.766320825,0.98664258
ENSG00000123144,C19orf43,0.766395094,0.98664258
ENSG00000128268,MGAT3,0.76641522,0.98664258
ENSG00000106588,PSMA2,0.766504163,0.98664258
ENSG00000237949,.,0.766530615,0.98664258
ENSG00000009844,VTA1,0.766608333,0.98664258
ENSG00000238045,.,0.766686373,0.98664258
ENSG00000181555,SETD2,0.76670458,0.98664258
ENSG00000059378,PARP12,0.766719999,0.98664258
ENSG00000166471,TMEM41B,0.766756844,0.98664258
ENSG00000168484,SFTPC,0.766766411,0.98664258
ENSG00000100410,PHF5A,0.766797282,0.98664258
ENSG00000005981,ASB4,0.766944,0.98664258
ENSG00000264920,.,0.766993245,0.98664258
ENSG00000115738,ID2,0.76699998,0.98664258
ENSG00000085382,HACE1,0.767039901,0.98664258
ENSG00000249106,.,0.767119681,0.98664258
ENSG00000170873,MTSS1,0.767171314,0.98664258
ENSG00000125246,CLYBL,0.767182946,0.98664258
ENSG00000119630,PGF,0.767290165,0.98664258
ENSG00000228016,RAPGEF4-AS1,0.767301895,0.98664258
ENSG00000160972,PPP1R16A,0.767369312,0.986652017
ENSG00000159761,C16orf86,0.767445037,0.986672135
ENSG00000107815,C10orf2,0.76755031,0.986730234
ENSG00000132950,ZMYM5,0.767653875,0.98678613
ENSG00000122484,RPAP2,0.767810478,0.986910189
ENSG00000181830,SLC35C1,0.768222056,0.987260568
ENSG00000121068,TBX2,0.768253441,0.987260568
ENSG00000254635,WAC-AS1,0.768314864,0.987260568
ENSG00000132424,PNISR,0.768419271,0.987260568
ENSG00000226891,.,0.768449166,0.987260568
ENSG00000120549,KIAA1217,0.768534182,0.987260568
ENSG00000116761,CTH,0.768537035,0.987260568
ENSG00000229419,RALGAPA1P,0.768564826,0.987260568
ENSG00000186132,C2orf76,0.76868328,0.987260568
ENSG00000237037,.,0.768684216,0.987260568
ENSG00000255136,.,0.768841773,0.987344578
ENSG00000167703,SLC43A2,0.768887777,0.987344578
ENSG00000152595,MEPE,0.768929986,0.987344578
ENSG00000006071,ABCC8,0.769011632,0.987372218
ENSG00000162738,VANGL2,0.769181731,0.987406546
ENSG00000100065,CARD10,0.769470063,0.987406546
ENSG00000213062,.,0.769508723,0.987406546
ENSG00000116221,MRPL37,0.769537868,0.987406546
ENSG00000101298,SNPH,0.769588282,0.987406546
ENSG00000182985,CADM1,0.769673038,0.987406546
ENSG00000103184,SEC14L5,0.769676494,0.987406546
ENSG00000204604,ZNF468,0.769810492,0.987406546
ENSG00000203877,RIPPLY2,0.76985181,0.987406546
ENSG00000135250,SRPK2,0.769856501,0.987406546
ENSG00000135472,FAIM2,0.769903733,0.987406546
ENSG00000214145,.,0.769923934,0.987406546
ENSG00000063854,HAGH,0.769971474,0.987406546
ENSG00000267855,.,0.770059945,0.987406546
ENSG00000165555,NOXRED1,0.770092979,0.987406546
ENSG00000229043,.,0.770126631,0.987406546
ENSG00000115109,EPB41L5,0.770202277,0.987406546
ENSG00000178342,KCNG2,0.770207387,0.987406546
ENSG00000151065,DCP1B,0.770209773,0.987406546
ENSG00000198825,INPP5F,0.770252495,0.987406546
ENSG00000166507,NDST2,0.770340321,0.987406546
ENSG00000162989,KCNJ3,0.770361083,0.987406546
ENSG00000173391,OLR1,0.770500437,0.987408208
ENSG00000205542,TMSB4X,0.77062289,0.987408208
ENSG00000132591,ERAL1,0.770623807,0.987408208
ENSG00000187531,SIRT7,0.770636124,0.987408208
ENSG00000234769,WASH4P,0.770662998,0.987408208
ENSG00000105281,SLC1A5,0.770860062,0.987484497
ENSG00000146416,AIG1,0.770883584,0.987484497
ENSG00000131067,GGT7,0.770902925,0.987484497
ENSG00000105464,GRIN2D,0.771252405,0.987855112
ENSG00000165566,FAM123A,0.771394552,0.987960128
ENSG00000101246,ARFRP1,0.771522836,0.988047374
ENSG00000231259,.,0.77166566,0.988115351
ENSG00000101367,MAPRE1,0.771696249,0.988115351
ENSG00000032742,IFT88,0.771873284,0.988264983
ENSG00000259417,.,0.771992759,0.988313639
ENSG00000228972,.,0.772142886,0.988313639
ENSG00000124006,OBSL1,0.772152542,0.988313639
ENSG00000105278,ZFR2,0.772291371,0.988313639
ENSG00000240303,ACAD11,0.772295096,0.988313639
ENSG00000143858,SYT2,0.772336176,0.988313639
ENSG00000163513,TGFBR2,0.772345065,0.988313639
ENSG00000184408,KCND2,0.772407696,0.988313639
ENSG00000104725,NEFL,0.772486377,0.988313639
ENSG00000227354,RBM26-AS1,0.772573106,0.988313639
ENSG00000091879,ANGPT2,0.772663703,0.988313639
ENSG00000124201,ZNFX1,0.772898915,0.988313639
ENSG00000198223,CSF2RA,0.772986394,0.988313639
ENSG00000229645,LINC00341,0.773043325,0.988313639
ENSG00000070718,AP3M2,0.773193952,0.988313639
ENSG00000267548,.,0.773295991,0.988313639
ENSG00000160191,PDE9A,0.773311064,0.988313639
ENSG00000163517,HDAC11,0.773360555,0.988313639
ENSG00000187815,ZNF642,0.773412179,0.988313639
ENSG00000168393,DTYMK,0.773515731,0.988313639
ENSG00000170989,S1PR1,0.773541239,0.988313639
ENSG00000149573,MPZL2,0.773558835,0.988313639
ENSG00000254876,.,0.773592661,0.988313639
ENSG00000106397,PLOD3,0.773650039,0.988313639
ENSG00000215251,FASTKD5,0.773686455,0.988313639
ENSG00000165084,C8orf34,0.773762707,0.988313639
ENSG00000137561,TTPA,0.773863434,0.988313639
ENSG00000173581,CCDC106,0.773936993,0.988313639
ENSG00000164151,KIAA0947,0.774085031,0.988313639
ENSG00000198951,NAGA,0.77409561,0.988313639
ENSG00000166548,TK2,0.774151567,0.988313639
ENSG00000179833,SERTAD2,0.774187453,0.988313639
ENSG00000244026,FAM86DP,0.774202021,0.988313639
ENSG00000168286,THAP11,0.774210495,0.988313639
ENSG00000135766,EGLN1,0.774233805,0.988313639
ENSG00000203871,C6orf164,0.774299875,0.988313639
ENSG00000168000,BSCL2,0.774456923,0.988313639
ENSG00000155363,MOV10,0.774488546,0.988313639
ENSG00000092201,SUPT16H,0.774648512,0.988313639
ENSG00000145431,PDGFC,0.774694363,0.988313639
ENSG00000225465,RFPL1-AS1,0.774765739,0.988313639
ENSG00000163807,KIAA1143,0.774844929,0.988313639
ENSG00000167996,FTH1,0.774919828,0.988313639
ENSG00000254187,.,0.774921293,0.988313639
ENSG00000134548,C12orf39,0.774923816,0.988313639
ENSG00000261126,.,0.774992866,0.988313639
ENSG00000078328,RBFOX1,0.775443744,0.988313639
ENSG00000109586,GALNT7,0.775602074,0.988313639
ENSG00000156959,LHFPL4,0.775621137,0.988313639
ENSG00000203778,C6orf225,0.775652895,0.988313639
ENSG00000152377,SPOCK1,0.7758052,0.988313639
ENSG00000232295,.,0.775816459,0.988313639
ENSG00000069974,RAB27A,0.775863612,0.988313639
ENSG00000011405,PIK3C2A,0.775879992,0.988313639
ENSG00000106565,TMEM176B,0.776045881,0.988313639
ENSG00000204091,TDRG1,0.776111903,0.988313639
ENSG00000236650,.,0.776142591,0.988313639
ENSG00000185650,ZFP36L1,0.77619253,0.988313639
ENSG00000177103,DSCAML1,0.776235412,0.988313639
ENSG00000243716,.,0.776250859,0.988313639
ENSG00000198780,FAM169A,0.776270953,0.988313639
ENSG00000197580,BCO2,0.77637904,0.988313639
ENSG00000064115,TM7SF3,0.776428167,0.988313639
ENSG00000169193,CCDC126,0.77650646,0.988313639
ENSG00000186918,ZNF395,0.776548576,0.988313639
ENSG00000100968,NFATC4,0.776575654,0.988313639
ENSG00000081087,OSTM1,0.776588467,0.988313639
ENSG00000128596,CCDC136,0.776636872,0.988313639
ENSG00000229127,.,0.776673276,0.988313639
ENSG00000158813,EDA,0.776677167,0.988313639
ENSG00000171450,CDK5R2,0.776682501,0.988313639
ENSG00000144827,ABHD10,0.776718387,0.988313639
ENSG00000172137,CALB2,0.776749,0.988313639
ENSG00000079999,KEAP1,0.776762252,0.988313639
ENSG00000223960,.,0.776785195,0.988313639
ENSG00000153902,LGI4,0.776823086,0.988313639
ENSG00000184304,PRKD1,0.776833815,0.988313639
ENSG00000124596,OARD1,0.776906378,0.988313639
ENSG00000149256,TENM4,0.776931509,0.988313639
ENSG00000114115,RBP1,0.777007479,0.988313639
ENSG00000159335,PTMS,0.777010931,0.988313639
ENSG00000259820,.,0.777106036,0.988313639
ENSG00000214401,KANSL1-AS1,0.777167453,0.988313639
ENSG00000091490,SEL1L3,0.777254493,0.988313639
ENSG00000006282,SPATA20,0.777294516,0.988313639
ENSG00000100346,CACNA1I,0.777297604,0.988313639
ENSG00000121690,DEPDC7,0.777391965,0.988313639
ENSG00000143553,SNAPIN,0.77739514,0.988313639
ENSG00000243799,PEX5L-AS1,0.777407247,0.988313639
ENSG00000211451,GNRHR2,0.777513964,0.988313639
ENSG00000126107,HECTD3,0.777691053,0.988313639
ENSG00000006007,GDE1,0.777727586,0.988313639
ENSG00000011422,PLAUR,0.77782369,0.988313639
ENSG00000115875,SRSF7,0.777853804,0.988313639
ENSG00000172037,LAMB2,0.777902139,0.988313639
ENSG00000213079,SCAF8,0.777976505,0.988313639
ENSG00000265817,FSBP,0.778028023,0.988313639
ENSG00000106526,ACTR3C,0.77808602,0.988313639
ENSG00000095627,TDRD1,0.778160095,0.988313639
ENSG00000128791,TWSG1,0.778200225,0.988313639
ENSG00000204590,GNL1,0.778208487,0.988313639
ENSG00000163673,DCLK3,0.778234648,0.988313639
ENSG00000237161,.,0.778294439,0.988313639
ENSG00000137942,FNBP1L,0.778310851,0.988313639
ENSG00000015568,RGPD5,0.778370756,0.988313639
ENSG00000000457,SCYL3,0.778443468,0.988313639
ENSG00000175354,PTPN2,0.778668838,0.988313639
ENSG00000172915,NBEA,0.77872715,0.988313639
ENSG00000012817,KDM5D,0.778859122,0.988313639
ENSG00000111859,NEDD9,0.779036929,0.988313639
ENSG00000182327,GLTPD2,0.779207993,0.988313639
ENSG00000112378,PERP,0.779287958,0.988313639
ENSG00000126010,GRPR,0.779476643,0.988313639
ENSG00000038382,TRIO,0.779505638,0.988313639
ENSG00000170776,AKAP13,0.779582489,0.988313639
ENSG00000177614,PGBD5,0.779638242,0.988313639
ENSG00000155096,AZIN1,0.77965767,0.988313639
ENSG00000127452,FBXL12,0.779733327,0.988313639
ENSG00000172057,ORMDL3,0.779817358,0.988313639
ENSG00000153823,PID1,0.779819055,0.988313639
ENSG00000249731,.,0.779854216,0.988313639
ENSG00000260600,.,0.779859224,0.988313639
ENSG00000176700,SCAND2,0.77993778,0.988313639
ENSG00000244513,.,0.780002183,0.988313639
ENSG00000036257,CUL3,0.780016161,0.988313639
ENSG00000167720,SRR,0.780022374,0.988313639
ENSG00000142733,MAP3K6,0.780036175,0.988313639
ENSG00000254936,.,0.780161636,0.988313639
ENSG00000144713,RPL32,0.780166292,0.988313639
ENSG00000132549,VPS13B,0.780274469,0.988313639
ENSG00000140564,FURIN,0.780291939,0.988313639
ENSG00000115541,HSPE1,0.780312294,0.988313639
ENSG00000136522,MRPL47,0.780338605,0.988313639
ENSG00000146242,TPBG,0.780344882,0.988313639
ENSG00000162924,REL,0.780356274,0.988313639
ENSG00000267796,LIN37,0.780537862,0.988313639
ENSG00000066136,NFYC,0.780729851,0.988313639
ENSG00000233579,KRT8P15,0.780753985,0.988313639
ENSG00000149187,CELF1,0.780822195,0.988313639
ENSG00000106688,SLC1A1,0.780886152,0.988313639
ENSG00000066739,ATG2B,0.780890087,0.988313639
ENSG00000077454,LRCH4,0.781059986,0.988313639
ENSG00000006756,ARSD,0.781063735,0.988313639
ENSG00000164109,MAD2L1,0.781110122,0.988313639
ENSG00000160446,ZDHHC12,0.78114437,0.988313639
ENSG00000224318,CHL1-AS2,0.781274244,0.988313639
ENSG00000117242,PINK1-AS,0.781388943,0.988313639
ENSG00000137040,RANBP6,0.781395982,0.988313639
ENSG00000251196,.,0.781466961,0.988313639
ENSG00000140319,SRP14,0.781475735,0.988313639
ENSG00000189227,C15orf61,0.781498262,0.988313639
ENSG00000171161,ZNF672,0.781600319,0.988313639
ENSG00000184925,LCN12,0.781633413,0.988313639
ENSG00000006704,GTF2IRD1,0.781769858,0.988313639
ENSG00000112167,SAYSD1,0.781883369,0.988313639
ENSG00000261553,.,0.782015499,0.988313639
ENSG00000236552,RPL13AP5,0.782119199,0.988313639
ENSG00000033030,ZCCHC8,0.782128203,0.988313639
ENSG00000159228,CBR1,0.782213712,0.988313639
ENSG00000086730,LAT2,0.782230555,0.988313639
ENSG00000185112,FAM43A,0.782350363,0.988313639
ENSG00000102189,EEA1,0.782437541,0.988313639
ENSG00000170085,SIMC1,0.78248367,0.988313639
ENSG00000165782,TMEM55B,0.782586237,0.988313639
ENSG00000198355,PIM3,0.782634656,0.988313639
ENSG00000237289,CKMT1B,0.782697402,0.988313639
ENSG00000132702,HAPLN2,0.782850944,0.988313639
ENSG00000198874,TYW1,0.782853907,0.988313639
ENSG00000134255,CEPT1,0.782865908,0.988313639
ENSG00000243943,ZNF512,0.782880216,0.988313639
ENSG00000186076,.,0.78290938,0.988313639
ENSG00000124172,ATP5E,0.7829984,0.988313639
ENSG00000101144,BMP7,0.78301269,0.988313639
ENSG00000012174,MBTPS2,0.783131442,0.988313639
ENSG00000138193,PLCE1,0.783163821,0.988313639
ENSG00000123178,SPRYD7,0.783167788,0.988313639
ENSG00000253336,.,0.783174398,0.988313639
ENSG00000066336,SPI1,0.783397171,0.988313639
ENSG00000251682,.,0.78340125,0.988313639
ENSG00000133111,RFXAP,0.783430342,0.988313639
ENSG00000162913,C1orf145,0.783595521,0.988313639
ENSG00000166197,NOLC1,0.783596222,0.988313639
ENSG00000170638,TRABD,0.783716059,0.988313639
ENSG00000184117,NIPSNAP1,0.783819826,0.988313639
ENSG00000156976,EIF4A2,0.783832013,0.988313639
ENSG00000172830,SSH3,0.783913355,0.988313639
ENSG00000109576,AADAT,0.783933927,0.988313639
ENSG00000175772,.,0.783942714,0.988313639
ENSG00000189144,ZNF573,0.783989828,0.988313639
ENSG00000147224,PRPS1,0.784004855,0.988313639
ENSG00000168092,PAFAH1B2,0.784015826,0.988313639
ENSG00000214796,.,0.784117774,0.988313639
ENSG00000040731,CDH10,0.784171056,0.988313639
ENSG00000007174,DNAH9,0.784284058,0.988313639
ENSG00000148204,CRB2,0.784321423,0.988313639
ENSG00000164741,DLC1,0.784337493,0.988313639
ENSG00000113658,SMAD5,0.784500071,0.988313639
ENSG00000118046,STK11,0.784563424,0.988313639
ENSG00000152503,TRIM36,0.784714417,0.988313639
ENSG00000102144,PGK1,0.784725905,0.988313639
ENSG00000136450,SRSF1,0.78482573,0.988313639
ENSG00000178096,BOLA1,0.784834131,0.988313639
ENSG00000066422,ZBTB11,0.784865084,0.988313639
ENSG00000137818,RPLP1,0.784947781,0.988313639
ENSG00000184206,.,0.784959802,0.988313639
ENSG00000130958,SLC35D2,0.785000766,0.988313639
ENSG00000242689,CNTF,0.785069854,0.988313639
ENSG00000205085,FAM71F2,0.785070061,0.988313639
ENSG00000107317,PTGDS,0.785148139,0.988313639
ENSG00000111639,MRPL51,0.785351618,0.988313639
ENSG00000011426,ANLN,0.785359069,0.988313639
ENSG00000125691,RPL23,0.785374371,0.988313639
ENSG00000260083,MIR4519,0.785397598,0.988313639
ENSG00000179761,PIPOX,0.78539943,0.988313639
ENSG00000182578,CSF1R,0.78541071,0.988313639
ENSG00000042062,FAM65C,0.785433054,0.988313639
ENSG00000131018,SYNE1,0.785436061,0.988313639
ENSG00000137500,CCDC90B,0.785450528,0.988313639
ENSG00000153132,CLGN,0.78551475,0.988313639
ENSG00000167881,SRP68,0.78558877,0.988313639
ENSG00000260534,.,0.785602581,0.988313639
ENSG00000074855,ANO8,0.785717279,0.988313639
ENSG00000229240,.,0.785742409,0.988313639
ENSG00000189367,KIAA0408,0.785742852,0.988313639
ENSG00000206417,H1FX-AS1,0.785820706,0.988313639
ENSG00000213742,.,0.785851223,0.988313639
ENSG00000123989,CHPF,0.78587539,0.988313639
ENSG00000233642,GPR158-AS1,0.785927687,0.988313639
ENSG00000108961,RANGRF,0.785962307,0.988313639
ENSG00000126561,STAT5A,0.785977195,0.988313639
ENSG00000152760,TCTEX1D1,0.786185286,0.988313639
ENSG00000163827,LRRC2,0.786201058,0.988313639
ENSG00000173409,ARV1,0.786247349,0.988313639
ENSG00000149403,GRIK4,0.786311982,0.988313639
ENSG00000256956,.,0.786313584,0.988313639
ENSG00000238227,C9orf69,0.786513007,0.988313639
ENSG00000169139,UBE2V2,0.786533029,0.988313639
ENSG00000132670,PTPRA,0.786544239,0.988313639
ENSG00000111344,RASAL1,0.786680391,0.988313639
ENSG00000166342,NETO1,0.786801409,0.988313639
ENSG00000260693,.,0.786955461,0.988313639
ENSG00000047936,ROS1,0.786986088,0.988313639
ENSG00000259577,.,0.786986875,0.988313639
ENSG00000034053,APBA2,0.787008161,0.988313639
ENSG00000183576,SETD3,0.787051419,0.988313639
ENSG00000144583,MARCH4,0.787088052,0.988313639
ENSG00000214087,ARL16,0.787166062,0.988313639
ENSG00000105963,ADAP1,0.787187402,0.988313639
ENSG00000105700,KXD1,0.7871942,0.988313639
ENSG00000121270,ABCC11,0.787198919,0.988313639
ENSG00000185860,C1orf110,0.787220829,0.988313639
ENSG00000160741,CRTC2,0.787232473,0.988313639
ENSG00000127578,WFIKKN1,0.787290548,0.988313639
ENSG00000102901,CENPT,0.787409027,0.988313639
ENSG00000152234,ATP5A1,0.787449274,0.988313639
ENSG00000147036,LANCL3,0.787549472,0.988313639
ENSG00000106789,CORO2A,0.787591838,0.988313639
ENSG00000225914,.,0.787602386,0.988313639
ENSG00000261426,.,0.787605899,0.988313639
ENSG00000105220,GPI,0.787626332,0.988313639
ENSG00000107874,CUEDC2,0.787635831,0.988313639
ENSG00000211459,.,0.787726529,0.988313639
ENSG00000084628,NKAIN1,0.787738265,0.988313639
ENSG00000154493,C10orf90,0.787986647,0.988334214
ENSG00000143942,CHAC2,0.78802066,0.988334214
ENSG00000102001,CACNA1F,0.788154514,0.988334214
ENSG00000164307,ERAP1,0.788257071,0.988334214
ENSG00000174405,LIG4,0.788292249,0.988334214
ENSG00000177853,ZNF518A,0.788335086,0.988334214
ENSG00000140522,RLBP1,0.788348513,0.988334214
ENSG00000149654,CDH22,0.788420355,0.988334214
ENSG00000007402,CACNA2D2,0.788431427,0.988334214
ENSG00000235903,CPB2-AS1,0.788494501,0.988334214
ENSG00000188976,NOC2L,0.788553957,0.988334214
ENSG00000182670,TTC3,0.788605741,0.988334214
ENSG00000167371,PRRT2,0.788620063,0.988334214
ENSG00000117318,ID3,0.788780762,0.988334214
ENSG00000077514,POLD3,0.788818234,0.988334214
ENSG00000213977,TAX1BP3,0.788849142,0.988334214
ENSG00000156026,MCU,0.788873038,0.988334214
ENSG00000188888,GPR179,0.788942292,0.988334214
ENSG00000187650,VMAC,0.789008879,0.988334214
ENSG00000267520,.,0.789094369,0.988334214
ENSG00000109787,KLF3,0.78910233,0.988334214
ENSG00000147465,STAR,0.789106945,0.988334214
ENSG00000233885,YEATS2-AS1,0.789138802,0.988334214
ENSG00000153071,DAB2,0.789204986,0.988341733
ENSG00000146070,PLA2G7,0.789396412,0.988464322
ENSG00000177335,C8orf31,0.789492955,0.988464322
ENSG00000160113,NR2F6,0.789624366,0.988464322
ENSG00000139567,ACVRL1,0.789645877,0.988464322
ENSG00000181004,BBS12,0.789660697,0.988464322
ENSG00000116661,FBXO2,0.789688219,0.988464322
ENSG00000196743,GM2A,0.78972419,0.988464322
ENSG00000105122,RASAL3,0.789907025,0.988617823
ENSG00000187514,PTMA,0.78999492,0.988638467
ENSG00000196345,ZNF167,0.790092823,0.988638467
ENSG00000176406,RIMS2,0.790104115,0.988638467
ENSG00000136158,SPRY2,0.790216047,0.988703195
ENSG00000101255,TRIB3,0.790432339,0.988779947
ENSG00000143303,RRNAD1,0.790519546,0.988779947
ENSG00000138606,SHF,0.790568093,0.988779947
ENSG00000172361,CCDC11,0.790570095,0.988779947
ENSG00000176928,GCNT4,0.790578426,0.988779947
ENSG00000102996,MMP15,0.790828575,0.989017491
ENSG00000154319,FAM167A,0.790910396,0.989039919
ENSG00000126226,PCID2,0.791009231,0.989039919
ENSG00000224424,PRKAR2A-AS1,0.791027177,0.989039919
ENSG00000134057,CCNB1,0.791136925,0.98908505
ENSG00000163686,ABHD6,0.791259358,0.98908505
ENSG00000125703,ATG4C,0.791269012,0.98908505
ENSG00000081870,HSPB11,0.791304176,0.98908505
ENSG00000063660,GPC1,0.79140506,0.989135407
ENSG00000063761,ADCK1,0.79146492,0.989135407
ENSG00000229186,ADAM1A,0.79160444,0.989234494
ENSG00000060688,SNRNP40,0.791781898,0.989332898
ENSG00000172534,HCFC1,0.791851218,0.989332898
ENSG00000128000,ZNF780B,0.791863907,0.989332898
ENSG00000158161,EYA3,0.792004207,0.989354731
ENSG00000163293,NIPAL1,0.792004311,0.989354731
ENSG00000164440,TXLNB,0.792071813,0.989354731
ENSG00000112706,IMPG1,0.792226155,0.989354731
ENSG00000154582,TCEB1,0.792526714,0.989354731
ENSG00000162434,JAK1,0.79254628,0.989354731
ENSG00000196960,.,0.792592251,0.989354731
ENSG00000205111,CDKL4,0.792605161,0.989354731
ENSG00000184481,FOXO4,0.792622745,0.989354731
ENSG00000132436,FIGNL1,0.792628038,0.989354731
ENSG00000120656,TAF12,0.792701435,0.989354731
ENSG00000115561,CHMP3,0.792713385,0.989354731
ENSG00000165672,PRDX3,0.792716186,0.989354731
ENSG00000178947,LINC00086,0.792787037,0.989354731
ENSG00000198944,SOWAHA,0.792815702,0.989354731
ENSG00000160917,CPSF4,0.792937696,0.989354731
ENSG00000161653,NAGS,0.793144482,0.989354731
ENSG00000240230,COX19,0.793246955,0.989354731
ENSG00000101104,PABPC1L,0.793328944,0.989354731
ENSG00000265298,.,0.793358574,0.989354731
ENSG00000231079,.,0.793414691,0.989354731
ENSG00000163138,PACRGL,0.793503587,0.989354731
ENSG00000120756,PLS1,0.793540033,0.989354731
ENSG00000121060,TRIM25,0.793623144,0.989354731
ENSG00000060762,MPC1,0.79372278,0.989354731
ENSG00000055609,MLL3,0.793868528,0.989354731
ENSG00000009950,MLXIPL,0.793960399,0.989354731
ENSG00000181929,PRKAG1,0.793962892,0.989354731
ENSG00000182308,DCAF4L1,0.793985745,0.989354731
ENSG00000198324,FAM109A,0.794025896,0.989354731
ENSG00000254701,.,0.794060817,0.989354731
ENSG00000090857,PDPR,0.794086758,0.989354731
ENSG00000182993,C12orf60,0.794198206,0.989354731
ENSG00000232442,.,0.794232971,0.989354731
ENSG00000164938,TP53INP1,0.794410771,0.989354731
ENSG00000244627,.,0.794463877,0.989354731
ENSG00000159593,NAE1,0.794539644,0.989354731
ENSG00000230069,LRRC37A15P,0.794574526,0.989354731
ENSG00000186952,TMEM232,0.794678327,0.989354731
ENSG00000153234,NR4A2,0.794713142,0.989354731
ENSG00000131626,PPFIA1,0.794726254,0.989354731
ENSG00000196263,ZNF471,0.794828911,0.989354731
ENSG00000186017,ZNF566,0.795020393,0.989354731
ENSG00000021762,OSBPL5,0.795053889,0.989354731
ENSG00000169249,ZRSR2,0.795148765,0.989354731
ENSG00000112619,PRPH2,0.795208586,0.989354731
ENSG00000163563,MNDA,0.795290566,0.989354731
ENSG00000157734,SNX22,0.795431778,0.989354731
ENSG00000135077,HAVCR2,0.795489223,0.989354731
ENSG00000010270,STARD3NL,0.795505005,0.989354731
ENSG00000158528,PPP1R9A,0.79553217,0.989354731
ENSG00000137802,MAPKBP1,0.79575191,0.989354731
ENSG00000103710,RASL12,0.795792278,0.989354731
ENSG00000053702,NRIP2,0.795886566,0.989354731
ENSG00000234336,JAZF1-AS1,0.795994408,0.989354731
ENSG00000121988,ZRANB3,0.796100254,0.989354731
ENSG00000137821,LRRC49,0.796146534,0.989354731
ENSG00000104447,TRPS1,0.796184708,0.989354731
ENSG00000100271,TTLL1,0.7962153,0.989354731
ENSG00000138029,HADHB,0.796243741,0.989354731
ENSG00000165632,TAF3,0.796245743,0.989354731
ENSG00000196517,SLC6A9,0.796322738,0.989354731
ENSG00000131620,ANO1,0.796379037,0.989354731
ENSG00000111269,CREBL2,0.796469919,0.989354731
ENSG00000189114,BLOC1S3,0.7968602,0.989354731
ENSG00000165521,EML5,0.796903535,0.989354731
ENSG00000245910,SNHG6,0.796954514,0.989354731
ENSG00000164081,TEX264,0.796997891,0.989354731
ENSG00000267003,.,0.797012601,0.989354731
ENSG00000109270,LAMTOR3,0.797032066,0.989354731
ENSG00000075131,TIPIN,0.797081044,0.989354731
ENSG00000161048,NAPEPLD,0.797226931,0.989354731
ENSG00000005243,COPZ2,0.797265055,0.989354731
ENSG00000261879,.,0.79731893,0.989354731
ENSG00000149657,LSM14B,0.797330056,0.989354731
ENSG00000100605,ITPK1,0.79734271,0.989354731
ENSG00000105642,.,0.797378613,0.989354731
ENSG00000160218,TRAPPC10,0.797499322,0.989354731
ENSG00000121680,PEX16,0.797647045,0.989354731
ENSG00000226342,NMD3P1,0.797664554,0.989354731
ENSG00000117385,LEPRE1,0.797757143,0.989354731
ENSG00000151640,DPYSL4,0.797774229,0.989354731
ENSG00000161955,TNFSF13,0.797898843,0.989354731
ENSG00000104231,ZFAND1,0.797912165,0.989354731
ENSG00000219881,GAPDHP42,0.798003207,0.989354731
ENSG00000162378,ZYG11B,0.798049764,0.989354731
ENSG00000136830,FAM129B,0.798079931,0.989354731
ENSG00000140067,FAM181A,0.798156254,0.989354731
ENSG00000168765,GSTM4,0.798232529,0.989354731
ENSG00000101680,LAMA1,0.798375511,0.989354731
ENSG00000261617,.,0.798499487,0.989354731
ENSG00000128805,ARHGAP22,0.798536696,0.989354731
ENSG00000100263,RHBDD3,0.79858268,0.989354731
ENSG00000174599,TRAM1L1,0.798597165,0.989354731
ENSG00000115446,UNC50,0.798643862,0.989354731
ENSG00000128655,PDE11A,0.798679577,0.989354731
ENSG00000053254,FOXN3,0.798695677,0.989354731
ENSG00000153291,SLC25A27,0.798717372,0.989354731
ENSG00000162066,AMDHD2,0.79880561,0.989354731
ENSG00000184258,CDR1,0.798805873,0.989354731
ENSG00000233864,TTTY15,0.799078838,0.989354731
ENSG00000153993,SEMA3D,0.799248598,0.989354731
ENSG00000137124,ALDH1B1,0.799326428,0.989354731
ENSG00000179071,CCDC89,0.799415897,0.989354731
ENSG00000163531,NFASC,0.799467114,0.989354731
ENSG00000078070,MCCC1,0.799524269,0.989354731
ENSG00000214140,PRCD,0.799556883,0.989354731
ENSG00000108946,PRKAR1A,0.79956032,0.989354731
ENSG00000213123,TCTEX1D2,0.799678442,0.989354731
ENSG00000078403,MLLT10,0.799690689,0.989354731
ENSG00000176087,SLC35A4,0.799730179,0.989354731
ENSG00000224003,.,0.799735864,0.989354731
ENSG00000139496,NUPL1,0.799754679,0.989354731
ENSG00000100307,CBX7,0.799795308,0.989354731
ENSG00000133101,CCNA1,0.799921721,0.989354731
ENSG00000233061,TTLL7-IT1,0.799928317,0.989354731
ENSG00000126067,PSMB2,0.800100399,0.989354731
ENSG00000100296,THOC5,0.800116624,0.989354731
ENSG00000014123,UFL1,0.800127421,0.989354731
ENSG00000164089,AGXT2L1,0.800340401,0.989354731
ENSG00000267383,.,0.800341049,0.989354731
ENSG00000164535,DAGLB,0.800409644,0.989354731
ENSG00000129696,TTI2,0.800412908,0.989354731
ENSG00000097007,ABL1,0.800466081,0.989354731
ENSG00000254918,.,0.80055973,0.989354731
ENSG00000233029,.,0.800592776,0.989354731
ENSG00000232859,LYRM9,0.800645699,0.989354731
ENSG00000221944,TIGD1,0.800647335,0.989354731
ENSG00000140553,UNC45A,0.80072421,0.989354731
ENSG00000165714,LOH12CR1,0.800755373,0.989354731
ENSG00000203930,.,0.800854556,0.989354731
ENSG00000090376,IRAK3,0.80100579,0.989354731
ENSG00000149311,ATM,0.801056221,0.989354731
ENSG00000143590,EFNA3,0.801181119,0.989354731
ENSG00000166896,XRCC6BP1,0.801246829,0.989354731
ENSG00000115365,LANCL1,0.801301271,0.989354731
ENSG00000100417,PMM1,0.801328629,0.989354731
ENSG00000214117,.,0.801376271,0.989354731
ENSG00000187260,WDR86,0.801384958,0.989354731
ENSG00000177954,RPS27,0.801409317,0.989354731
ENSG00000182180,MRPS16,0.801462836,0.989354731
ENSG00000140443,IGF1R,0.801482448,0.989354731
ENSG00000124207,CSE1L,0.801500095,0.989354731
ENSG00000243696,MUSTN1,0.801555291,0.989354731
ENSG00000100726,TELO2,0.801615607,0.989354731
ENSG00000102977,ACD,0.801650513,0.989354731
ENSG00000198900,TOP1,0.801715483,0.989354731
ENSG00000113648,H2AFY,0.801717582,0.989354731
ENSG00000157368,IL34,0.801717837,0.989354731
ENSG00000013275,PSMC4,0.801727729,0.989354731
ENSG00000197265,GTF2E2,0.801859359,0.989354731
ENSG00000135424,ITGA7,0.8018951,0.989354731
ENSG00000131236,CAP1,0.801897469,0.989354731
ENSG00000113790,EHHADH,0.801899321,0.989354731
ENSG00000119699,TGFB3,0.80195451,0.989354731
ENSG00000125971,DYNLRB1,0.801970692,0.989354731
ENSG00000122477,LRRC39,0.802121984,0.989354731
ENSG00000253250,.,0.80223267,0.989354731
ENSG00000269837,.,0.8022475,0.989354731
ENSG00000114270,COL7A1,0.802292634,0.989354731
ENSG00000081721,DUSP12,0.80229708,0.989354731
ENSG00000101109,STK4,0.802502118,0.989354731
ENSG00000165495,PKNOX2,0.802566143,0.989354731
ENSG00000072210,ALDH3A2,0.802618705,0.989354731
ENSG00000138443,ABI2,0.802646544,0.989354731
ENSG00000176986,SEC24C,0.80266798,0.989354731
ENSG00000185442,FAM174B,0.802690245,0.989354731
ENSG00000132466,ANKRD17,0.803108206,0.989354731
ENSG00000198464,ZNF480,0.803394371,0.989354731
ENSG00000259358,.,0.803651605,0.989354731
ENSG00000255220,DDX18P5,0.803660962,0.989354731
ENSG00000160404,TOR2A,0.803673894,0.989354731
ENSG00000196182,STK40,0.803682284,0.989354731
ENSG00000226585,.,0.803713554,0.989354731
ENSG00000112759,SLC29A1,0.80381945,0.989354731
ENSG00000189079,ARID2,0.803820641,0.989354731
ENSG00000130669,PAK4,0.803836472,0.989354731
ENSG00000167671,UBXN6,0.803842894,0.989354731
ENSG00000082269,FAM135A,0.803851692,0.989354731
ENSG00000164167,LSM6,0.803893678,0.989354731
ENSG00000078814,MYH7B,0.803918594,0.989354731
ENSG00000131480,AOC2,0.803919208,0.989354731
ENSG00000115694,STK25,0.803973163,0.989354731
ENSG00000026508,CD44,0.803997651,0.989354731
ENSG00000163870,TPRA1,0.804007687,0.989354731
ENSG00000135540,NHSL1,0.804010113,0.989354731
ENSG00000239268,.,0.804343631,0.989354731
ENSG00000266921,.,0.80439771,0.989354731
ENSG00000198833,UBE2J1,0.804503766,0.989354731
ENSG00000172403,SYNPO2,0.804579667,0.989354731
ENSG00000188013,MEIS3P2,0.804606398,0.989354731
ENSG00000159063,ALG8,0.804704509,0.989354731
ENSG00000162384,C1orf123,0.804711561,0.989354731
ENSG00000255389,.,0.804785618,0.989354731
ENSG00000196911,KPNA5,0.804867288,0.989354731
ENSG00000115556,PLCD4,0.804869871,0.989354731
ENSG00000071894,CPSF1,0.804961446,0.989354731
ENSG00000143079,CTTNBP2NL,0.805040635,0.989354731
ENSG00000182580,EPHB3,0.805295035,0.989354731
ENSG00000110002,VWA5A,0.805369817,0.989354731
ENSG00000162951,LRRTM1,0.805462024,0.989354731
ENSG00000241697,TMEFF1,0.805554035,0.989354731
ENSG00000232593,.,0.805583709,0.989354731
ENSG00000148337,CIZ1,0.805599514,0.989354731
ENSG00000164877,MICALL2,0.805687619,0.989354731
ENSG00000089154,GCN1L1,0.805692387,0.989354731
ENSG00000236754,.,0.805698906,0.989354731
ENSG00000213639,PPP1CB,0.805746579,0.989354731
ENSG00000246422,.,0.805747481,0.989354731
ENSG00000127418,FGFRL1,0.805799971,0.989354731
ENSG00000140398,NEIL1,0.805862676,0.989354731
ENSG00000075303,SLC25A40,0.805924422,0.989354731
ENSG00000169989,TIGD4,0.805944084,0.989354731
ENSG00000168488,ATXN2L,0.805996743,0.989354731
ENSG00000100225,FBXO7,0.806109621,0.989354731
ENSG00000084463,WBP11,0.806197188,0.989354731
ENSG00000090530,LEPREL1,0.806308079,0.989354731
ENSG00000240291,.,0.806322442,0.989354731
ENSG00000227285,.,0.80637524,0.989354731
ENSG00000172936,MYD88,0.80641663,0.989354731
ENSG00000116883,.,0.806444283,0.989354731
ENSG00000246366,.,0.806456627,0.989354731
ENSG00000174721,FGFBP3,0.806490042,0.989354731
ENSG00000185046,ANKS1B,0.806551757,0.989354731
ENSG00000185361,TNFAIP8L1,0.80673248,0.989354731
ENSG00000145730,PAM,0.806762398,0.989354731
ENSG00000165675,ENOX2,0.806814748,0.989354731
ENSG00000183337,BCOR,0.806855009,0.989354731
ENSG00000152457,DCLRE1C,0.807031208,0.989354731
ENSG00000106610,STAG3L4,0.8071611,0.989354731
ENSG00000154310,TNIK,0.807224505,0.989354731
ENSG00000123870,ZNF137P,0.807232931,0.989354731
ENSG00000246174,.,0.807410364,0.989354731
ENSG00000116120,FARSB,0.807419522,0.989354731
ENSG00000171295,ZNF440,0.807448886,0.989354731
ENSG00000244701,.,0.807503473,0.989354731
ENSG00000136878,USP20,0.807649242,0.989354731
ENSG00000115207,GTF3C2,0.807678371,0.989354731
ENSG00000021574,SPAST,0.807746411,0.989354731
ENSG00000137474,MYO7A,0.807809834,0.989354731
ENSG00000225572,.,0.807854308,0.989354731
ENSG00000116701,NCF2,0.807882587,0.989354731
ENSG00000107290,SETX,0.807947261,0.989354731
ENSG00000214753,HNRNPUL2,0.808015934,0.989354731
ENSG00000177675,CD163L1,0.808304376,0.989354731
ENSG00000197694,SPTAN1,0.808388608,0.989354731
ENSG00000130255,RPL36,0.808457853,0.989354731
ENSG00000147655,RSPO2,0.808464517,0.989354731
ENSG00000110446,SLC15A3,0.808501072,0.989354731
ENSG00000147642,SYBU,0.808520392,0.989354731
ENSG00000118898,PPL,0.808557894,0.989354731
ENSG00000173988,LRRC63,0.808614776,0.989354731
ENSG00000066056,TIE1,0.808647925,0.989354731
ENSG00000087269,NOP14,0.808666254,0.989354731
ENSG00000224597,.,0.808762093,0.989354731
ENSG00000162769,FLVCR1,0.808830404,0.989354731
ENSG00000109771,LRP2BP,0.80883175,0.989354731
ENSG00000075624,ACTB,0.808890092,0.989354731
ENSG00000260001,TGFBR3L,0.80890589,0.989354731
ENSG00000143614,GATAD2B,0.808941845,0.989354731
ENSG00000117448,AKR1A1,0.8091062,0.989354731
ENSG00000089597,GANAB,0.809152657,0.989354731
ENSG00000138771,SHROOM3,0.80930567,0.989354731
ENSG00000229891,.,0.80934332,0.989354731
ENSG00000253276,CCDC71L,0.809344476,0.989354731
ENSG00000105887,MTPN,0.809351931,0.989354731
ENSG00000260735,.,0.809373801,0.989354731
ENSG00000198729,PPP1R14C,0.809429658,0.989354731
ENSG00000132026,RTBDN,0.809523834,0.989354731
ENSG00000178404,.,0.809524304,0.989354731
ENSG00000144560,VGLL4,0.809645768,0.989354731
ENSG00000079785,DDX1,0.809654527,0.989354731
ENSG00000177272,KCNA3,0.809655452,0.989354731
ENSG00000204231,RXRB,0.809752816,0.989354731
ENSG00000141141,DDX52,0.810033588,0.989354731
ENSG00000261005,.,0.810038667,0.989354731
ENSG00000141232,TOB1,0.81011712,0.989354731
ENSG00000197961,ZNF121,0.810172573,0.989354731
ENSG00000261609,MIR4720,0.810267758,0.989354731
ENSG00000117395,EBNA1BP2,0.810384433,0.989354731
ENSG00000124831,LRRFIP1,0.810574801,0.989354731
ENSG00000185630,PBX1,0.810702061,0.989354731
ENSG00000233593,.,0.81088489,0.989354731
ENSG00000189241,TSPYL1,0.810990517,0.989354731
ENSG00000267680,ZNF224,0.811070096,0.989354731
ENSG00000254470,AP5B1,0.811106185,0.989354731
ENSG00000151498,ACAD8,0.811145969,0.989354731
ENSG00000113240,CLK4,0.811169867,0.989354731
ENSG00000028839,TBPL1,0.811189453,0.989354731
ENSG00000229841,.,0.811202036,0.989354731
ENSG00000067064,IDI1,0.811206613,0.989354731
ENSG00000066279,ASPM,0.81121862,0.989354731
ENSG00000116350,SRSF4,0.811266011,0.989354731
ENSG00000166862,CACNG2,0.811324695,0.989354731
ENSG00000119414,PPP6C,0.811456237,0.989354731
ENSG00000100503,NIN,0.811459849,0.989354731
ENSG00000253953,PCDHGB4,0.811500907,0.989354731
ENSG00000133835,HSD17B4,0.811509548,0.989354731
ENSG00000231119,.,0.81152565,0.989354731
ENSG00000259055,.,0.811529711,0.989354731
ENSG00000185942,NKAIN3,0.811613818,0.989354731
ENSG00000112033,PPARD,0.811615427,0.989354731
ENSG00000124782,RREB1,0.811657079,0.989354731
ENSG00000206384,COL6A6,0.811727196,0.989354731
ENSG00000179456,ZNF238,0.811785006,0.989354731
ENSG00000148908,RGS10,0.811881261,0.989354731
ENSG00000206535,LNP1,0.811996822,0.989354731
ENSG00000162931,TRIM17,0.812016995,0.989354731
ENSG00000204842,ATXN2,0.812375961,0.989354731
ENSG00000237919,.,0.812402987,0.989354731
ENSG00000110075,PPP6R3,0.812414602,0.989354731
ENSG00000061273,HDAC7,0.812508549,0.989354731
ENSG00000111837,MAK,0.812521585,0.989354731
ENSG00000090263,MRPS33,0.812711524,0.989354731
ENSG00000223745,.,0.812747184,0.989354731
ENSG00000116209,TMEM59,0.81274727,0.989354731
ENSG00000188732,FAM221A,0.812833314,0.989354731
ENSG00000104219,ZDHHC2,0.812919665,0.989354731
ENSG00000170542,SERPINB9,0.813099827,0.989354731
ENSG00000164258,NDUFS4,0.813101328,0.989354731
ENSG00000197451,HNRNPAB,0.813200971,0.989354731
ENSG00000111640,GAPDH,0.813332581,0.989354731
ENSG00000074755,ZZEF1,0.813473121,0.989354731
ENSG00000042088,TDP1,0.813474547,0.989354731
ENSG00000250950,.,0.813541847,0.989354731
ENSG00000237984,PTENP1,0.813645118,0.989354731
ENSG00000108826,MRPL27,0.813717884,0.989354731
ENSG00000173705,SUSD5,0.813752386,0.989354731
ENSG00000139637,C12orf10,0.813755801,0.989354731
ENSG00000129824,RPS4Y1,0.813823196,0.989354731
ENSG00000170876,TMEM43,0.813920739,0.989354731
ENSG00000258405,ZNF578,0.813941361,0.989354731
ENSG00000100167,SEPT3,0.813954773,0.989354731
ENSG00000164406,LEAP2,0.813974087,0.989354731
ENSG00000241962,C2orf15,0.813982797,0.989354731
ENSG00000141627,DYM,0.813987527,0.989354731
ENSG00000164944,KIAA1429,0.814045201,0.989354731
ENSG00000115355,CCDC88A,0.814069076,0.989354731
ENSG00000163933,RFT1,0.814078965,0.989354731
ENSG00000156395,SORCS3,0.814152728,0.989354731
ENSG00000196664,TLR7,0.814183315,0.989354731
ENSG00000164796,CSMD3,0.814312206,0.989354731
ENSG00000171763,SPATA5L1,0.814499388,0.989354731
ENSG00000184313,HEATR8,0.81458709,0.989354731
ENSG00000204899,MZT1,0.814591572,0.989354731
ENSG00000213693,SEC14L1P1,0.814728467,0.989354731
ENSG00000100603,SNW1,0.814769666,0.989354731
ENSG00000148296,SURF6,0.814780415,0.989354731
ENSG00000240244,GAPDHP33,0.814800934,0.989354731
ENSG00000101417,PXMP4,0.814867493,0.989354731
ENSG00000103202,NME4,0.814896302,0.989354731
ENSG00000159346,ADIPOR1,0.814899426,0.989354731
ENSG00000139354,GAS2L3,0.814923281,0.989354731
ENSG00000136238,RAC1,0.814936964,0.989354731
ENSG00000214517,PPME1,0.814948674,0.989354731
ENSG00000158793,NIT1,0.815069803,0.989354731
ENSG00000127081,ZNF484,0.815147696,0.989354731
ENSG00000253424,.,0.815181828,0.989354731
ENSG00000100379,KCTD17,0.815239919,0.989354731
ENSG00000143543,JTB,0.815366568,0.989354731
ENSG00000139977,NAA30,0.815419154,0.989354731
ENSG00000091140,DLD,0.815438907,0.989354731
ENSG00000127922,SHFM1,0.815440901,0.989354731
ENSG00000130810,PPAN,0.815448891,0.989354731
ENSG00000065665,SEC61A2,0.815560977,0.989354731
ENSG00000066735,KIF26A,0.815618871,0.989354731
ENSG00000120725,SIL1,0.815982915,0.989354731
ENSG00000127947,PTPN12,0.816042235,0.989354731
ENSG00000245498,.,0.816049727,0.989354731
ENSG00000107249,GLIS3,0.816076822,0.989354731
ENSG00000145087,STXBP5L,0.816136188,0.989354731
ENSG00000168010,ATG16L2,0.81636848,0.989354731
ENSG00000154767,XPC,0.816411975,0.989354731
ENSG00000138756,BMP2K,0.816493322,0.989354731
ENSG00000230786,.,0.816555616,0.989354731
ENSG00000111641,NOP2,0.816621517,0.989354731
ENSG00000072840,EVC,0.816676421,0.989354731
ENSG00000102978,POLR2C,0.816772903,0.989354731
ENSG00000159352,PSMD4,0.817001273,0.989354731
ENSG00000233750,.,0.817075764,0.989354731
ENSG00000105518,TMEM205,0.817138438,0.989354731
ENSG00000175854,SWI5,0.817159472,0.989354731
ENSG00000118855,MFSD1,0.817329574,0.989354731
ENSG00000198440,ZNF583,0.81733366,0.989354731
ENSG00000134897,BIVM,0.817339536,0.989354731
ENSG00000196943,NOP9,0.817343033,0.989354731
ENSG00000105695,MAG,0.817362581,0.989354731
ENSG00000075420,FNDC3B,0.817392604,0.989354731
ENSG00000152137,HSPB8,0.817411667,0.989354731
ENSG00000081818,PCDHB4,0.817453493,0.989354731
ENSG00000198496,NBR2,0.817467271,0.989354731
ENSG00000132142,ACACA,0.81754238,0.989354731
ENSG00000118785,SPP1,0.817585301,0.989354731
ENSG00000251664,PCDHA12,0.81764511,0.989354731
ENSG00000128908,INO80,0.817669726,0.989354731
ENSG00000144061,NPHP1,0.817704277,0.989354731
ENSG00000164398,ACSL6,0.817757799,0.989354731
ENSG00000245573,BDNF-AS,0.81777854,0.989354731
ENSG00000116044,NFE2L2,0.817929244,0.989354731
ENSG00000146122,DAAM2,0.817935346,0.989354731
ENSG00000100362,PVALB,0.817954535,0.989354731
ENSG00000090621,PABPC4,0.817974364,0.989354731
ENSG00000186174,BCL9L,0.817994811,0.989354731
ENSG00000223963,PRKRIRP8,0.818089548,0.989354731
ENSG00000100412,ACO2,0.818119666,0.989354731
ENSG00000133401,PDZD2,0.818216711,0.989354731
ENSG00000116117,PARD3B,0.818240554,0.989354731
ENSG00000099968,BCL2L13,0.818243276,0.989354731
ENSG00000166377,ATP9B,0.818329518,0.989354731
ENSG00000149781,FERMT3,0.818385074,0.989354731
ENSG00000267309,.,0.81845378,0.989354731
ENSG00000254088,.,0.818476431,0.989354731
ENSG00000245552,.,0.818524067,0.989354731
ENSG00000111261,MANSC1,0.818576331,0.989354731
ENSG00000158445,KCNB1,0.818590559,0.989354731
ENSG00000163013,FBXO41,0.818630189,0.989354731
ENSG00000121903,ZSCAN20,0.818756478,0.989354731
ENSG00000198945,L3MBTL3,0.818769883,0.989354731
ENSG00000178394,HTR1A,0.818790031,0.989354731
ENSG00000119638,NEK9,0.818929613,0.989354731
ENSG00000119862,LGALSL,0.818939815,0.989354731
ENSG00000155130,MARCKS,0.819018168,0.989354731
ENSG00000100599,RIN3,0.819082856,0.989354731
ENSG00000163626,COX18,0.819120619,0.989354731
ENSG00000258882,.,0.819123635,0.989354731
ENSG00000242808,SOX2-OT,0.81912721,0.989354731
ENSG00000185774,KCNIP4,0.819143115,0.989354731
ENSG00000148339,SLC25A25,0.819208664,0.989354731
ENSG00000172172,MRPL13,0.81929168,0.989354731
ENSG00000197296,FITM2,0.819308905,0.989354731
ENSG00000262879,.,0.819510115,0.989354731
ENSG00000253203,GUSBP3,0.819591534,0.989354731
ENSG00000119283,TRIM67,0.819611484,0.989354731
ENSG00000265218,.,0.819639055,0.989354731
ENSG00000197933,ZNF823,0.819727907,0.989354731
ENSG00000244045,TMEM199,0.819771787,0.989354731
ENSG00000089094,KDM2B,0.819797703,0.989354731
ENSG00000091640,SPAG7,0.819892193,0.989354731
ENSG00000215421,ZNF407,0.819933557,0.989354731
ENSG00000141431,ASXL3,0.819962878,0.989354731
ENSG00000074356,C17orf85,0.820057657,0.989354731
ENSG00000104972,LILRB1,0.820138552,0.989354731
ENSG00000067842,ATP2B3,0.820140714,0.989354731
ENSG00000005108,THSD7A,0.820216475,0.989354731
ENSG00000162512,SDC3,0.82033774,0.989354731
ENSG00000107651,SEC23IP,0.820395278,0.989354731
ENSG00000177105,RHOG,0.820457311,0.989354731
ENSG00000242802,AP5Z1,0.820478449,0.989354731
ENSG00000100151,PICK1,0.820518703,0.989354731
ENSG00000141622,RNF165,0.820558935,0.989354731
ENSG00000122299,ZC3H7A,0.820565622,0.989354731
ENSG00000094841,UPRT,0.820600928,0.989354731
ENSG00000134504,KCTD1,0.820608736,0.989354731
ENSG00000149639,SOGA1,0.820667905,0.989354731
ENSG00000182255,KCNA4,0.820680784,0.989354731
ENSG00000152784,PRDM8,0.820684646,0.989354731
ENSG00000136802,LRRC8A,0.820686514,0.989354731
ENSG00000135018,UBQLN1,0.820701283,0.989354731
ENSG00000092853,CLSPN,0.820750287,0.989354731
ENSG00000105379,ETFB,0.820809033,0.989354731
ENSG00000114098,ARMC8,0.820896866,0.989354731
ENSG00000259220,.,0.820923161,0.989354731
ENSG00000234614,.,0.820936893,0.989354731
ENSG00000186230,ZNF749,0.820963959,0.989354731
ENSG00000111142,METAP2,0.820980075,0.989354731
ENSG00000136867,SLC31A2,0.821048841,0.989354731
ENSG00000172985,SH3RF3,0.821089125,0.989354731
ENSG00000139436,GIT2,0.821158793,0.989354731
ENSG00000130349,C6orf203,0.821190163,0.989354731
ENSG00000131788,PIAS3,0.821343688,0.989354731
ENSG00000215788,TNFRSF25,0.821627799,0.989354731
ENSG00000104442,ARMC1,0.821710339,0.989354731
ENSG00000152455,SUV39H2,0.822013645,0.989354731
ENSG00000116288,PARK7,0.822076263,0.989354731
ENSG00000248445,.,0.82208543,0.989354731
ENSG00000229956,ZRANB2-AS2,0.822136735,0.989354731
ENSG00000182919,C11orf54,0.822344612,0.989354731
ENSG00000116652,DLEU2L,0.822426454,0.989354731
ENSG00000113272,THG1L,0.822427563,0.989354731
ENSG00000165688,PMPCA,0.822544977,0.989354731
ENSG00000153944,MSI2,0.822612715,0.989354731
ENSG00000137710,RDX,0.822620071,0.989354731
ENSG00000168246,UBTD2,0.822792281,0.989354731
ENSG00000117868,ESYT2,0.82283616,0.989354731
ENSG00000101327,PDYN,0.8228571,0.989354731
ENSG00000107581,EIF3A,0.823079624,0.989354731
ENSG00000119922,IFIT2,0.823095101,0.989354731
ENSG00000258824,.,0.823123907,0.989354731
ENSG00000121289,CEP89,0.823135877,0.989354731
ENSG00000153487,ING1,0.823178575,0.989354731
ENSG00000067248,DHX29,0.823351762,0.989354731
ENSG00000164591,MYOZ3,0.823362648,0.989354731
ENSG00000153391,INO80C,0.823400345,0.989354731
ENSG00000020256,ZFP64,0.823540834,0.989354731
ENSG00000103326,SOLH,0.823605776,0.989354731
ENSG00000233184,.,0.823693742,0.989354731
ENSG00000188566,NDOR1,0.823702592,0.989354731
ENSG00000165527,ARF6,0.823720911,0.989354731
ENSG00000233327,USP32P2,0.823828026,0.989354731
ENSG00000182141,ZNF708,0.823831555,0.989354731
ENSG00000138430,OLA1,0.823975479,0.989354731
ENSG00000164161,HHIP,0.824027375,0.989354731
ENSG00000117266,CDK18,0.82410402,0.989354731
ENSG00000139624,CERS5,0.824218554,0.989354731
ENSG00000156219,ART3,0.824275094,0.989354731
ENSG00000115155,OTOF,0.824340397,0.989354731
ENSG00000009724,MASP2,0.824437575,0.989354731
ENSG00000123560,PLP1,0.824605524,0.989354731
ENSG00000186501,TMEM222,0.824611747,0.989354731
ENSG00000071889,FAM3A,0.824636904,0.989354731
ENSG00000108828,VAT1,0.824710811,0.989354731
ENSG00000170456,DENND5B,0.824714517,0.989354731
ENSG00000176697,BDNF,0.824719556,0.989354731
ENSG00000104856,RELB,0.824726957,0.989354731
ENSG00000136643,RPS6KC1,0.824887014,0.989354731
ENSG00000197697,HIST1H2BE,0.824980878,0.989354731
ENSG00000116260,QSOX1,0.824981249,0.989354731
ENSG00000260686,.,0.825046662,0.989354731
ENSG00000171587,DSCAM,0.825089496,0.989354731
ENSG00000151287,TEX30,0.82519386,0.989354731
ENSG00000153029,MR1,0.825228148,0.989354731
ENSG00000243444,PALM2,0.825387753,0.989354731
ENSG00000224668,IPO8P1,0.825397473,0.989354731
ENSG00000042317,SPATA7,0.825419622,0.989354731
ENSG00000132002,DNAJB1,0.825440046,0.989354731
ENSG00000163249,CCNYL1,0.825482508,0.989354731
ENSG00000133247,SUV420H2,0.825498224,0.989354731
ENSG00000072832,CRMP1,0.82552923,0.989354731
ENSG00000118997,DNAH7,0.825568511,0.989354731
ENSG00000181315,ZNF322,0.825615723,0.989354731
ENSG00000040633,PHF23,0.825631631,0.989354731
ENSG00000175643,RMI2,0.825772157,0.989354731
ENSG00000135930,EIF4E2,0.825801744,0.989354731
ENSG00000182095,TNRC18,0.825804427,0.989354731
ENSG00000213186,TRIM59,0.825864577,0.989354731
ENSG00000151532,VTI1A,0.825870786,0.989354731
ENSG00000006534,ALDH3B1,0.825881984,0.989354731
ENSG00000137720,C11orf1,0.825973653,0.989354731
ENSG00000198677,TTC37,0.826028239,0.989354731
ENSG00000163479,SSR2,0.826084346,0.989354731
ENSG00000162728,KCNJ9,0.826154414,0.989354731
ENSG00000163873,GRIK3,0.826205768,0.989354731
ENSG00000143036,SLC44A3,0.826235548,0.989354731
ENSG00000147604,RPL7,0.826407499,0.989354731
ENSG00000115194,SLC30A3,0.826548129,0.989354731
ENSG00000117480,FAAH,0.826553152,0.989354731
ENSG00000196814,FAM125B,0.826601389,0.989354731
ENSG00000183741,CBX6,0.826667897,0.989354731
ENSG00000113522,RAD50,0.826895661,0.989354731
ENSG00000107959,PITRM1,0.826903718,0.989354731
ENSG00000101187,SLCO4A1,0.826968588,0.989354731
ENSG00000102401,ARMCX3,0.827010116,0.989354731
ENSG00000189292,FAM150B,0.827044423,0.989354731
ENSG00000159210,SNF8,0.827180627,0.989354731
ENSG00000171388,APLN,0.827361569,0.989354731
ENSG00000049283,EPN3,0.82744193,0.989354731
ENSG00000117859,OSBPL9,0.827448105,0.989354731
ENSG00000145358,DDIT4L,0.82745086,0.989354731
ENSG00000160221,C21orf33,0.827518875,0.989354731
ENSG00000136628,EPRS,0.827568234,0.989354731
ENSG00000042429,MED17,0.827614351,0.989354731
ENSG00000173120,KDM2A,0.827657104,0.989354731
ENSG00000152433,ZNF547,0.827659319,0.989354731
ENSG00000113108,APBB3,0.827666749,0.989354731
ENSG00000184470,TXNRD2,0.82768911,0.989354731
ENSG00000134253,TRIM45,0.827743771,0.989354731
ENSG00000124789,NUP153,0.827822684,0.989354731
ENSG00000138134,STAMBPL1,0.827880321,0.989354731
ENSG00000156398,SFXN2,0.828180024,0.989354731
ENSG00000184903,IMMP2L,0.82826386,0.989354731
ENSG00000204677,FAM153C,0.828402366,0.989354731
ENSG00000155282,.,0.828419049,0.989354731
ENSG00000109832,DDX25,0.828453671,0.989354731
ENSG00000261646,.,0.828567761,0.989354731
ENSG00000152348,ATG10,0.828577384,0.989354731
ENSG00000112218,GPR63,0.828603132,0.989354731
ENSG00000137843,PAK6,0.828617916,0.989354731
ENSG00000225937,PCA3,0.828750654,0.989354731
ENSG00000233974,.,0.828793103,0.989354731
ENSG00000135525,MAP7,0.828831504,0.989354731
ENSG00000167964,RAB26,0.82884345,0.989354731
ENSG00000015479,MATR3,0.829111897,0.989354731
ENSG00000073417,PDE8A,0.829251337,0.989354731
ENSG00000240038,AMY2B,0.829257173,0.989354731
ENSG00000176597,B3GNT5,0.829261692,0.989354731
ENSG00000104998,IL27RA,0.829357026,0.989354731
ENSG00000130449,ZSWIM6,0.829375238,0.989354731
ENSG00000139910,NOVA1,0.829401056,0.989354731
ENSG00000117505,DR1,0.829469728,0.989354731
ENSG00000172782,FADS6,0.829620961,0.989354731
ENSG00000130811,EIF3G,0.829632005,0.989354731
ENSG00000268119,.,0.829680059,0.989354731
ENSG00000110975,SYT10,0.829739641,0.989354731
ENSG00000196411,EPHB4,0.829798435,0.989354731
ENSG00000170558,CDH2,0.829815982,0.989354731
ENSG00000131171,SH3BGRL,0.829942822,0.989354731
ENSG00000205572,SERF1B,0.830035148,0.989354731
ENSG00000143507,DUSP10,0.830051617,0.989354731
ENSG00000119138,KLF9,0.830059136,0.989354731
ENSG00000182197,EXT1,0.83007178,0.989354731
ENSG00000099338,CATSPERG,0.830079105,0.989354731
ENSG00000172020,GAP43,0.83012549,0.989354731
ENSG00000184347,SLIT3,0.830198204,0.989354731
ENSG00000165630,PRPF18,0.830199996,0.989354731
ENSG00000261616,.,0.830215744,0.989354731
ENSG00000131931,THAP1,0.830338216,0.989354731
ENSG00000154175,ABI3BP,0.830467198,0.989354731
ENSG00000089060,SLC24A6,0.83048784,0.989354731
ENSG00000241738,ZNF90P1,0.830507572,0.989354731
ENSG00000102452,NALCN,0.830640818,0.989354731
ENSG00000116337,AMPD2,0.830648438,0.989354731
ENSG00000148606,POLR3A,0.830677103,0.989354731
ENSG00000141425,RPRD1A,0.830743677,0.989354731
ENSG00000079462,PAFAH1B3,0.830762259,0.989354731
ENSG00000111218,PRMT8,0.830978897,0.989354731
ENSG00000106538,RARRES2,0.831031548,0.989354731
ENSG00000181027,FKRP,0.831058301,0.989354731
ENSG00000151948,GLT1D1,0.831127153,0.989354731
ENSG00000168283,BMI1,0.831185266,0.989354731
ENSG00000215244,.,0.831189845,0.989354731
ENSG00000109606,DHX15,0.831195476,0.989354731
ENSG00000072818,ACAP1,0.83130931,0.989354731
ENSG00000162614,NEXN,0.831312093,0.989354731
ENSG00000160862,AZGP1,0.831317324,0.989354731
ENSG00000117425,PTCH2,0.831356713,0.989354731
ENSG00000143727,ACP1,0.831367339,0.989354731
ENSG00000226015,CCT8P1,0.831441083,0.989354731
ENSG00000185055,EFCAB10,0.831443624,0.989354731
ENSG00000085491,SLC25A24,0.831613208,0.989354731
ENSG00000143674,.,0.831659125,0.989354731
ENSG00000141384,TAF4B,0.831683487,0.989354731
ENSG00000120156,TEK,0.831730587,0.989354731
ENSG00000115267,IFIH1,0.831742791,0.989354731
ENSG00000110851,PRDM4,0.831956647,0.989354731
ENSG00000246100,.,0.83198173,0.989354731
ENSG00000102738,MRPS31,0.831995992,0.989354731
ENSG00000167765,.,0.832030379,0.989354731
ENSG00000026297,RNASET2,0.832072861,0.989354731
ENSG00000135655,USP15,0.832171774,0.989354731
ENSG00000164082,GRM2,0.832182882,0.989354731
ENSG00000161036,LRWD1,0.832224839,0.989354731
ENSG00000187953,PMS2CL,0.832231745,0.989354731
ENSG00000268460,.,0.832236603,0.989354731
ENSG00000011009,LYPLA2,0.832255504,0.989354731
ENSG00000165949,IFI27,0.83227158,0.989354731
ENSG00000002919,SNX11,0.832309803,0.989354731
ENSG00000093217,XYLB,0.832428019,0.989354731
ENSG00000164188,RANBP3L,0.832536433,0.989354731
ENSG00000138738,PRDM5,0.832652953,0.989354731
ENSG00000137259,HIST1H2AB,0.832679373,0.989354731
ENSG00000235527,.,0.83288672,0.989354731
ENSG00000077238,IL4R,0.832896586,0.989354731
ENSG00000159423,ALDH4A1,0.833066182,0.989354731
ENSG00000124802,EEF1E1,0.833114352,0.989354731
ENSG00000078725,DBC1,0.833310331,0.989354731
ENSG00000101236,RNF24,0.83340883,0.989354731
ENSG00000087299,L2HGDH,0.833550684,0.989354731
ENSG00000170266,GLB1,0.833609715,0.989354731
ENSG00000114019,AMOTL2,0.833736258,0.989354731
ENSG00000181045,SLC26A11,0.833798889,0.989354731
ENSG00000003249,DBNDD1,0.833817501,0.989354731
ENSG00000010626,LRRC23,0.833867659,0.989354731
ENSG00000197329,PELI1,0.833894395,0.989354731
ENSG00000115839,RAB3GAP1,0.833923538,0.989354731
ENSG00000005486,RHBDD2,0.834161151,0.989354731
ENSG00000134086,VHL,0.834254189,0.989354731
ENSG00000141582,CBX4,0.834292715,0.989354731
ENSG00000135596,MICAL1,0.834294836,0.989354731
ENSG00000115138,POMC,0.834307615,0.989354731
ENSG00000151414,NEK7,0.834313877,0.989354731
ENSG00000228810,PABPC1P11,0.834372064,0.989354731
ENSG00000008735,MAPK8IP2,0.834391245,0.989354731
ENSG00000122952,ZWINT,0.834427693,0.989354731
ENSG00000165379,LRFN5,0.834484671,0.989354731
ENSG00000129270,MMP28,0.834673288,0.989354731
ENSG00000240429,LRRFIP1P1,0.834708692,0.989354731
ENSG00000130024,PHF10,0.834709505,0.989354731
ENSG00000139974,SLC38A6,0.834726895,0.989354731
ENSG00000067992,PDK3,0.834745155,0.989354731
ENSG00000072041,SLC6A15,0.834806511,0.989354731
ENSG00000085832,EPS15,0.834978622,0.989354731
ENSG00000077235,GTF3C1,0.835019168,0.989354731
ENSG00000166888,STAT6,0.835022745,0.989354731
ENSG00000110422,HIPK3,0.83509036,0.989354731
ENSG00000233639,.,0.835094631,0.989354731
ENSG00000145685,LHFPL2,0.835145117,0.989354731
ENSG00000100422,CERK,0.835149681,0.989354731
ENSG00000146263,MMS22L,0.835167372,0.989354731
ENSG00000101986,ABCD1,0.835198914,0.989354731
ENSG00000143653,SCCPDH,0.835212281,0.989354731
ENSG00000183570,PCBP3,0.835292966,0.989354731
ENSG00000159263,SIM2,0.83532009,0.989354731
ENSG00000135929,CYP27A1,0.835476558,0.989354731
ENSG00000152556,PFKM,0.835613847,0.989354731
ENSG00000146411,SLC2A12,0.835729603,0.989354731
ENSG00000243708,PLA2G4B,0.835777952,0.989354731
ENSG00000188004,C1orf204,0.83584198,0.989354731
ENSG00000090971,NAT14,0.835889514,0.989354731
ENSG00000257479,.,0.835919215,0.989354731
ENSG00000006025,OSBPL7,0.836018639,0.989354731
ENSG00000065427,KARS,0.836033082,0.989354731
ENSG00000164970,FAM219A,0.836116217,0.989354731
ENSG00000133131,MORC4,0.836278187,0.989354731
ENSG00000137266,SLC22A23,0.836286198,0.989354731
ENSG00000231360,.,0.836287585,0.989354731
ENSG00000180008,SOCS4,0.83629633,0.989354731
ENSG00000143919,CAMKMT,0.836325147,0.989354731
ENSG00000093010,COMT,0.836335836,0.989354731
ENSG00000101346,POFUT1,0.836353149,0.989354731
ENSG00000153250,RBMS1,0.836383663,0.989354731
ENSG00000100583,SAMD15,0.836410927,0.989354731
ENSG00000128253,RFPL2,0.836426055,0.989354731
ENSG00000128602,SMO,0.83642869,0.989354731
ENSG00000165970,SLC6A5,0.836433809,0.989354731
ENSG00000138095,LRPPRC,0.836449927,0.989354731
ENSG00000186446,ZNF501,0.83647637,0.989354731
ENSG00000168394,TAP1,0.836489015,0.989354731
ENSG00000172575,RASGRP1,0.836514346,0.989354731
ENSG00000160294,MCM3AP,0.836564982,0.989354731
ENSG00000250033,SLC7A11-AS1,0.836592217,0.989354731
ENSG00000173811,CCDC13-AS1,0.836606757,0.989354731
ENSG00000183735,TBK1,0.836622847,0.989354731
ENSG00000101019,UQCC,0.836646537,0.989354731
ENSG00000130733,YIPF2,0.836651567,0.989354731
ENSG00000089818,NECAP1,0.836918616,0.989354731
ENSG00000024526,DEPDC1,0.836942729,0.989354731
ENSG00000183943,PRKX,0.836955673,0.989354731
ENSG00000081154,PCNP,0.836974722,0.989354731
ENSG00000085063,CD59,0.837027529,0.989354731
ENSG00000175348,TMEM9B,0.837032437,0.989354731
ENSG00000187902,SHISA7,0.837138678,0.989354731
ENSG00000088881,EBF4,0.837344906,0.989354731
ENSG00000183856,IQGAP3,0.837526459,0.989354731
ENSG00000213963,.,0.837548105,0.989354731
ENSG00000160753,RUSC1,0.837552106,0.989354731
ENSG00000138172,CALHM2,0.837556946,0.989354731
ENSG00000150086,GRIN2B,0.837561481,0.989354731
ENSG00000146054,TRIM7,0.837637844,0.989354731
ENSG00000253710,ALG11,0.837642317,0.989354731
ENSG00000164654,MIOS,0.837673542,0.989354731
ENSG00000227110,LMCD1-AS1,0.837840625,0.989354731
ENSG00000105613,MAST1,0.837928608,0.989354731
ENSG00000223650,UHRF2P1,0.837966012,0.989354731
ENSG00000101343,CRNKL1,0.838043856,0.989354731
ENSG00000076003,MCM6,0.83807347,0.989354731
ENSG00000122376,FAM35A,0.838152286,0.989354731
ENSG00000164828,SUN1,0.838240242,0.989354731
ENSG00000145779,TNFAIP8,0.838269482,0.989354731
ENSG00000135631,RAB11FIP5,0.838412818,0.989354731
ENSG00000170412,GPRC5C,0.838526853,0.989354731
ENSG00000123240,OPTN,0.838534766,0.989354731
ENSG00000135679,MDM2,0.838558188,0.989354731
ENSG00000178602,OTOS,0.838583839,0.989354731
ENSG00000133863,TEX15,0.838587411,0.989354731
ENSG00000156017,C9orf41,0.83861679,0.989354731
ENSG00000242607,RPS3AP34,0.838755794,0.989354731
ENSG00000216809,.,0.838772751,0.989354731
ENSG00000172404,DNAJB7,0.838821184,0.989354731
ENSG00000176049,JAKMIP2,0.838826125,0.989354731
ENSG00000213088,DARC,0.838953309,0.989354731
ENSG00000215513,PI4KAP1,0.83910288,0.989354731
ENSG00000135972,MRPS9,0.839159254,0.989354731
ENSG00000001629,ANKIB1,0.839160368,0.989354731
ENSG00000006837,CDKL3,0.839203337,0.989354731
ENSG00000110060,PUS3,0.839213542,0.989354731
ENSG00000034510,TMSB10,0.839230338,0.989354731
ENSG00000175216,CKAP5,0.839353741,0.989354731
ENSG00000164902,PHAX,0.839393506,0.989354731
ENSG00000134419,RPS15A,0.839421718,0.989354731
ENSG00000110080,ST3GAL4,0.839457802,0.989354731
ENSG00000176204,LRRTM4,0.839476147,0.989354731
ENSG00000257365,FNTB,0.839568757,0.989354731
ENSG00000260328,.,0.839577226,0.989354731
ENSG00000177994,C2orf73,0.839673163,0.989354731
ENSG00000102172,SMS,0.839678209,0.989354731
ENSG00000198755,RPL10A,0.839737516,0.989354731
ENSG00000065054,SLC9A3R2,0.83976065,0.989354731
ENSG00000106537,TSPAN13,0.839762849,0.989354731
ENSG00000172247,C1QTNF4,0.83977047,0.989354731
ENSG00000142552,RCN3,0.839777979,0.989354731
ENSG00000221994,ZNF630,0.839956052,0.989354731
ENSG00000081026,MAGI3,0.840056402,0.989354731
ENSG00000131845,ZNF304,0.840063473,0.989354731
ENSG00000254245,PCDHGA3,0.840141538,0.989354731
ENSG00000166669,ATF7IP2,0.840217837,0.989354731
ENSG00000116906,GNPAT,0.840244675,0.989354731
ENSG00000231028,LINC00271,0.840453417,0.989354731
ENSG00000240184,PCDHGC3,0.840523282,0.989354731
ENSG00000110107,PRPF19,0.840612734,0.989354731
ENSG00000104213,PDGFRL,0.840758939,0.989354731
ENSG00000100591,AHSA1,0.840892576,0.989354731
ENSG00000166478,ZNF143,0.840947263,0.989354731
ENSG00000178974,FBXO34,0.841042311,0.989354731
ENSG00000184588,PDE4B,0.841064638,0.989354731
ENSG00000104691,UBXN8,0.841098291,0.989354731
ENSG00000184857,TMEM186,0.841381844,0.989354731
ENSG00000138100,TRIM54,0.841471924,0.989354731
ENSG00000107566,ERLIN1,0.841484395,0.989354731
ENSG00000124140,SLC12A5,0.841591065,0.989354731
ENSG00000173166,RAPH1,0.841716655,0.989354731
ENSG00000163681,SLMAP,0.841726757,0.989354731
ENSG00000222014,RAB6C,0.842021044,0.989354731
ENSG00000187554,TLR5,0.842036026,0.989354731
ENSG00000186160,CYP4Z1,0.842128504,0.989354731
ENSG00000163864,NMNAT3,0.84213376,0.989354731
ENSG00000131969,ABHD12B,0.842176318,0.989354731
ENSG00000156299,TIAM1,0.842191764,0.989354731
ENSG00000135093,USP30,0.842244256,0.989354731
ENSG00000099889,ARVCF,0.842252281,0.989354731
ENSG00000196361,ELAVL3,0.842365568,0.989354731
ENSG00000188385,JAKMIP3,0.842824922,0.989354731
ENSG00000154027,AK5,0.842879922,0.989354731
ENSG00000116771,AGMAT,0.842898836,0.989354731
ENSG00000150403,TMCO3,0.842904682,0.989354731
ENSG00000143337,TOR1AIP1,0.842968823,0.989354731
ENSG00000057657,PRDM1,0.842996311,0.989354731
ENSG00000125733,TRIP10,0.843138287,0.989354731
ENSG00000102781,KATNAL1,0.843146654,0.989354731
ENSG00000261505,.,0.843181696,0.989354731
ENSG00000122705,CLTA,0.843254862,0.989354731
ENSG00000145781,COMMD10,0.843445673,0.989354731
ENSG00000232119,MCTS1,0.843474954,0.989354731
ENSG00000139263,LRIG3,0.843526062,0.989354731
ENSG00000171425,ZNF581,0.843540144,0.989354731
ENSG00000144057,ST6GAL2,0.843610837,0.989354731
ENSG00000129315,CCNT1,0.843682031,0.989354731
ENSG00000145348,TBCK,0.843693177,0.989354731
ENSG00000138696,BMPR1B,0.843763237,0.989354731
ENSG00000166292,TMEM100,0.843916528,0.989354731
ENSG00000177666,PNPLA2,0.843942985,0.989354731
ENSG00000141469,SLC14A1,0.844002184,0.989354731
ENSG00000198912,C1orf174,0.84403251,0.989354731
ENSG00000128815,WDFY4,0.844164942,0.989354731
ENSG00000159267,HLCS,0.844257686,0.989354731
ENSG00000105767,CADM4,0.844421893,0.989354731
ENSG00000160321,ZNF208,0.844528154,0.989354731
ENSG00000174292,TNK1,0.844532613,0.989354731
ENSG00000143816,WNT9A,0.844533557,0.989354731
ENSG00000168175,MAPK1IP1L,0.844587332,0.989354731
ENSG00000204178,TMEM57,0.844621989,0.989354731
ENSG00000204950,LRRC10B,0.84463737,0.989354731
ENSG00000122068,FYTTD1,0.844639274,0.989354731
ENSG00000103381,CPPED1,0.84465359,0.989354731
ENSG00000146757,ZNF92,0.84466967,0.989354731
ENSG00000131351,HAUS8,0.844696505,0.989354731
ENSG00000125285,SOX21,0.844752499,0.989354731
ENSG00000188916,FAM196A,0.844768512,0.989354731
ENSG00000136811,ODF2,0.844820174,0.989354731
ENSG00000182319,.,0.844830138,0.989354731
ENSG00000063978,RNF4,0.844957901,0.989354731
ENSG00000066697,MSANTD3,0.844967093,0.989354731
ENSG00000204175,GPRIN2,0.844985261,0.989354731
ENSG00000173272,MZT2A,0.845006378,0.989354731
ENSG00000103175,WFDC1,0.845111579,0.989354731
ENSG00000246263,.,0.845140209,0.989354731
ENSG00000182873,.,0.84519054,0.989354731
ENSG00000112297,AIM1,0.84522641,0.989354731
ENSG00000181788,SIAH2,0.84537558,0.989354731
ENSG00000144649,FAM198A,0.845410484,0.989354731
ENSG00000104332,SFRP1,0.845431071,0.989354731
ENSG00000188026,RILPL1,0.845448724,0.989354731
ENSG00000256269,HMBS,0.845599728,0.989354731
ENSG00000268006,PTOV1-AS1,0.845740222,0.989354731
ENSG00000173698,GPR64,0.845790302,0.989354731
ENSG00000157045,NTAN1,0.845817783,0.989354731
ENSG00000101654,RNMT,0.845842346,0.989354731
ENSG00000187049,TMEM216,0.845858155,0.989354731
ENSG00000168079,SCARA5,0.845877009,0.989354731
ENSG00000161960,EIF4A1,0.845893748,0.989354731
ENSG00000053747,LAMA3,0.845950742,0.989354731
ENSG00000172922,RNASEH2C,0.846096876,0.989354731
ENSG00000223508,RPL23AP53,0.846147153,0.989354731
ENSG00000196329,GIMAP5,0.846284535,0.989354731
ENSG00000167578,RAB4B,0.846503466,0.989354731
ENSG00000204427,ABHD16A,0.846673879,0.989354731
ENSG00000065526,SPEN,0.846685348,0.989354731
ENSG00000005812,FBXL3,0.846692168,0.989354731
ENSG00000184990,SIVA1,0.846738411,0.989354731
ENSG00000196357,ZNF565,0.846819289,0.989354731
ENSG00000145808,ADAMTS19,0.846928454,0.989354731
ENSG00000137965,IFI44,0.847086884,0.989354731
ENSG00000101413,RPRD1B,0.847093673,0.989354731
ENSG00000189050,RNFT1,0.847126921,0.989354731
ENSG00000109670,FBXW7,0.847163489,0.989354731
ENSG00000186130,ZBTB6,0.847202471,0.989354731
ENSG00000196295,.,0.84721135,0.989354731
ENSG00000084453,SLCO1A2,0.847261919,0.989354731
ENSG00000145949,MYLK4,0.847272147,0.989354731
ENSG00000160796,NBEAL2,0.847303982,0.989354731
ENSG00000165417,GTF2A1,0.847358053,0.989354731
ENSG00000224838,.,0.847463357,0.989354731
ENSG00000241839,PLEKHO2,0.847557555,0.989354731
ENSG00000182685,BRICD5,0.847652205,0.989354731
ENSG00000143401,ANP32E,0.847735371,0.989354731
ENSG00000247081,.,0.8477617,0.989354731
ENSG00000175066,GK5,0.84778389,0.989354731
ENSG00000116213,WRAP73,0.847828225,0.989354731
ENSG00000131095,GFAP,0.847863833,0.989354731
ENSG00000204965,PCDHA5,0.847864647,0.989354731
ENSG00000117222,RBBP5,0.847876173,0.989354731
ENSG00000136816,TOR1B,0.847906046,0.989354731
ENSG00000174007,CEP19,0.847960833,0.989354731
ENSG00000104973,MED25,0.847981752,0.989354731
ENSG00000223642,.,0.847992151,0.989354731
ENSG00000181227,.,0.848123398,0.989354731
ENSG00000109519,GRPEL1,0.848150861,0.989354731
ENSG00000185567,AHNAK2,0.848307999,0.989354731
ENSG00000134987,WDR36,0.848330428,0.989354731
ENSG00000148356,LRSAM1,0.848397487,0.989354731
ENSG00000229980,TOB1-AS1,0.848409276,0.989354731
ENSG00000110013,SIAE,0.848531043,0.989354731
ENSG00000139324,TMTC3,0.848556304,0.989354731
ENSG00000171824,EXOSC10,0.8486875,0.989354731
ENSG00000167674,.,0.848794887,0.989354731
ENSG00000130244,FAM98C,0.848795062,0.989354731
ENSG00000117899,MESDC2,0.848826198,0.989354731
ENSG00000196954,CASP4,0.848886932,0.989354731
ENSG00000143545,RAB13,0.848902872,0.989354731
ENSG00000116903,EXOC8,0.849037057,0.989354731
ENSG00000065548,ZC3H15,0.849079335,0.989354731
ENSG00000182566,CLEC4G,0.849135393,0.989354731
ENSG00000159899,NPR2,0.849275924,0.989354731
ENSG00000153815,CMIP,0.84930031,0.989354731
ENSG00000163040,CCDC74A,0.849361521,0.989354731
ENSG00000047579,DTNBP1,0.849361945,0.989354731
ENSG00000143256,PFDN2,0.849387049,0.989354731
ENSG00000127586,CHTF18,0.849473125,0.989354731
ENSG00000138448,ITGAV,0.849483254,0.989354731
ENSG00000173482,PTPRM,0.84954738,0.989354731
ENSG00000152217,SETBP1,0.849549413,0.989354731
ENSG00000257923,CUX1,0.849596047,0.989354731
ENSG00000145979,TBC1D7,0.849899003,0.989354731
ENSG00000133935,C14orf1,0.850007961,0.989354731
ENSG00000258727,.,0.85004376,0.989354731
ENSG00000109079,TNFAIP1,0.850073083,0.989354731
ENSG00000137337,MDC1,0.850170609,0.989354731
ENSG00000204264,PSMB8,0.850182512,0.989354731
ENSG00000114744,COMMD2,0.85050925,0.989354731
ENSG00000183495,EP400,0.850525278,0.989354731
ENSG00000086475,SEPHS1,0.850526734,0.989354731
ENSG00000178295,GEN1,0.850843763,0.989354731
ENSG00000120053,GOT1,0.850848959,0.989354731
ENSG00000257591,ZNF625,0.85090508,0.989354731
ENSG00000125820,NKX2-2,0.85090743,0.989354731
ENSG00000151748,SAV1,0.850948774,0.989354731
ENSG00000171984,C20orf196,0.850952924,0.989354731
ENSG00000117152,RGS4,0.850955058,0.989354731
ENSG00000121542,SEC22A,0.850994745,0.989354731
ENSG00000182512,GLRX5,0.851002779,0.989354731
ENSG00000264589,MAPT-AS1,0.851038,0.989354731
ENSG00000259327,.,0.85118259,0.989354731
ENSG00000100697,DICER1,0.851211341,0.989354731
ENSG00000206149,HERC2P9,0.851454519,0.989354731
ENSG00000233783,.,0.85147514,0.989354731
ENSG00000040933,INPP4A,0.851481118,0.989354731
ENSG00000176731,C8orf59,0.851508016,0.989354731
ENSG00000171517,LPAR3,0.851521894,0.989354731
ENSG00000159882,ZNF230,0.851550735,0.989354731
ENSG00000168748,CA7,0.851561868,0.989354731
ENSG00000206530,WDR52,0.851575485,0.989354731
ENSG00000248429,.,0.851603159,0.989354731
ENSG00000140057,AK7,0.851675787,0.989354731
ENSG00000117500,TMED5,0.851771017,0.989354731
ENSG00000188599,NPIPP1,0.851817616,0.989354731
ENSG00000108830,RND2,0.851890471,0.989354731
ENSG00000182109,.,0.852042422,0.989354731
ENSG00000203952,CCDC160,0.852076761,0.989354731
ENSG00000121900,TMEM54,0.852207817,0.989354731
ENSG00000187990,HIST1H2BG,0.85224431,0.989354731
ENSG00000143469,SYT14,0.852245731,0.989354731
ENSG00000204310,AGPAT1,0.852317437,0.989354731
ENSG00000139998,RAB15,0.852328342,0.989354731
ENSG00000143842,SOX13,0.852431111,0.989354731
ENSG00000213780,GTF2H4,0.852434985,0.989354731
ENSG00000175470,PPP2R2D,0.852446588,0.989354731
ENSG00000127022,CANX,0.852525813,0.989354731
ENSG00000164669,INTS4L1,0.852545465,0.989354731
ENSG00000110881,ASIC1,0.85259534,0.989354731
ENSG00000132334,PTPRE,0.852646795,0.989354731
ENSG00000141873,SLC39A3,0.852668518,0.989354731
ENSG00000174145,KIAA1239,0.852703324,0.989354731
ENSG00000129128,SPCS3,0.852746421,0.989354731
ENSG00000101158,TH1L,0.852808985,0.989354731
ENSG00000176386,CDC26,0.852812562,0.989354731
ENSG00000247746,USP51,0.852828981,0.989354731
ENSG00000204954,C12orf73,0.852922727,0.989354731
ENSG00000124440,HIF3A,0.852946712,0.989354731
ENSG00000115486,GGCX,0.852948383,0.989354731
ENSG00000160563,MED27,0.852963874,0.989354731
ENSG00000197826,C4orf22,0.852999723,0.989354731
ENSG00000067836,ROGDI,0.853019914,0.989354731
ENSG00000247765,.,0.853098932,0.989354731
ENSG00000172893,DHCR7,0.853111216,0.989354731
ENSG00000091527,CDV3,0.853209257,0.989354731
ENSG00000196381,ZNF781,0.853223886,0.989354731
ENSG00000089159,PXN,0.853294157,0.989354731
ENSG00000181135,ZNF707,0.853454235,0.989354731
ENSG00000172809,RPL38,0.853529389,0.989354731
ENSG00000134265,NAPG,0.853570801,0.989354731
ENSG00000100578,KIAA0586,0.853649159,0.989354731
ENSG00000198492,YTHDF2,0.853681996,0.989354731
ENSG00000109320,NFKB1,0.853734613,0.989354731
ENSG00000168724,DNAJC21,0.853852748,0.989354731
ENSG00000166946,CCNDBP1,0.854059992,0.989354731
ENSG00000200182,TERC,0.854099402,0.989354731
ENSG00000187987,ZSCAN23,0.854141771,0.989354731
ENSG00000165023,DIRAS2,0.854216215,0.989354731
ENSG00000169992,NLGN2,0.854223185,0.989354731
ENSG00000163755,HPS3,0.854300625,0.989354731
ENSG00000147454,SLC25A37,0.854301625,0.989354731
ENSG00000095637,SORBS1,0.854313038,0.989354731
ENSG00000263219,RYKP1,0.854355988,0.989354731
ENSG00000214279,.,0.854370582,0.989354731
ENSG00000186522,SEPT10,0.854543346,0.989354731
ENSG00000234912,LINC00338,0.854612987,0.989354731
ENSG00000197858,GPAA1,0.85466208,0.989354731
ENSG00000183423,LRIT3,0.854719582,0.989354731
ENSG00000103353,UBFD1,0.854736442,0.989354731
ENSG00000183172,C22orf32,0.85476594,0.989354731
ENSG00000092068,SLC7A8,0.854800396,0.989354731
ENSG00000168827,GFM1,0.854807406,0.989354731
ENSG00000150667,FSIP1,0.854886483,0.989354731
ENSG00000130684,ZNF337,0.854926422,0.989354731
ENSG00000112799,LY86,0.855157496,0.989354731
ENSG00000115474,KCNJ13,0.855175902,0.989354731
ENSG00000113645,WWC1,0.855198632,0.989354731
ENSG00000105649,RAB3A,0.855264855,0.989354731
ENSG00000268397,.,0.855266579,0.989354731
ENSG00000060140,STYK1,0.855379493,0.989354731
ENSG00000107175,CREB3,0.855509187,0.989354731
ENSG00000179262,RAD23A,0.855519418,0.989354731
ENSG00000185518,SV2B,0.855681029,0.989354731
ENSG00000146676,PURB,0.855688552,0.989354731
ENSG00000136270,TBRG4,0.855697631,0.989354731
ENSG00000116641,DOCK7,0.855805102,0.989354731
ENSG00000204347,BTBD17,0.855821206,0.989354731
ENSG00000244687,UBE2V1,0.855839497,0.989354731
ENSG00000244462,RBM12,0.855894245,0.989354731
ENSG00000174348,PODN,0.85595276,0.989354731
ENSG00000101945,SUV39H1,0.855959198,0.989354731
ENSG00000148290,SURF1,0.856015871,0.989354731
ENSG00000254428,.,0.856020938,0.989354731
ENSG00000166398,KIAA0355,0.85606004,0.989354731
ENSG00000156411,C14orf2,0.856066566,0.989354731
ENSG00000111860,CEP85L,0.856271726,0.989354731
ENSG00000150455,TIRAP,0.856318781,0.989354731
ENSG00000089048,ESF1,0.856342052,0.989354731
ENSG00000164989,CCDC171,0.856381762,0.989354731
ENSG00000188906,LRRK2,0.856416722,0.989354731
ENSG00000167178,ISLR2,0.85642,0.989354731
ENSG00000183696,UPP1,0.856554766,0.989354731
ENSG00000125430,HS3ST3B1,0.856583171,0.989354731
ENSG00000105821,DNAJC2,0.856590849,0.989354731
ENSG00000139531,SUOX,0.856732471,0.989354731
ENSG00000095539,SEMA4G,0.856908323,0.989354731
ENSG00000164111,ANXA5,0.856911325,0.989354731
ENSG00000205208,C4orf46,0.857023894,0.989354731
ENSG00000108433,GOSR2,0.857054078,0.989354731
ENSG00000011083,SLC6A7,0.857061254,0.989354731
ENSG00000121039,RDH10,0.857062074,0.989354731
ENSG00000168004,HRASLS5,0.857096686,0.989354731
ENSG00000181404,.,0.857127412,0.989354731
ENSG00000106868,SUSD1,0.857172833,0.989354731
ENSG00000141696,LEPREL4,0.857231762,0.989354731
ENSG00000176155,CCDC57,0.857240535,0.989354731
ENSG00000166352,C11orf74,0.857290066,0.989354731
ENSG00000127980,PEX1,0.85736946,0.989354731
ENSG00000120327,PCDHB14,0.857369981,0.989354731
ENSG00000236197,.,0.857416313,0.989354731
ENSG00000233170,.,0.857500777,0.989354731
ENSG00000269624,.,0.857604054,0.989354731
ENSG00000203666,EFCAB2,0.857610395,0.989354731
ENSG00000204740,C10orf112,0.857649281,0.989354731
ENSG00000164074,C4orf29,0.857697031,0.989354731
ENSG00000184635,ZNF93,0.857717185,0.989354731
ENSG00000092094,OSGEP,0.857806273,0.989354731
ENSG00000116774,OLFML3,0.857855346,0.989354731
ENSG00000162772,ATF3,0.857915836,0.989354731
ENSG00000185721,DRG1,0.857922737,0.989354731
ENSG00000023318,ERP44,0.857975229,0.989354731
ENSG00000007001,UPP2,0.858108276,0.989354731
ENSG00000117586,TNFSF4,0.858214173,0.989354731
ENSG00000109452,INPP4B,0.858257568,0.989354731
ENSG00000171456,ASXL1,0.858321203,0.989354731
ENSG00000196712,NF1,0.858333311,0.989354731
ENSG00000169515,CCDC8,0.858337758,0.989354731
ENSG00000139921,TMX1,0.858357776,0.989354731
ENSG00000132664,POLR3F,0.858364056,0.989354731
ENSG00000204130,RUFY2,0.858394006,0.989354731
ENSG00000151687,ANKAR,0.858395631,0.989354731
ENSG00000161921,CXCL16,0.858396347,0.989354731
ENSG00000120948,TARDBP,0.858400171,0.989354731
ENSG00000110697,PITPNM1,0.858407349,0.989354731
ENSG00000140995,DEF8,0.858459295,0.989354731
ENSG00000144331,ZNF385B,0.858484702,0.989354731
ENSG00000065518,NDUFB4,0.858506226,0.989354731
ENSG00000230417,.,0.858524155,0.989354731
ENSG00000210082,MIR4485,0.858531144,0.989354731
ENSG00000127364,TAS2R4,0.858536231,0.989354731
ENSG00000173175,ADCY5,0.858787113,0.989354731
ENSG00000116698,SMG7,0.858820799,0.989354731
ENSG00000198742,SMURF1,0.858972767,0.989354731
ENSG00000213064,SFT2D2,0.859002566,0.989354731
ENSG00000135698,MPHOSPH6,0.859067241,0.989354731
ENSG00000177990,DPY19L2,0.859168079,0.989354731
ENSG00000144230,GPR17,0.859301055,0.989354731
ENSG00000174227,PIGG,0.859382738,0.989354731
ENSG00000178878,APOLD1,0.859439366,0.989354731
ENSG00000235531,.,0.85949246,0.989354731
ENSG00000184840,TMED9,0.859636442,0.989354731
ENSG00000101955,SRPX,0.85972273,0.989354731
ENSG00000088538,DOCK3,0.85980619,0.989354731
ENSG00000227975,.,0.859872716,0.989354731
ENSG00000143353,LYPLAL1,0.859873046,0.989354731
ENSG00000260404,.,0.859898621,0.989354731
ENSG00000115758,ODC1,0.860049984,0.989354731
ENSG00000212802,RPL15P3,0.860075157,0.989354731
ENSG00000021300,PLEKHB1,0.860120668,0.989354731
ENSG00000084623,EIF3I,0.860216687,0.989354731
ENSG00000260743,.,0.860261453,0.989354731
ENSG00000255455,.,0.860263609,0.989354731
ENSG00000072133,RPS6KA6,0.860412283,0.989354731
ENSG00000135835,KIAA1614,0.860495605,0.989354731
ENSG00000121848,RNF115,0.860518867,0.989354731
ENSG00000168502,SOGA2,0.860553423,0.989354731
ENSG00000119661,DNAL1,0.860686946,0.989354731
ENSG00000166987,MBD6,0.860687883,0.989354731
ENSG00000184076,UQCR10,0.860725662,0.989354731
ENSG00000120526,NUDCD1,0.860766721,0.989354731
ENSG00000109158,GABRA4,0.860822451,0.989354731
ENSG00000170325,PRDM10,0.860839929,0.989354731
ENSG00000034713,GABARAPL2,0.860888905,0.989354731
ENSG00000164930,FZD6,0.86091504,0.989354731
ENSG00000075151,EIF4G3,0.860932301,0.989354731
ENSG00000225556,C2CD4D,0.860989302,0.989354731
ENSG00000187626,ZKSCAN4,0.861157366,0.989354731
ENSG00000111181,SLC6A12,0.861179825,0.989354731
ENSG00000130699,TAF4,0.861327763,0.989354731
ENSG00000116580,GON4L,0.861568391,0.989354731
ENSG00000159251,ACTC1,0.861570232,0.989354731
ENSG00000185149,NPY2R,0.861585775,0.989354731
ENSG00000144524,COPS7B,0.861636662,0.989354731
ENSG00000026559,KCNG1,0.861658472,0.989354731
ENSG00000088766,CRLS1,0.861658742,0.989354731
ENSG00000101825,MXRA5,0.861827911,0.989354731
ENSG00000174705,SH3PXD2B,0.861828168,0.989354731
ENSG00000115685,PPP1R7,0.861845625,0.989354731
ENSG00000162194,C11orf48,0.861888978,0.989354731
ENSG00000173692,PSMD1,0.862011604,0.989354731
ENSG00000112118,MCM3,0.862038838,0.989354731
ENSG00000166326,TRIM44,0.862060773,0.989354731
ENSG00000242259,C22orf39,0.862068569,0.989354731
ENSG00000204160,ZDHHC18,0.862072749,0.989354731
ENSG00000185875,THNSL1,0.86208856,0.989354731
ENSG00000178074,C2orf69,0.862169205,0.989354731
ENSG00000128609,NDUFA5,0.862234996,0.989354731
ENSG00000112367,FIG4,0.862299356,0.989354731
ENSG00000077063,CTTNBP2,0.862301728,0.989354731
ENSG00000235373,.,0.862344833,0.989354731
ENSG00000175215,CTDSP2,0.862442913,0.989354731
ENSG00000233821,ENOX1-AS1,0.862488133,0.989354731
ENSG00000131795,RBM8A,0.862490759,0.989354731
ENSG00000132300,PTCD3,0.862536447,0.989354731
ENSG00000179454,KLHL28,0.862651695,0.989354731
ENSG00000196366,C9orf163,0.862742351,0.989354731
ENSG00000100445,SDR39U1,0.862858191,0.989354731
ENSG00000225484,.,0.862869088,0.989354731
ENSG00000142507,PSMB6,0.86288603,0.989354731
ENSG00000168679,SLC16A4,0.862919577,0.989354731
ENSG00000197077,KIAA1671,0.862943003,0.989354731
ENSG00000242615,.,0.863083366,0.989354731
ENSG00000169660,HEXDC,0.863112168,0.989354731
ENSG00000148303,RPL7A,0.86320497,0.989354731
ENSG00000145555,MYO10,0.86322057,0.989354731
ENSG00000181938,GINS3,0.863222285,0.989354731
ENSG00000228223,HCG11,0.863226193,0.989354731
ENSG00000197921,HES5,0.863250622,0.989354731
ENSG00000260931,.,0.863304897,0.989354731
ENSG00000106263,EIF3B,0.863313476,0.989354731
ENSG00000158406,HIST1H4H,0.863354701,0.989354731
ENSG00000172216,CEBPB,0.863376413,0.989354731
ENSG00000134899,ERCC5,0.863394789,0.989354731
ENSG00000196455,PIK3R4,0.863436251,0.989354731
ENSG00000134243,SORT1,0.863438774,0.989354731
ENSG00000149926,FAM57B,0.86352153,0.989354731
ENSG00000101152,DNAJC5,0.863542287,0.989354731
ENSG00000076826,CAMSAP3,0.863618235,0.989354731
ENSG00000113946,CLDN16,0.863795083,0.989354731
ENSG00000021645,NRXN3,0.863981387,0.989354731
ENSG00000107036,KIAA1432,0.863993392,0.989354731
ENSG00000233723,.,0.863996718,0.989354731
ENSG00000078668,VDAC3,0.864166656,0.989354731
ENSG00000223984,.,0.864210611,0.989354731
ENSG00000131080,EDA2R,0.864241992,0.989354731
ENSG00000006116,CACNG3,0.86431942,0.989354731
ENSG00000197965,MPZL1,0.864319537,0.989354731
ENSG00000164291,ARSK,0.864346789,0.989354731
ENSG00000181666,HKR1,0.864398886,0.989354731
ENSG00000240344,PPIL3,0.864413643,0.989354731
ENSG00000229325,ACAP2-IT1,0.86441372,0.989354731
ENSG00000213024,NUP62,0.864477345,0.989354731
ENSG00000198642,KLHL9,0.864484387,0.989354731
ENSG00000149480,MTA2,0.864559976,0.989354731
ENSG00000164404,GDF9,0.86464378,0.989354731
ENSG00000197043,ANXA6,0.864689378,0.989354731
ENSG00000166012,TAF1D,0.864697156,0.989354731
ENSG00000113810,SMC4,0.864826847,0.989354731
ENSG00000131100,ATP6V1E1,0.864962984,0.989354731
ENSG00000198298,ZNF485,0.864994742,0.989354731
ENSG00000140263,SORD,0.865023216,0.989354731
ENSG00000089775,ZBTB25,0.8650655,0.989354731
ENSG00000084710,EFR3B,0.865084579,0.989354731
ENSG00000131015,ULBP2,0.865085081,0.989354731
ENSG00000159685,CHCHD6,0.86509053,0.989354731
ENSG00000168243,GNG4,0.865094852,0.989354731
ENSG00000146223,RPL7L1,0.865135682,0.989354731
ENSG00000155744,FAM126B,0.865212182,0.989370578
ENSG00000268156,.,0.865270024,0.989370578
ENSG00000054116,TRAPPC3,0.865366596,0.989412114
ENSG00000006451,RALA,0.865491369,0.989468228
ENSG00000145824,CXCL14,0.865578945,0.989468228
ENSG00000162086,ZNF75A,0.865623569,0.989468228
ENSG00000124529,HIST1H4B,0.865729106,0.989468228
ENSG00000223599,.,0.865740105,0.989468228
ENSG00000139620,KANSL2,0.865827887,0.989468228
ENSG00000048162,NOP16,0.865865357,0.989468228
ENSG00000234171,.,0.865995336,0.989468228
ENSG00000130175,PRKCSH,0.86600225,0.989468228
ENSG00000100461,RBM23,0.866109998,0.989468228
ENSG00000122367,LDB3,0.866269212,0.989468228
ENSG00000189058,APOD,0.86639904,0.989468228
ENSG00000158805,ZNF276,0.866454563,0.989468228
ENSG00000180423,HARBI1,0.866492917,0.989468228
ENSG00000185104,FAF1,0.866528324,0.989468228
ENSG00000123352,SPATS2,0.86656468,0.989468228
ENSG00000117118,SDHB,0.866682602,0.989468228
ENSG00000228492,RAB11FIP1P1,0.86671016,0.989468228
ENSG00000103888,KIAA1199,0.86671112,0.989468228
ENSG00000183486,MX2,0.866835917,0.989468228
ENSG00000243710,WDR65,0.866900878,0.989468228
ENSG00000079156,OSBPL6,0.866906139,0.989468228
ENSG00000099783,HNRNPM,0.866921202,0.989468228
ENSG00000140015,KCNH5,0.866980284,0.989468228
ENSG00000107186,MPDZ,0.867016856,0.989468228
ENSG00000185634,SHC4,0.867027517,0.989468228
ENSG00000162910,MRPL55,0.867144025,0.989468228
ENSG00000075223,SEMA3C,0.867268936,0.989468228
ENSG00000139278,GLIPR1,0.8673716,0.989468228
ENSG00000251364,.,0.867392603,0.989468228
ENSG00000162980,ARL5A,0.867392791,0.989468228
ENSG00000173171,MTX1,0.867402158,0.989468228
ENSG00000234473,.,0.867403889,0.989468228
ENSG00000146005,PSD2,0.867521638,0.989489965
ENSG00000145428,RNF175,0.867639504,0.989489965
ENSG00000127954,STEAP4,0.867690992,0.989489965
ENSG00000189319,FAM53B,0.867736973,0.989489965
ENSG00000143761,ARF1,0.86778716,0.989489965
ENSG00000141837,CACNA1A,0.867828447,0.989489965
ENSG00000179604,CDC42EP4,0.867844697,0.989489965
ENSG00000154153,FAM134B,0.867968777,0.98955903
ENSG00000146555,SDK1,0.86802578,0.98955903
ENSG00000162687,KCNT2,0.868212003,0.989702625
ENSG00000111581,NUP107,0.868474985,0.989929762
ENSG00000116819,TFAP2E,0.868585068,0.989929762
ENSG00000145592,RPL37,0.868592089,0.989929762
ENSG00000257800,.,0.868751553,0.989966059
ENSG00000241563,CORT,0.868780742,0.989966059
ENSG00000265202,.,0.868804774,0.989966059
ENSG00000152910,CNTNAP4,0.868895719,0.989968425
ENSG00000177595,PIDD,0.869008852,0.989968425
ENSG00000087253,LPCAT2,0.869040968,0.989968425
ENSG00000137801,THBS1,0.869080908,0.989968425
ENSG00000182253,SYNM,0.869182373,0.989968425
ENSG00000240393,.,0.869195663,0.989968425
ENSG00000169598,DFFB,0.869228806,0.989968425
ENSG00000104432,IL7,0.869353788,0.99004211
ENSG00000145945,FAM50B,0.869494277,0.990133443
ENSG00000159450,TCHH,0.869607309,0.990193499
ENSG00000250869,.,0.869748511,0.990261952
ENSG00000151292,CSNK1G3,0.869788021,0.990261952
ENSG00000242103,.,0.869973679,0.990402826
ENSG00000126216,TUBGCP3,0.870038395,0.990402826
ENSG00000268334,.,0.870106664,0.990402826
ENSG00000157036,EXOG,0.870152979,0.990402826
ENSG00000168306,ACOX2,0.870458837,0.990622514
ENSG00000164434,FABP7,0.870466632,0.990622514
ENSG00000123505,AMD1,0.870795127,0.990777198
ENSG00000068793,CYFIP1,0.870797389,0.990777198
ENSG00000204673,AKT1S1,0.87080221,0.990777198
ENSG00000143952,VPS54,0.870947065,0.990777198
ENSG00000123427,METTL21B,0.870977179,0.990777198
ENSG00000110435,PDHX,0.871056374,0.990777198
ENSG00000173212,MAB21L3,0.871073189,0.990777198
ENSG00000186787,SPIN2B,0.871352014,0.990777198
ENSG00000181513,ACBD4,0.871425746,0.990777198
ENSG00000168575,SLC20A2,0.871531929,0.990777198
ENSG00000258708,.,0.871583207,0.990777198
ENSG00000074527,NTN4,0.871589466,0.990777198
ENSG00000135597,REPS1,0.87164574,0.990777198
ENSG00000133983,COX16,0.871721964,0.990777198
ENSG00000117013,KCNQ4,0.871738475,0.990777198
ENSG00000004848,ARX,0.871754,0.990777198
ENSG00000140025,EFCAB11,0.871836214,0.990777198
ENSG00000148153,INIP,0.871996335,0.990777198
ENSG00000233058,.,0.872051256,0.990777198
ENSG00000106628,POLD2,0.872061175,0.990777198
ENSG00000232116,.,0.872092717,0.990777198
ENSG00000176998,HCG4,0.872096705,0.990777198
ENSG00000115271,GCA,0.87210095,0.990777198
ENSG00000145817,YIPF5,0.872163428,0.990777198
ENSG00000143479,DYRK3,0.872183158,0.990777198
ENSG00000245571,.,0.872222314,0.990777198
ENSG00000205629,LCMT1,0.872262156,0.990777198
ENSG00000172594,SMPDL3A,0.872358115,0.990777198
ENSG00000062725,APPBP2,0.872445266,0.990777198
ENSG00000135473,PAN2,0.872465321,0.990777198
ENSG00000069702,TGFBR3,0.872560078,0.990777198
ENSG00000149809,TM7SF2,0.872715201,0.990777198
ENSG00000188706,ZDHHC9,0.872778648,0.990777198
ENSG00000269690,.,0.872955616,0.990777198
ENSG00000175611,LINC00476,0.873060678,0.990777198
ENSG00000169223,LMAN2,0.873166274,0.990777198
ENSG00000258399,MEG8,0.873209696,0.990777198
ENSG00000152778,IFIT5,0.873238369,0.990777198
ENSG00000164649,CDCA7L,0.87325296,0.990777198
ENSG00000198589,LRBA,0.873471331,0.990777198
ENSG00000106400,ZNHIT1,0.873494739,0.990777198
ENSG00000187624,C17orf97,0.873531856,0.990777198
ENSG00000184209,SNRNP35,0.873542063,0.990777198
ENSG00000158710,TAGLN2,0.873663698,0.990777198
ENSG00000114491,UMPS,0.873669895,0.990777198
ENSG00000115461,IGFBP5,0.873670403,0.990777198
ENSG00000182722,SEPHS1P1,0.873673437,0.990777198
ENSG00000264853,.,0.873706521,0.990777198
ENSG00000117419,ERI3,0.873761294,0.990777198
ENSG00000186010,NDUFA13,0.873775053,0.990777198
ENSG00000140691,ARMC5,0.873812813,0.990777198
ENSG00000156304,SCAF4,0.873934372,0.990777198
ENSG00000188001,TPRG1,0.87401644,0.990777198
ENSG00000156486,KCNS2,0.874079847,0.990777198
ENSG00000007168,PAFAH1B1,0.874084995,0.990777198
ENSG00000183578,TNFAIP8L3,0.874170928,0.990777198
ENSG00000203685,C1orf95,0.874184074,0.990777198
ENSG00000136319,TTC5,0.874255245,0.990777198
ENSG00000139437,TCHP,0.874353249,0.990777198
ENSG00000101333,PLCB4,0.874365621,0.990777198
ENSG00000172070,SRXN1,0.874511445,0.990777198
ENSG00000186814,ZSCAN30,0.874541897,0.990777198
ENSG00000112874,NUDT12,0.874579255,0.990777198
ENSG00000253106,.,0.874633323,0.990777198
ENSG00000148308,GTF3C5,0.874660497,0.990777198
ENSG00000137166,FOXP4,0.874713265,0.990777198
ENSG00000186105,LRRC70,0.874761905,0.990777198
ENSG00000110721,CHKA,0.874784333,0.990777198
ENSG00000175198,PCCA,0.874828945,0.990777198
ENSG00000174276,ZNHIT2,0.874952617,0.990777198
ENSG00000085276,MECOM,0.874985715,0.990777198
ENSG00000265681,RPL17,0.875069283,0.990777198
ENSG00000214645,.,0.875246142,0.990777198
ENSG00000260356,.,0.875395945,0.990777198
ENSG00000148110,HIATL1,0.875457984,0.990777198
ENSG00000266965,.,0.875556042,0.990777198
ENSG00000172890,NADSYN1,0.875575135,0.990777198
ENSG00000206432,TMEM200C,0.875590329,0.990777198
ENSG00000007545,CRAMP1L,0.875684135,0.990777198
ENSG00000196586,MYO6,0.876039504,0.990777198
ENSG00000148950,IMMP1L,0.876040828,0.990777198
ENSG00000163032,VSNL1,0.876130223,0.990777198
ENSG00000198477,ZNF280B,0.876165312,0.990777198
ENSG00000255043,NAV2-AS5,0.876399474,0.990777198
ENSG00000107331,ABCA2,0.876400602,0.990777198
ENSG00000198478,SH3BGRL2,0.876405827,0.990777198
ENSG00000111530,CAND1,0.876443322,0.990777198
ENSG00000054179,ENTPD2,0.876568142,0.990777198
ENSG00000168172,HOOK3,0.876607249,0.990777198
ENSG00000164690,SHH,0.876748612,0.990777198
ENSG00000116863,ADPRHL2,0.87682693,0.990777198
ENSG00000152977,ZIC1,0.876939174,0.990777198
ENSG00000136770,DNAJC1,0.876969619,0.990777198
ENSG00000175104,TRAF6,0.876994366,0.990777198
ENSG00000181458,TMEM45A,0.877017192,0.990777198
ENSG00000137154,RPS6,0.877024494,0.990777198
ENSG00000164512,ANKRD55,0.877031697,0.990777198
ENSG00000228609,.,0.877118152,0.990777198
ENSG00000060749,QSER1,0.877148743,0.990777198
ENSG00000113318,MSH3,0.877148822,0.990777198
ENSG00000212127,TAS2R14,0.877227477,0.990777198
ENSG00000092140,G2E3,0.877227734,0.990777198
ENSG00000167930,ITFG3,0.877258996,0.990777198
ENSG00000178015,GPR150,0.87726102,0.990777198
ENSG00000127948,POR,0.877316735,0.990777198
ENSG00000068354,TBC1D25,0.877419343,0.990777198
ENSG00000156873,PHKG2,0.877427242,0.990777198
ENSG00000227533,SLC2A1-AS1,0.877483191,0.990777198
ENSG00000123094,RASSF8,0.877584273,0.990777198
ENSG00000135116,HRK,0.877686186,0.990777198
ENSG00000130414,NDUFA10,0.877686992,0.990777198
ENSG00000128536,CDHR3,0.87773794,0.990777198
ENSG00000117676,RPS6KA1,0.877814275,0.990777198
ENSG00000087074,PPP1R15A,0.877831923,0.990777198
ENSG00000141552,ANAPC11,0.877915002,0.990777198
ENSG00000173137,ADCK5,0.877923701,0.990777198
ENSG00000105509,HAS1,0.877936946,0.990777198
ENSG00000134574,DDB2,0.877976984,0.990777198
ENSG00000005100,DHX33,0.878065864,0.990777198
ENSG00000133574,GIMAP4,0.878192868,0.990777198
ENSG00000033327,GAB2,0.878212372,0.990777198
ENSG00000143603,KCNN3,0.878266735,0.990777198
ENSG00000219565,ZNF259P1,0.87828899,0.990777198
ENSG00000223525,RABGAP1L-IT1,0.878326468,0.990777198
ENSG00000147100,SLC16A2,0.878327605,0.990777198
ENSG00000068831,RASGRP2,0.878366788,0.990777198
ENSG00000166797,FAM96A,0.878378827,0.990777198
ENSG00000117791,MARC2,0.878383204,0.990777198
ENSG00000254184,TYW1B,0.878468905,0.990777198
ENSG00000135269,TES,0.878543294,0.990777198
ENSG00000181904,C5orf24,0.878570422,0.990777198
ENSG00000197006,METTL9,0.87859725,0.990777198
ENSG00000269131,.,0.878771779,0.990777198
ENSG00000082701,GSK3B,0.878890094,0.990777198
ENSG00000146842,TMEM209,0.879057387,0.990777198
ENSG00000184983,NDUFA6,0.879086539,0.990777198
ENSG00000183963,SMTN,0.879109159,0.990777198
ENSG00000106852,LHX6,0.879118552,0.990777198
ENSG00000221968,FADS3,0.879120519,0.990777198
ENSG00000141570,CBX8,0.879149957,0.990777198
ENSG00000198856,OSTC,0.879155256,0.990777198
ENSG00000171502,COL24A1,0.87916922,0.990777198
ENSG00000241399,CD302,0.879231368,0.990779248
ENSG00000165409,TSHR,0.879413581,0.990811909
ENSG00000103266,STUB1,0.879439086,0.990811909
ENSG00000162654,GBP4,0.879534341,0.990811909
ENSG00000185274,WBSCR17,0.879542007,0.990811909
ENSG00000112031,MTRF1L,0.879562006,0.990811909
ENSG00000215158,.,0.879721137,0.99083225
ENSG00000134152,KATNBL1,0.880064111,0.99083225
ENSG00000204568,MRPS18B,0.880104361,0.99083225
ENSG00000185615,PDIA2,0.880138515,0.99083225
ENSG00000013297,CLDN11,0.880241568,0.99083225
ENSG00000106003,LFNG,0.8802445,0.99083225
ENSG00000188229,TUBB4B,0.880288564,0.99083225
ENSG00000168405,CMAHP,0.880365864,0.99083225
ENSG00000205531,NAP1L4,0.880414903,0.99083225
ENSG00000121104,FAM117A,0.880455151,0.99083225
ENSG00000126775,ATG14,0.880514105,0.99083225
ENSG00000150753,CCT5,0.880537326,0.99083225
ENSG00000131470,PSMC3IP,0.880555129,0.99083225
ENSG00000104714,ERICH1,0.880615161,0.99083225
ENSG00000174529,TMEM81,0.88077047,0.99083225
ENSG00000145332,KLHL8,0.880867708,0.99083225
ENSG00000152942,RAD17,0.880875471,0.99083225
ENSG00000212864,RNF208,0.880957119,0.99083225
ENSG00000038532,CLEC16A,0.880975579,0.99083225
ENSG00000136247,ZDHHC4,0.881009224,0.99083225
ENSG00000223414,LINC00473,0.881145627,0.99083225
ENSG00000112981,NME5,0.881228308,0.99083225
ENSG00000164338,UTP15,0.881271846,0.99083225
ENSG00000256188,TAS2R30,0.881332259,0.99083225
ENSG00000003400,CASP10,0.881339732,0.99083225
ENSG00000125447,GGA3,0.881426925,0.99083225
ENSG00000175874,CREG2,0.881533065,0.99083225
ENSG00000237647,ERICH1-AS1,0.881538044,0.99083225
ENSG00000215154,.,0.881751511,0.99083225
ENSG00000108622,ICAM2,0.881833884,0.99083225
ENSG00000177082,WDR73,0.881833923,0.99083225
ENSG00000183888,C1orf64,0.881835126,0.99083225
ENSG00000268466,.,0.881858355,0.99083225
ENSG00000169714,CNBP,0.881866354,0.99083225
ENSG00000165661,QSOX2,0.881868992,0.99083225
ENSG00000175764,TTLL11,0.881927902,0.99083225
ENSG00000095002,MSH2,0.881960927,0.99083225
ENSG00000145416,MARCH1,0.882102952,0.99083225
ENSG00000140519,RHCG,0.882146829,0.99083225
ENSG00000087152,ATXN7L3,0.882155883,0.99083225
ENSG00000140332,TLE3,0.88218642,0.99083225
ENSG00000206559,ZCWPW2,0.882222811,0.99083225
ENSG00000111196,MAGOHB,0.882344258,0.99083225
ENSG00000125266,EFNB2,0.882388766,0.99083225
ENSG00000182944,EWSR1,0.882392691,0.99083225
ENSG00000169189,NSMCE1,0.882432144,0.99083225
ENSG00000085721,RRN3,0.882451271,0.99083225
ENSG00000167658,EEF2,0.882475998,0.99083225
ENSG00000229368,.,0.882582596,0.990861309
ENSG00000119979,FAM45A,0.882649989,0.990861309
ENSG00000163075,.,0.882783058,0.990861309
ENSG00000167130,DOLPP1,0.882817093,0.990861309
ENSG00000162889,MAPKAPK2,0.882878067,0.990861309
ENSG00000250802,ZBED3-AS1,0.882888725,0.990861309
ENSG00000153066,TXNDC11,0.882965961,0.990861309
ENSG00000196890,HIST3H2BB,0.883013722,0.990861309
ENSG00000225968,ELFN1,0.883044883,0.990861309
ENSG00000174775,HRAS,0.883125878,0.99088449
ENSG00000078053,AMPH,0.883320282,0.991015974
ENSG00000198783,ZNF830,0.883363748,0.991015974
ENSG00000260171,.,0.883481767,0.991078558
ENSG00000146833,TRIM4,0.883647532,0.991078558
ENSG00000150527,CTAGE5,0.883699926,0.991078558
ENSG00000140455,USP3,0.883765339,0.991078558
ENSG00000108861,DUSP3,0.883847808,0.991078558
ENSG00000109133,TMEM33,0.883871856,0.991078558
ENSG00000161326,DUSP14,0.883901853,0.991078558
ENSG00000142149,HUNK,0.884078286,0.991078558
ENSG00000090104,RGS1,0.884120869,0.991078558
ENSG00000164627,KIF6,0.88413343,0.991078558
ENSG00000123562,MORF4L2,0.884133551,0.991078558
ENSG00000148948,LRRC4C,0.884143698,0.991078558
ENSG00000117984,CTSD,0.88430016,0.99118629
ENSG00000223496,EXOSC6,0.884366292,0.991188002
ENSG00000116127,ALMS1,0.884467788,0.991188002
ENSG00000159788,RGS12,0.884560786,0.991188002
ENSG00000061918,GUCY1B3,0.884799477,0.991188002
ENSG00000168066,SF1,0.884850344,0.991188002
ENSG00000070018,LRP6,0.884962001,0.991188002
ENSG00000261572,.,0.885052593,0.991188002
ENSG00000137558,PI15,0.885071213,0.991188002
ENSG00000224389,C4B,0.885152761,0.991188002
ENSG00000117360,PRPF3,0.885189165,0.991188002
ENSG00000174672,BRSK2,0.885191982,0.991188002
ENSG00000136161,RCBTB2,0.885428126,0.991188002
ENSG00000260807,.,0.88557261,0.991188002
ENSG00000160445,ZER1,0.885617307,0.991188002
ENSG00000180185,FAHD1,0.885665744,0.991188002
ENSG00000187054,TMPRSS11A,0.885670867,0.991188002
ENSG00000101473,ACOT8,0.885685455,0.991188002
ENSG00000102032,RENBP,0.885750898,0.991188002
ENSG00000133612,AGAP3,0.885796522,0.991188002
ENSG00000162757,C1orf74,0.885911994,0.991188002
ENSG00000227331,.,0.885966913,0.991188002
ENSG00000196756,.,0.886072258,0.991188002
ENSG00000108443,RPS6KB1,0.886085429,0.991188002
ENSG00000221949,C12orf61,0.886086155,0.991188002
ENSG00000121486,TRMT1L,0.886140187,0.991188002
ENSG00000111247,RAD51AP1,0.88616131,0.991188002
ENSG00000171160,MORN4,0.886164345,0.991188002
ENSG00000106785,TRIM14,0.886190099,0.991188002
ENSG00000115649,CNPPD1,0.886288427,0.991188002
ENSG00000108176,DNAJC12,0.886389922,0.991188002
ENSG00000249898,.,0.886400774,0.991188002
ENSG00000145819,ARHGAP26,0.886412117,0.991188002
ENSG00000134153,EMC7,0.886515235,0.991188002
ENSG00000140992,PDPK1,0.886587201,0.991188002
ENSG00000102098,SCML2,0.886699156,0.991188002
ENSG00000184384,MAML2,0.886758332,0.991188002
ENSG00000168564,CDKN2AIP,0.886806052,0.991188002
ENSG00000198270,TMEM116,0.88680762,0.991188002
ENSG00000059758,CDK17,0.886839568,0.991188002
ENSG00000187416,LHFPL3,0.88689998,0.991188002
ENSG00000173545,ZNF622,0.886988438,0.991188002
ENSG00000253667,.,0.887005365,0.991188002
ENSG00000168958,MFF,0.887024921,0.991188002
ENSG00000198952,SMG5,0.88716009,0.991188002
ENSG00000138092,CENPO,0.887252016,0.991188002
ENSG00000157554,ERG,0.887358388,0.991188002
ENSG00000165219,GAPVD1,0.887382759,0.991188002
ENSG00000189136,UBE2Q2P1,0.887467658,0.991188002
ENSG00000135974,C2orf49,0.887514045,0.991188002
ENSG00000143429,.,0.887545782,0.991188002
ENSG00000138002,IFT172,0.887643089,0.991188002
ENSG00000126768,TIMM17B,0.887725141,0.991188002
ENSG00000161021,MAML1,0.887773559,0.991188002
ENSG00000204352,C9orf129,0.887799827,0.991188002
ENSG00000196663,TECPR2,0.887820362,0.991188002
ENSG00000255717,SNHG1,0.88782302,0.991188002
ENSG00000085231,TAF9,0.887923975,0.991188002
ENSG00000112697,TMEM30A,0.887942171,0.991188002
ENSG00000070756,PABPC1,0.887965019,0.991188002
ENSG00000197008,ZNF138,0.887968776,0.991188002
ENSG00000176973,FAM89B,0.888011656,0.991188002
ENSG00000147113,CXorf36,0.888072599,0.991188002
ENSG00000170382,LRRN2,0.888103967,0.991188002
ENSG00000144580,RQCD1,0.888183493,0.991209398
ENSG00000232063,.,0.888298558,0.991243017
ENSG00000100211,CBY1,0.888334332,0.991243017
ENSG00000116171,SCP2,0.888395267,0.991243663
ENSG00000108292,MLLT6,0.888565414,0.991366154
ENSG00000177311,ZBTB38,0.888755547,0.991464648
ENSG00000163288,GABRB1,0.888774435,0.991464648
ENSG00000115159,GPD2,0.888912561,0.991511296
ENSG00000137817,PARP6,0.88895839,0.991511296
ENSG00000130779,CLIP1,0.888997371,0.991511296
ENSG00000126822,PLEKHG3,0.889136178,0.99154428
ENSG00000140968,IRF8,0.889171684,0.99154428
ENSG00000215018,COL28A1,0.889251403,0.99154428
ENSG00000165660,FAM175B,0.889268447,0.99154428
ENSG00000144711,IQSEC1,0.889448046,0.991677207
ENSG00000023516,AKAP11,0.889512851,0.991682136
ENSG00000172006,ZNF554,0.889676142,0.991796856
ENSG00000174903,RAB1B,0.88974604,0.991807454
ENSG00000163660,CCNL1,0.889858059,0.991812186
ENSG00000197323,TRIM33,0.890058457,0.991812186
ENSG00000146859,TMEM140,0.89013384,0.991812186
ENSG00000170871,KIAA0232,0.890205748,0.991812186
ENSG00000104936,DMPK,0.890247356,0.991812186
ENSG00000152785,BMP3,0.890252001,0.991812186
ENSG00000095380,NANS,0.890272247,0.991812186
ENSG00000121716,PILRB,0.890366137,0.991812186
ENSG00000109103,UNC119,0.890445174,0.991812186
ENSG00000223459,FAM115B,0.890452136,0.991812186
ENSG00000265142,.,0.89045339,0.991812186
ENSG00000121281,ADCY7,0.890525989,0.991812186
ENSG00000259924,.,0.890556416,0.991812186
ENSG00000169981,ZNF35,0.890595768,0.991812186
ENSG00000198121,LPAR1,0.890756618,0.99189835
ENSG00000110756,HPS5,0.890816094,0.99189835
ENSG00000214106,.,0.89085433,0.99189835
ENSG00000156858,PRR14,0.891055829,0.991954143
ENSG00000229800,ATP8A2P2,0.891191429,0.991954143
ENSG00000133858,ZFC3H1,0.891247676,0.991954143
ENSG00000172086,KRCC1,0.891295959,0.991954143
ENSG00000225472,.,0.891323862,0.991954143
ENSG00000169604,ANTXR1,0.891326454,0.991954143
ENSG00000260122,.,0.891358692,0.991954143
ENSG00000038274,MAT2B,0.89140534,0.991954143
ENSG00000131584,ACAP3,0.891550605,0.991954143
ENSG00000149564,ESAM,0.891560387,0.991954143
ENSG00000141526,SLC16A3,0.891757738,0.991954143
ENSG00000088727,KIF9,0.891815221,0.991954143
ENSG00000138686,BBS7,0.891862754,0.991954143
ENSG00000127527,EPS15L1,0.89189204,0.991954143
ENSG00000143799,PARP1,0.891908272,0.991954143
ENSG00000212743,.,0.892012006,0.991954143
ENSG00000065357,DGKA,0.892032045,0.991954143
ENSG00000100354,TNRC6B,0.892061094,0.991954143
ENSG00000104765,BNIP3L,0.892219778,0.991954143
ENSG00000180229,HERC2P3,0.892251099,0.991954143
ENSG00000269190,FBXO17,0.892290934,0.991954143
ENSG00000185043,CIB1,0.89229106,0.991954143
ENSG00000184254,ALDH1A3,0.892421069,0.991954143
ENSG00000179632,MAF1,0.892442342,0.991954143
ENSG00000089902,RCOR1,0.892501157,0.991954143
ENSG00000172932,ANKRD13D,0.892528481,0.991954143
ENSG00000113712,CSNK1A1,0.892535247,0.991954143
ENSG00000080189,SLC35C2,0.892728558,0.992006626
ENSG00000009307,CSDE1,0.89274756,0.992006626
ENSG00000204084,INPP5B,0.892763681,0.992006626
ENSG00000170917,NUDT6,0.892845176,0.992016012
ENSG00000249626,.,0.893146293,0.992016012
ENSG00000135624,CCT7,0.893188622,0.992016012
ENSG00000182732,RGS6,0.893310981,0.992016012
ENSG00000144026,ZNF514,0.893324202,0.992016012
ENSG00000183090,FREM3,0.893331957,0.992016012
ENSG00000137824,FAM82A2,0.893348918,0.992016012
ENSG00000165030,NFIL3,0.893367379,0.992016012
ENSG00000267041,ZNF850,0.893431912,0.992016012
ENSG00000235831,BHLHE40-AS1,0.893463705,0.992016012
ENSG00000249850,.,0.89351741,0.992016012
ENSG00000164758,MED30,0.89353802,0.992016012
ENSG00000154447,SH3RF1,0.893557381,0.992016012
ENSG00000100246,DNAL4,0.8938795,0.99228812
ENSG00000127688,GAN,0.893923323,0.99228812
ENSG00000145191,EIF2B5,0.894089742,0.992324794
ENSG00000228300,C19orf24,0.894111902,0.992324794
ENSG00000197183,C20orf112,0.89413763,0.992324794
ENSG00000262580,.,0.894309293,0.992353698
ENSG00000214063,TSPAN4,0.894343335,0.992353698
ENSG00000116396,KCNC4,0.894587533,0.992353698
ENSG00000112992,NNT,0.894686982,0.992353698
ENSG00000160229,ZNF66P,0.894725585,0.992353698
ENSG00000051108,HERPUD1,0.894879722,0.992353698
ENSG00000144028,SNRNP200,0.894973968,0.992353698
ENSG00000235162,C12orf75,0.895071206,0.992353698
ENSG00000133135,RNF128,0.895173681,0.992353698
ENSG00000104805,NUCB1,0.895294381,0.992353698
ENSG00000077327,SPAG6,0.895346518,0.992353698
ENSG00000182979,MTA1,0.89537151,0.992353698
ENSG00000003509,NDUFAF7,0.895420517,0.992353698
ENSG00000169490,TM2D2,0.895473916,0.992353698
ENSG00000261439,.,0.895505427,0.992353698
ENSG00000179163,FUCA1,0.89554957,0.992353698
ENSG00000168702,LRP1B,0.895571846,0.992353698
ENSG00000088387,DOCK9,0.895685716,0.992353698
ENSG00000125772,GPCPD1,0.89569642,0.992353698
ENSG00000165887,ANKRD2,0.895759723,0.992353698
ENSG00000071655,MBD3,0.895796378,0.992353698
ENSG00000134371,CDC73,0.895852565,0.992353698
ENSG00000160216,AGPAT3,0.895857934,0.992353698
ENSG00000172465,TCEAL1,0.89590924,0.992353698
ENSG00000161091,MFSD12,0.895931547,0.992353698
ENSG00000177034,MTX3,0.895952122,0.992353698
ENSG00000083290,ULK2,0.89610659,0.992353698
ENSG00000137962,ARHGAP29,0.896120465,0.992353698
ENSG00000055950,MRPL43,0.896358522,0.992353698
ENSG00000205611,.,0.896372969,0.992353698
ENSG00000198300,PEG3,0.896403025,0.992353698
ENSG00000198286,CARD11,0.896437472,0.992353698
ENSG00000225400,.,0.896554557,0.992353698
ENSG00000176293,ZNF135,0.896653414,0.992353698
ENSG00000134376,CRB1,0.896766973,0.992353698
ENSG00000253636,.,0.896918289,0.992353698
ENSG00000164292,RHOBTB3,0.896962257,0.992353698
ENSG00000164326,CARTPT,0.897041351,0.992353698
ENSG00000166596,WDR16,0.897101717,0.992353698
ENSG00000196091,MYBPC1,0.897105375,0.992353698
ENSG00000172059,KLF11,0.897186105,0.992353698
ENSG00000160336,ZNF761,0.897276774,0.992353698
ENSG00000112541,PDE10A,0.897484245,0.992353698
ENSG00000257267,ZNF271,0.897582383,0.992353698
ENSG00000269696,.,0.897697679,0.992353698
ENSG00000167863,ATP5H,0.897737941,0.992353698
ENSG00000177200,CHD9,0.8977963,0.992353698
ENSG00000106993,CDC37L1,0.897800073,0.992353698
ENSG00000266413,.,0.897866867,0.992353698
ENSG00000103227,LMF1,0.89797504,0.992353698
ENSG00000112282,MED23,0.897990945,0.992353698
ENSG00000163520,FBLN2,0.898185928,0.992353698
ENSG00000125386,FAM193A,0.898233952,0.992353698
ENSG00000243701,.,0.898241288,0.992353698
ENSG00000131323,TRAF3,0.898312579,0.992353698
ENSG00000143549,TPM3,0.898342403,0.992353698
ENSG00000131238,PPT1,0.898402025,0.992353698
ENSG00000141367,CLTC,0.898427494,0.992353698
ENSG00000143340,FAM163A,0.898435563,0.992353698
ENSG00000128039,SRD5A3,0.898549546,0.992353698
ENSG00000235477,.,0.898554134,0.992353698
ENSG00000135549,PKIB,0.898637342,0.992353698
ENSG00000229807,XIST,0.898661822,0.992353698
ENSG00000165943,MOAP1,0.89875723,0.992353698
ENSG00000171311,EXOSC1,0.898769368,0.992353698
ENSG00000166165,CKB,0.898788395,0.992353698
ENSG00000100395,L3MBTL2,0.898811878,0.992353698
ENSG00000169764,UGP2,0.898853973,0.992353698
ENSG00000111331,OAS3,0.898914491,0.992353698
ENSG00000103248,MTHFSD,0.898915599,0.992353698
ENSG00000266340,.,0.898947412,0.992353698
ENSG00000025423,HSD17B6,0.898955967,0.992353698
ENSG00000147164,SNX12,0.898979119,0.992353698
ENSG00000145248,SLC10A4,0.899054715,0.992353698
ENSG00000169131,ZNF354A,0.899137984,0.992353698
ENSG00000138101,DTNB,0.899344548,0.992353698
ENSG00000179335,CLK3,0.899425729,0.992353698
ENSG00000176834,VSIG10,0.899459848,0.992353698
ENSG00000119650,IFT43,0.899550793,0.992353698
ENSG00000204442,FAM155A,0.899571311,0.992353698
ENSG00000090470,PDCD7,0.899638965,0.992353698
ENSG00000161243,FBXO27,0.899643874,0.992353698
ENSG00000205138,SDHAF1,0.899658364,0.992353698
ENSG00000227268,KLLN,0.899712595,0.992353698
ENSG00000164011,ZNF691,0.899752391,0.992353698
ENSG00000247828,TMEM161B-AS1,0.899788636,0.992353698
ENSG00000261728,.,0.899795387,0.992353698
ENSG00000241506,PSMC1P1,0.899905199,0.992353698
ENSG00000130529,TRPM4,0.899962101,0.992353698
ENSG00000187118,CMC1,0.899992058,0.992353698
ENSG00000185480,PARPBP,0.900101002,0.992353698
ENSG00000115234,SNX17,0.900473897,0.992353698
ENSG00000136197,C7orf25,0.90048638,0.992353698
ENSG00000144407,PTH2R,0.900675093,0.992353698
ENSG00000030110,BAK1,0.900700657,0.992353698
ENSG00000246477,.,0.900733386,0.992353698
ENSG00000006042,TMEM98,0.900738631,0.992353698
ENSG00000023330,ALAS1,0.900756917,0.992353698
ENSG00000125089,SH3TC1,0.900847221,0.992353698
ENSG00000103316,CRYM,0.900866633,0.992353698
ENSG00000218475,.,0.90099296,0.992353698
ENSG00000258185,.,0.901034172,0.992353698
ENSG00000215527,.,0.901035305,0.992353698
ENSG00000143363,PRUNE,0.901141751,0.992353698
ENSG00000120341,SEC16B,0.901243446,0.992353698
ENSG00000160716,CHRNB2,0.901352243,0.992353698
ENSG00000188039,NWD1,0.901361974,0.992353698
ENSG00000114166,KAT2B,0.901478953,0.992353698
ENSG00000196741,CXorf24,0.901521642,0.992353698
ENSG00000197903,HIST1H2BK,0.901638396,0.992353698
ENSG00000260987,.,0.901764861,0.992353698
ENSG00000133704,IPO8,0.901840564,0.992353698
ENSG00000111215,PRR4,0.901947512,0.992353698
ENSG00000253729,PRKDC,0.901990942,0.992353698
ENSG00000148362,C9orf142,0.90205864,0.992353698
ENSG00000071626,DAZAP1,0.902076363,0.992353698
ENSG00000105357,MYH14,0.902160039,0.992353698
ENSG00000168899,VAMP5,0.902188767,0.992353698
ENSG00000197181,PIWIL2,0.902196961,0.992353698
ENSG00000102316,MAGED2,0.902273884,0.992353698
ENSG00000051382,PIK3CB,0.902389765,0.992353698
ENSG00000163902,RPN1,0.902431716,0.992353698
ENSG00000154917,RAB6B,0.902439173,0.992353698
ENSG00000129292,PHF20L1,0.90244698,0.992353698
ENSG00000126254,RBM42,0.902451007,0.992353698
ENSG00000100285,NEFH,0.90248759,0.992353698
ENSG00000117862,TXNDC12,0.902525368,0.992353698
ENSG00000109066,TMEM104,0.902527848,0.992353698
ENSG00000152207,CYSLTR2,0.902560157,0.992353698
ENSG00000187566,NHLRC1,0.902782504,0.992353698
ENSG00000161914,ZNF653,0.902796227,0.992353698
ENSG00000140400,MAN2C1,0.902920155,0.992353698
ENSG00000158458,NRG2,0.902924512,0.992353698
ENSG00000124788,ATXN1,0.903036838,0.992353698
ENSG00000164171,ITGA2,0.903074024,0.992353698
ENSG00000158417,EIF5B,0.903087194,0.992353698
ENSG00000167202,TBC1D2B,0.90309666,0.992353698
ENSG00000069849,ATP1B3,0.903161859,0.992353698
ENSG00000215325,ASS1P10,0.903223793,0.992353698
ENSG00000258419,.,0.903225003,0.992353698
ENSG00000185433,LINC00158,0.903330127,0.992353698
ENSG00000136100,VPS36,0.903343598,0.992353698
ENSG00000152683,SLC30A6,0.903471606,0.992353698
ENSG00000235568,NFAM1,0.903482978,0.992353698
ENSG00000111276,CDKN1B,0.903527149,0.992353698
ENSG00000090006,LTBP4,0.903565334,0.992353698
ENSG00000086991,NOX4,0.903576679,0.992353698
ENSG00000119723,COQ6,0.903647297,0.992353698
ENSG00000152487,.,0.903648622,0.992353698
ENSG00000165684,SNAPC4,0.903664517,0.992353698
ENSG00000105552,BCAT2,0.903705706,0.992353698
ENSG00000250486,FAM218A,0.903760012,0.992353698
ENSG00000254893,.,0.90383065,0.992353698
ENSG00000140262,TCF12,0.903837459,0.992353698
ENSG00000112851,ERBB2IP,0.903870519,0.992353698
ENSG00000164128,NPY1R,0.90392977,0.992353698
ENSG00000169683,LRRC45,0.903968375,0.992353698
ENSG00000001497,LAS1L,0.904056019,0.992353698
ENSG00000250510,GPR162,0.904101504,0.992353698
ENSG00000079257,LXN,0.904108146,0.992353698
ENSG00000187715,KBTBD12,0.904168183,0.992353698
ENSG00000267904,.,0.904173395,0.992353698
ENSG00000163472,TMEM79,0.904177758,0.992353698
ENSG00000100473,COCH,0.904202296,0.992353698
ENSG00000185519,FAM131C,0.904228883,0.992353698
ENSG00000131748,STARD3,0.904249244,0.992353698
ENSG00000043355,ZIC2,0.904263792,0.992353698
ENSG00000252010,SCARNA5,0.904382784,0.992353698
ENSG00000221955,SLC12A8,0.904412772,0.992353698
ENSG00000122741,DCAF10,0.904508074,0.992353698
ENSG00000149476,DAK,0.904512269,0.992353698
ENSG00000162300,ZFPL1,0.904596272,0.992353698
ENSG00000081307,UBA5,0.904617136,0.992353698
ENSG00000160326,SLC2A6,0.904841751,0.992386913
ENSG00000168952,STXBP6,0.904859746,0.992386913
ENSG00000101146,RAE1,0.904926812,0.992386913
ENSG00000182923,CEP63,0.905119518,0.992386913
ENSG00000146729,GBAS,0.905119891,0.992386913
ENSG00000160908,ZNF394,0.90520561,0.992386913
ENSG00000133313,CNDP2,0.905361856,0.992386913
ENSG00000238243,OR2W3,0.905396436,0.992386913
ENSG00000164031,DNAJB14,0.905467009,0.992386913
ENSG00000198792,TMEM184B,0.905511203,0.992386913
ENSG00000175221,MED16,0.905563065,0.992386913
ENSG00000176463,SLCO3A1,0.905569059,0.992386913
ENSG00000179603,GRM8,0.905638867,0.992386913
ENSG00000144824,PHLDB2,0.905660693,0.992386913
ENSG00000186166,CCDC84,0.90569984,0.992386913
ENSG00000125445,MRPS7,0.905700352,0.992386913
ENSG00000217340,.,0.905703059,0.992386913
ENSG00000111875,ASF1A,0.90582157,0.992386913
ENSG00000106571,GLI3,0.905867562,0.992386913
ENSG00000105429,MEGF8,0.905893951,0.992386913
ENSG00000065413,ANKRD44,0.906013736,0.992386913
ENSG00000119969,HELLS,0.906024112,0.992386913
ENSG00000170525,PFKFB3,0.906111037,0.992386913
ENSG00000243156,MICAL3,0.906118262,0.992386913
ENSG00000185189,NRBP2,0.90620674,0.992386913
ENSG00000167182,SP2,0.906238774,0.992386913
ENSG00000051341,POLQ,0.906308495,0.992386913
ENSG00000168792,ABHD15,0.90633936,0.992386913
ENSG00000196581,AJAP1,0.90642176,0.992410971
ENSG00000144455,SUMF1,0.906616225,0.992514588
ENSG00000155275,TRMT44,0.906637268,0.992514588
ENSG00000082497,SERTAD4,0.906756442,0.992568551
ENSG00000068745,IP6K2,0.906812076,0.992568551
ENSG00000137960,GIPC2,0.906916591,0.992568551
ENSG00000168495,POLR3D,0.906928312,0.992568551
ENSG00000123610,TNFAIP6,0.907028733,0.992612307
ENSG00000118402,ELOVL4,0.907098873,0.992622921
ENSG00000116678,LEPR,0.907206594,0.992646282
ENSG00000132471,WBP2,0.907241106,0.992646282
ENSG00000142330,CAPN10,0.907457131,0.99274018
ENSG00000166167,BTRC,0.907500714,0.99274018
ENSG00000138795,LEF1,0.90750827,0.99274018
ENSG00000204909,SPINK9,0.907695498,0.992801839
ENSG00000071991,CDH19,0.907720913,0.992801839
ENSG00000101442,ACTR5,0.907745991,0.992801839
ENSG00000148814,LRRC27,0.907860319,0.99280708
ENSG00000261402,.,0.907871688,0.99280708
ENSG00000117877,CD3EAP,0.908174932,0.992857375
ENSG00000188342,GTF2F2,0.90818778,0.992857375
ENSG00000229180,.,0.908188789,0.992857375
ENSG00000167470,MIDN,0.908229231,0.992857375
ENSG00000111728,ST8SIA1,0.908247057,0.992857375
ENSG00000168434,COG7,0.908327005,0.992857375
ENSG00000111962,UST,0.908370361,0.992857375
ENSG00000232795,SCAND3P1,0.908512347,0.992857375
ENSG00000243715,CACNA2D3-AS1,0.908515961,0.992857375
ENSG00000068489,PRR11,0.908522233,0.992857375
ENSG00000166710,B2M,0.908688252,0.992911652
ENSG00000149577,SIDT2,0.908692817,0.992911652
ENSG00000175279,APITD1,0.908819637,0.99298416
ENSG00000094916,CBX5,0.909100531,0.993224988
ENSG00000118640,VAMP8,0.909234569,0.99325573
ENSG00000187094,CCK,0.909253046,0.99325573
ENSG00000166444,ST5,0.909349715,0.99325573
ENSG00000245105,A2M-AS1,0.909370588,0.99325573
ENSG00000266469,.,0.90943812,0.993263433
ENSG00000169255,B3GALNT1,0.909677175,0.993389594
ENSG00000196588,MKL1,0.909705,0.993389594
ENSG00000246560,.,0.90973695,0.993389594
ENSG00000153495,TEX29,0.909815321,0.993389594
ENSG00000130294,KIF1A,0.909943698,0.993389594
ENSG00000172878,METAP1D,0.909960548,0.993389594
ENSG00000040199,PHLPP2,0.910033743,0.993389594
ENSG00000185838,GNB1L,0.910140298,0.993389594
ENSG00000164169,PRMT10,0.91015474,0.993389594
ENSG00000172687,ZNF738,0.910158511,0.993389594
ENSG00000138346,DNA2,0.910231206,0.993402917
ENSG00000146776,ATXN7L1,0.910355446,0.993465483
ENSG00000169020,ATP5I,0.910490976,0.993465483
ENSG00000168918,INPP5D,0.910558161,0.993465483
ENSG00000161509,GRIN2C,0.910585482,0.993465483
ENSG00000186907,RTN4RL2,0.910590995,0.993465483
ENSG00000160209,PDXK,0.910833644,0.993521602
ENSG00000260077,.,0.910908025,0.993521602
ENSG00000187066,.,0.910952919,0.993521602
ENSG00000166046,TCP11L2,0.910986213,0.993521602
ENSG00000064309,CDON,0.911005506,0.993521602
ENSG00000171475,WIPF2,0.911032705,0.993521602
ENSG00000176715,ACSF3,0.911065903,0.993521602
ENSG00000141568,FOXK2,0.911140613,0.993537101
ENSG00000151276,MAGI1,0.911300856,0.993627423
ENSG00000137807,KIF23,0.911499388,0.993627423
ENSG00000176623,FAM82B,0.911584914,0.993627423
ENSG00000143631,FLG,0.911602042,0.993627423
ENSG00000257027,.,0.911603746,0.993627423
ENSG00000126003,PLAGL2,0.911663156,0.993627423
ENSG00000225241,NBPF8,0.911677735,0.993627423
ENSG00000109062,SLC9A3R1,0.911749792,0.993627423
ENSG00000056097,ZFR,0.911767964,0.993627423
ENSG00000113761,ZNF346,0.911844852,0.993645279
ENSG00000125347,IRF1,0.912012483,0.99376201
ENSG00000139438,FAM222A,0.912226711,0.993839763
ENSG00000123975,CKS2,0.912255121,0.993839763
ENSG00000088833,NSFL1C,0.912300998,0.993839763
ENSG00000248360,LINC00504,0.9123259,0.993839763
ENSG00000203739,.,0.912494041,0.993858592
ENSG00000164751,PEX2,0.912502891,0.993858592
ENSG00000174776,WDR49,0.912538106,0.993858592
ENSG00000127957,PMS2P3,0.91258525,0.993858592
ENSG00000049192,ADAMTS6,0.912705348,0.993882704
ENSG00000112081,SRSF3,0.912728426,0.993882704
ENSG00000233251,.,0.912825722,0.993896498
ENSG00000178175,ZNF366,0.913022737,0.993896498
ENSG00000173801,JUP,0.913050242,0.993896498
ENSG00000181789,COPG1,0.913139446,0.993896498
ENSG00000109111,SUPT6H,0.913222413,0.993896498
ENSG00000163507,KIAA1524,0.913260066,0.993896498
ENSG00000143924,EML4,0.913302056,0.993896498
ENSG00000260093,.,0.913364316,0.993896498
ENSG00000249437,NAIP,0.913396976,0.993896498
ENSG00000204176,SYT15,0.913400851,0.993896498
ENSG00000101353,C20orf132,0.913406798,0.993896498
ENSG00000188554,NBR1,0.913626529,0.993910327
ENSG00000137193,PIM1,0.913651217,0.993910327
ENSG00000259969,.,0.913807925,0.993910327
ENSG00000166704,ZNF606,0.913811944,0.993910327
ENSG00000104886,PLEKHJ1,0.913827386,0.993910327
ENSG00000185829,ARL17A,0.913836882,0.993910327
ENSG00000144229,THSD7B,0.914023233,0.993910327
ENSG00000078618,NRD1,0.914058042,0.993910327
ENSG00000165805,C12orf50,0.914092003,0.993910327
ENSG00000184672,RALYL,0.914113868,0.993910327
ENSG00000241570,.,0.914114602,0.993910327
ENSG00000198563,DDX39B,0.91414574,0.993910327
ENSG00000157103,SLC6A1,0.914340885,0.993912348
ENSG00000110619,CARS,0.914361612,0.993912348
ENSG00000189045,ANKDD1B,0.91437335,0.993912348
ENSG00000121905,HPCA,0.914501197,0.993912348
ENSG00000149294,NCAM1,0.914507273,0.993912348
ENSG00000121005,CRISPLD1,0.91459959,0.993912348
ENSG00000197993,KEL,0.914606483,0.993912348
ENSG00000196924,FLNA,0.914631755,0.993912348
ENSG00000167074,TEF,0.914814522,0.994003087
ENSG00000130066,SAT1,0.914908636,0.994003087
ENSG00000134046,MBD2,0.914998371,0.994003087
ENSG00000248828,.,0.915108384,0.994003087
ENSG00000087842,PIR,0.915139885,0.994003087
ENSG00000164125,FAM198B,0.915190532,0.994003087
ENSG00000132141,CCT6B,0.915200893,0.994003087
ENSG00000125944,HNRNPR,0.915411609,0.994003087
ENSG00000164056,SPRY1,0.915550372,0.994003087
ENSG00000100987,VSX1,0.915596011,0.994003087
ENSG00000259905,PWRN1,0.915623697,0.994003087
ENSG00000267508,ZNF285,0.9156884,0.994003087
ENSG00000187772,LIN28B,0.915726425,0.994003087
ENSG00000128482,RNF112,0.915883666,0.994003087
ENSG00000119421,NDUFA8,0.915900131,0.994003087
ENSG00000172031,EPHX4,0.916041339,0.994003087
ENSG00000204482,LST1,0.9161762,0.994003087
ENSG00000163156,SCNM1,0.916203279,0.994003087
ENSG00000107890,ANKRD26,0.916304775,0.994003087
ENSG00000144554,FANCD2,0.916399143,0.994003087
ENSG00000258302,.,0.916481291,0.994003087
ENSG00000169439,SDC2,0.91663764,0.994003087
ENSG00000158023,WDR66,0.916698408,0.994003087
ENSG00000261520,DLGAP1-AS5,0.916726769,0.994003087
ENSG00000174842,GLMN,0.91673184,0.994003087
ENSG00000145782,ATG12,0.916744963,0.994003087
ENSG00000054793,ATP9A,0.916765911,0.994003087
ENSG00000164588,HCN1,0.916780237,0.994003087
ENSG00000185669,SNAI3,0.916878071,0.994003087
ENSG00000112576,CCND3,0.916939254,0.994003087
ENSG00000175697,GPR156,0.916959037,0.994003087
ENSG00000234741,GAS5,0.916998011,0.994003087
ENSG00000165186,PTCHD1,0.917289147,0.994003087
ENSG00000261019,.,0.91729229,0.994003087
ENSG00000127083,OMD,0.917423292,0.994003087
ENSG00000117906,RCN2,0.91747778,0.994003087
ENSG00000121083,DYNLL2,0.917481251,0.994003087
ENSG00000139722,VPS37B,0.917513604,0.994003087
ENSG00000139645,ANKRD52,0.917685283,0.994003087
ENSG00000065135,GNAI3,0.917744461,0.994003087
ENSG00000116478,HDAC1,0.91777532,0.994003087
ENSG00000074657,ZNF532,0.91784515,0.994003087
ENSG00000164675,IQUB,0.917927217,0.994003087
ENSG00000268205,.,0.917943153,0.994003087
ENSG00000149483,TMEM138,0.917977534,0.994003087
ENSG00000115112,TFCP2L1,0.918034608,0.994003087
ENSG00000154059,IMPACT,0.91805636,0.994003087
ENSG00000173890,GPR160,0.918067343,0.994003087
ENSG00000135362,PRR5L,0.918353435,0.994003087
ENSG00000117262,GPR89A,0.918355599,0.994003087
ENSG00000065615,CYB5R4,0.91849872,0.994003087
ENSG00000100906,NFKBIA,0.918523399,0.994003087
ENSG00000108840,HDAC5,0.91859622,0.994003087
ENSG00000061987,MON2,0.918661006,0.994003087
ENSG00000249853,HS3ST5,0.918803948,0.994003087
ENSG00000198399,ITSN2,0.918844807,0.994003087
ENSG00000157540,DYRK1A,0.918894521,0.994003087
ENSG00000156973,PDE6D,0.918894892,0.994003087
ENSG00000140307,GTF2A2,0.918944797,0.994003087
ENSG00000137411,VARS2,0.919030826,0.994003087
ENSG00000138604,GLCE,0.919098851,0.994003087
ENSG00000212950,.,0.91928973,0.994003087
ENSG00000169359,SLC33A1,0.919381856,0.994003087
ENSG00000011132,APBA3,0.919406316,0.994003087
ENSG00000023228,NDUFS1,0.919470536,0.994003087
ENSG00000119574,ZBTB45,0.91953262,0.994003087
ENSG00000136827,TOR1A,0.919569813,0.994003087
ENSG00000106244,PDAP1,0.919609222,0.994003087
ENSG00000057252,SOAT1,0.919610391,0.994003087
ENSG00000162819,BROX,0.919612276,0.994003087
ENSG00000108010,GLRX3,0.919645148,0.994003087
ENSG00000156853,ZNF689,0.919715259,0.994003087
ENSG00000197070,ARRDC1,0.919774553,0.994003087
ENSG00000097021,ACOT7,0.919792001,0.994003087
ENSG00000169410,PTPN9,0.919880726,0.994003087
ENSG00000224032,EPB41L4A-AS1,0.919910245,0.994003087
ENSG00000174473,GALNTL6,0.919941474,0.994003087
ENSG00000104299,INTS9,0.919965621,0.994003087
ENSG00000176714,CCDC121,0.920023265,0.994003087
ENSG00000125746,EML2,0.92013709,0.994003087
ENSG00000261056,.,0.920164056,0.994003087
ENSG00000232838,PET117,0.920249655,0.994003087
ENSG00000104408,EIF3E,0.92026854,0.994003087
ENSG00000132763,MMACHC,0.920289302,0.994003087
ENSG00000175600,C7orf10,0.920308834,0.994003087
ENSG00000085511,MAP3K4,0.920443824,0.994003087
ENSG00000023041,ZDHHC6,0.920459745,0.994003087
ENSG00000240747,KRBOX1,0.920633376,0.994003087
ENSG00000259668,.,0.920681153,0.994003087
ENSG00000139410,SDSL,0.920701989,0.994003087
ENSG00000197748,WDR96,0.920705109,0.994003087
ENSG00000248049,.,0.920711439,0.994003087
ENSG00000155380,SLC16A1,0.920756619,0.994003087
ENSG00000150051,MKX,0.920774845,0.994003087
ENSG00000138439,FAM117B,0.92080021,0.994003087
ENSG00000167210,LOXHD1,0.920805445,0.994003087
ENSG00000178035,IMPDH2,0.920813127,0.994003087
ENSG00000232013,.,0.920813665,0.994003087
ENSG00000196821,C6orf106,0.920830954,0.994003087
ENSG00000186026,ZNF284,0.920901595,0.994003087
ENSG00000142188,TMEM50B,0.920921737,0.994003087
ENSG00000112293,GPLD1,0.920939972,0.994003087
ENSG00000090238,YPEL3,0.920949338,0.994003087
ENSG00000119636,CCDC176,0.921075066,0.994073458
ENSG00000197594,ENPP1,0.921165819,0.994073486
ENSG00000198150,.,0.921291094,0.994073486
ENSG00000237238,.,0.921327446,0.994073486
ENSG00000053108,FSTL4,0.921367813,0.994073486
ENSG00000176769,TCERG1L,0.921447087,0.994073486
ENSG00000198131,ZNF544,0.921606251,0.994073486
ENSG00000143869,GDF7,0.921640663,0.994073486
ENSG00000152270,PDE3B,0.921648654,0.994073486
ENSG00000120129,DUSP1,0.921649902,0.994073486
ENSG00000228508,.,0.921683953,0.994073486
ENSG00000221962,TMEM14E,0.921743297,0.994073486
ENSG00000169696,ASPSCR1,0.921801445,0.994073486
ENSG00000110955,ATP5B,0.922072323,0.994152081
ENSG00000196367,TRRAP,0.922105499,0.994152081
ENSG00000114767,RRP9,0.922271561,0.994152081
ENSG00000251160,.,0.922301866,0.994152081
ENSG00000198060,MARCH5,0.922350701,0.994152081
ENSG00000144406,UNC80,0.922383331,0.994152081
ENSG00000102755,FLT1,0.922399002,0.994152081
ENSG00000146574,CCZ1B,0.922499229,0.994152081
ENSG00000230055,CISD3,0.922672111,0.994152081
ENSG00000127080,IPPK,0.922684396,0.994152081
ENSG00000159128,IFNGR2,0.922705369,0.994152081
ENSG00000135637,CCDC142,0.922720684,0.994152081
ENSG00000247199,.,0.922830395,0.994152081
ENSG00000225725,FAM66E,0.922919551,0.994152081
ENSG00000147419,CCDC25,0.922979375,0.994152081
ENSG00000163904,SENP2,0.923005848,0.994152081
ENSG00000056277,ZNF280C,0.923041419,0.994152081
ENSG00000168970,JMJD7-PLA2G4B,0.923079431,0.994152081
ENSG00000167992,VWCE,0.923113242,0.994152081
ENSG00000188352,FOCAD,0.923220649,0.994152081
ENSG00000135108,FBXO21,0.923288412,0.994152081
ENSG00000152229,PSTPIP2,0.923323328,0.994152081
ENSG00000131495,NDUFA2,0.923431202,0.994152081
ENSG00000108469,RECQL5,0.923504593,0.994152081
ENSG00000167635,ZNF146,0.923518517,0.994152081
ENSG00000145194,ECE2,0.923520825,0.994152081
ENSG00000115241,PPM1G,0.923585215,0.994152081
ENSG00000160410,SHKBP1,0.923631657,0.994152081
ENSG00000126903,SLC10A3,0.923651152,0.994152081
ENSG00000227345,PARG,0.923722186,0.994152081
ENSG00000168040,FADD,0.923750883,0.994152081
ENSG00000118961,C2orf43,0.923819041,0.994160285
ENSG00000124920,C11orf9,0.9240076,0.994232106
ENSG00000133019,CHRM3,0.924166202,0.994232106
ENSG00000120685,PROSER1,0.924239491,0.994232106
ENSG00000126391,FRMD8,0.924317347,0.994232106
ENSG00000185163,DDX51,0.924344465,0.994232106
ENSG00000186642,PDE2A,0.924382143,0.994232106
ENSG00000179218,CALR,0.924424437,0.994232106
ENSG00000114999,TTL,0.924452842,0.994232106
ENSG00000174111,SOCS7,0.924483982,0.994232106
ENSG00000150275,PCDH15,0.924509688,0.994232106
ENSG00000196074,SYCP2,0.924823996,0.994232106
ENSG00000126016,AMOT,0.924838026,0.994232106
ENSG00000179041,RRS1,0.92484548,0.994232106
ENSG00000223380,SEC22B,0.924866434,0.994232106
ENSG00000164983,TMEM65,0.924881819,0.994232106
ENSG00000187513,GJA4,0.924902765,0.994232106
ENSG00000162851,TFB2M,0.925016411,0.994232106
ENSG00000079102,RUNX1T1,0.925033211,0.994232106
ENSG00000174371,EXO1,0.925036021,0.994232106
ENSG00000258947,.,0.925339627,0.994249432
ENSG00000172939,OXSR1,0.925379231,0.994249432
ENSG00000170471,RALGAPB,0.925386456,0.994249432
ENSG00000120742,SERP1,0.925445101,0.994249432
ENSG00000154743,TSEN2,0.925456365,0.994249432
ENSG00000117625,RCOR3,0.925471309,0.994249432
ENSG00000226381,.,0.925475922,0.994249432
ENSG00000007047,MARK4,0.925708759,0.994257931
ENSG00000150394,CDH8,0.925782977,0.994257931
ENSG00000188338,SLC38A3,0.925797916,0.994257931
ENSG00000157778,PSMG3,0.925807785,0.994257931
ENSG00000204394,VARS,0.925908906,0.994257931
ENSG00000055211,GINM1,0.925975858,0.994257931
ENSG00000248508,.,0.925994222,0.994257931
ENSG00000197872,FAM49A,0.926051477,0.994257931
ENSG00000118181,RPS25,0.926140007,0.994257931
ENSG00000162736,NCSTN,0.926223729,0.994257931
ENSG00000161013,MGAT4B,0.926277341,0.994257931
ENSG00000065559,MAP2K4,0.926362336,0.994257931
ENSG00000125870,SNRPB2,0.926378882,0.994257931
ENSG00000267390,.,0.926381481,0.994257931
ENSG00000198673,FAM19A2,0.926478179,0.994257931
ENSG00000148158,SNX30,0.926520734,0.994257931
ENSG00000118514,ALDH8A1,0.926538854,0.994257931
ENSG00000154222,CC2D1B,0.926673732,0.994257931
ENSG00000215845,TSTD1,0.926715496,0.994257931
ENSG00000007944,MYLIP,0.926992345,0.994257931
ENSG00000114812,VIPR1,0.927017617,0.994257931
ENSG00000173726,TOMM20,0.927027565,0.994257931
ENSG00000181541,MAB21L2,0.927028581,0.994257931
ENSG00000156482,RPL30,0.927034744,0.994257931
ENSG00000223855,.,0.927094614,0.994257931
ENSG00000122966,CIT,0.927146552,0.994257931
ENSG00000122642,FKBP9,0.92719415,0.994257931
ENSG00000167034,NKX3-1,0.927302947,0.994257931
ENSG00000132970,WASF3,0.927499941,0.994257931
ENSG00000134982,APC,0.927612622,0.994257931
ENSG00000204177,BMS1P1,0.927646299,0.994257931
ENSG00000134917,ADAMTS8,0.927650213,0.994257931
ENSG00000163521,GLB1L,0.927713725,0.994257931
ENSG00000022267,FHL1,0.927721646,0.994257931
ENSG00000110066,SUV420H1,0.927737764,0.994257931
ENSG00000065970,FOXJ2,0.927782361,0.994257931
ENSG00000225504,.,0.927910675,0.994257931
ENSG00000164162,ANAPC10,0.927916189,0.994257931
ENSG00000245526,LINC00461,0.928030185,0.994257931
ENSG00000219545,.,0.928369475,0.994257931
ENSG00000031003,FAM13B,0.928450202,0.994257931
ENSG00000100600,LGMN,0.928473428,0.994257931
ENSG00000250329,KDELC1P1,0.928479622,0.994257931
ENSG00000185900,.,0.928532648,0.994257931
ENSG00000171222,SCAND1,0.928638821,0.994257931
ENSG00000118960,HS1BP3,0.92866619,0.994257931
ENSG00000213203,GIMAP1,0.928700219,0.994257931
ENSG00000128534,NAA38,0.928848159,0.994257931
ENSG00000088930,XRN2,0.928876011,0.994257931
ENSG00000205403,CFI,0.928913743,0.994257931
ENSG00000134775,FHOD3,0.92892091,0.994257931
ENSG00000164976,KIAA1161,0.928950318,0.994257931
ENSG00000124641,MED20,0.928989866,0.994257931
ENSG00000104907,TRMT1,0.929022577,0.994257931
ENSG00000196226,HIST1H2BB,0.929047847,0.994257931
ENSG00000122729,ACO1,0.929127167,0.994257931
ENSG00000171566,PLRG1,0.929131272,0.994257931
ENSG00000221909,FAM200A,0.929328054,0.994257931
ENSG00000259326,.,0.929331873,0.994257931
ENSG00000255090,.,0.929380529,0.994257931
ENSG00000178605,GTPBP6,0.929412531,0.994257931
ENSG00000111325,OGFOD2,0.929436381,0.994257931
ENSG00000127324,TSPAN8,0.929562333,0.994257931
ENSG00000132359,RAP1GAP2,0.929685272,0.994257931
ENSG00000169964,TMEM42,0.929746095,0.994257931
ENSG00000070501,POLB,0.929789458,0.994257931
ENSG00000168546,GFRA2,0.929791228,0.994257931
ENSG00000085719,CPNE3,0.929838487,0.994257931
ENSG00000166173,LARP6,0.929839903,0.994257931
ENSG00000204054,.,0.929878675,0.994257931
ENSG00000167487,KLHL26,0.929952187,0.994257931
ENSG00000188580,NKAIN2,0.929956899,0.994257931
ENSG00000137364,TPMT,0.929989127,0.994257931
ENSG00000134049,IER3IP1,0.930055102,0.994257931
ENSG00000106266,SNX8,0.930076391,0.994257931
ENSG00000187105,HEATR4,0.930246678,0.994257931
ENSG00000198598,MMP17,0.93026225,0.994257931
ENSG00000185946,RNPC3,0.930338599,0.994257931
ENSG00000243197,LSAMP-AS3,0.930350919,0.994257931
ENSG00000135914,HTR2B,0.930434644,0.994257931
ENSG00000225855,RUSC1-AS1,0.93049105,0.994257931
ENSG00000240053,LY6G5B,0.930572372,0.994257931
ENSG00000163016,ALMS1P,0.930634882,0.994257931
ENSG00000172840,PDP2,0.930636859,0.994257931
ENSG00000170027,YWHAG,0.930698307,0.994257931
ENSG00000185201,IFITM2,0.930798497,0.994257931
ENSG00000187773,FAM69C,0.930815878,0.994257931
ENSG00000127774,EMC6,0.930965643,0.994257931
ENSG00000168685,IL7R,0.930988916,0.994257931
ENSG00000165669,FAM204A,0.931063494,0.994257931
ENSG00000170448,NFXL1,0.931142432,0.994257931
ENSG00000134461,ANKRD16,0.931162591,0.994257931
ENSG00000148057,IDNK,0.931250898,0.994257931
ENSG00000169635,HIC2,0.931330003,0.994257931
ENSG00000114383,TUSC2,0.931392053,0.994257931
ENSG00000198075,SULT1C4,0.931420168,0.994257931
ENSG00000053372,MRTO4,0.931504664,0.994257931
ENSG00000170500,LONRF2,0.931536761,0.994257931
ENSG00000179387,ELMOD2,0.931550737,0.994257931
ENSG00000139350,NEDD1,0.931563902,0.994257931
ENSG00000187193,MT1X,0.931629478,0.994257931
ENSG00000179134,SAMD4B,0.931845237,0.994257931
ENSG00000145832,SLC25A48,0.931860401,0.994257931
ENSG00000132842,AP3B1,0.931930919,0.994257931
ENSG00000226306,NPY6R,0.931947655,0.994257931
ENSG00000143418,CERS2,0.93195847,0.994257931
ENSG00000162670,FAM5C,0.931965561,0.994257931
ENSG00000144596,GRIP2,0.932103301,0.994257931
ENSG00000184674,GSTT1,0.932105369,0.994257931
ENSG00000160307,S100B,0.932217506,0.994257931
ENSG00000213197,.,0.932241152,0.994257931
ENSG00000136099,PCDH8,0.932288454,0.994257931
ENSG00000116062,MSH6,0.932365676,0.994257931
ENSG00000177426,TGIF1,0.932402979,0.994257931
ENSG00000203867,RBM20,0.932505745,0.994257931
ENSG00000014919,COX15,0.932506541,0.994257931
ENSG00000175538,KCNE3,0.932712605,0.994413082
ENSG00000070081,NUCB2,0.932861937,0.99450583
ENSG00000175938,ORAI3,0.932920709,0.99450583
ENSG00000164961,KIAA0196,0.933101108,0.994633575
ENSG00000084444,KIAA1467,0.933667772,0.994694008
ENSG00000108474,PIGL,0.933671515,0.994694008
ENSG00000101843,PSMD10,0.933701489,0.994694008
ENSG00000128564,VGF,0.933774643,0.994694008
ENSG00000229989,.,0.933802352,0.994694008
ENSG00000153113,CAST,0.933881521,0.994694008
ENSG00000102290,PCDH11X,0.933890798,0.994694008
ENSG00000197753,LHFPL5,0.934045111,0.994694008
ENSG00000101265,RASSF2,0.934149705,0.994694008
ENSG00000168005,C11orf84,0.934176184,0.994694008
ENSG00000138735,PDE5A,0.934266366,0.994694008
ENSG00000011198,ABHD5,0.934271229,0.994694008
ENSG00000144228,SPOPL,0.934280866,0.994694008
ENSG00000241218,.,0.934289776,0.994694008
ENSG00000130477,UNC13A,0.934321984,0.994694008
ENSG00000124205,EDN3,0.934411574,0.994694008
ENSG00000124098,FAM210B,0.934460486,0.994694008
ENSG00000177189,RPS6KA3,0.934512487,0.994694008
ENSG00000163749,CCDC158,0.934520072,0.994694008
ENSG00000204794,PGM5P1,0.934576196,0.994694008
ENSG00000163482,STK36,0.934640084,0.994694008
ENSG00000172239,PAIP1,0.934666826,0.994694008
ENSG00000236029,.,0.934786043,0.994694008
ENSG00000011677,GABRA3,0.934800466,0.994694008
ENSG00000260572,.,0.935024488,0.994694008
ENSG00000113732,ATP6V0E1,0.935030311,0.994694008
ENSG00000144749,LRIG1,0.935088546,0.994694008
ENSG00000077152,UBE2T,0.935088871,0.994694008
ENSG00000154478,GPR26,0.93511757,0.994694008
ENSG00000165591,FAAH2,0.935268605,0.994694008
ENSG00000123395,C12orf44,0.935313401,0.994694008
ENSG00000115041,KCNIP3,0.935359094,0.994694008
ENSG00000236163,.,0.935444852,0.994694008
ENSG00000205809,KLRC2,0.935457988,0.994694008
ENSG00000154813,DPH3,0.935461797,0.994694008
ENSG00000141576,RNF157,0.935470634,0.994694008
ENSG00000258485,.,0.935484069,0.994694008
ENSG00000139780,METTL21C,0.935526182,0.994694008
ENSG00000126746,ZNF384,0.935606752,0.994694008
ENSG00000099139,PCSK5,0.935607597,0.994694008
ENSG00000117245,KIF17,0.935642117,0.994694008
ENSG00000163430,FSTL1,0.935728936,0.994694008
ENSG00000160050,CCDC28B,0.935869923,0.994694008
ENSG00000081320,STK17B,0.935905169,0.994694008
ENSG00000164647,STEAP1,0.936060249,0.994694008
ENSG00000163463,KRTCAP2,0.936182792,0.994694008
ENSG00000165637,VDAC2,0.936191316,0.994694008
ENSG00000137819,PAQR5,0.936301686,0.994694008
ENSG00000226328,.,0.936332915,0.994694008
ENSG00000113739,STC2,0.936551985,0.994694008
ENSG00000122417,ODF2L,0.936565968,0.994694008
ENSG00000133121,STARD13,0.936583097,0.994694008
ENSG00000167220,HDHD2,0.936651059,0.994694008
ENSG00000185904,.,0.936689365,0.994694008
ENSG00000148803,FUOM,0.936746907,0.994694008
ENSG00000268362,.,0.936777109,0.994694008
ENSG00000011638,TMEM159,0.936895544,0.994694008
ENSG00000149582,TMEM25,0.936966194,0.994694008
ENSG00000154803,FLCN,0.937017408,0.994694008
ENSG00000187391,MAGI2,0.937062245,0.994694008
ENSG00000072401,UBE2D1,0.937206374,0.994694008
ENSG00000197256,KANK2,0.93730263,0.994694008
ENSG00000100058,CRYBB2P1,0.937346207,0.994694008
ENSG00000140451,PIF1,0.937483326,0.994694008
ENSG00000163840,DTX3L,0.9376104,0.994694008
ENSG00000100678,SLC8A3,0.937619496,0.994694008
ENSG00000151617,EDNRA,0.937676841,0.994694008
ENSG00000240219,.,0.937758082,0.994694008
ENSG00000260372,AQP4-AS1,0.937793736,0.994694008
ENSG00000121940,CLCC1,0.937820482,0.994694008
ENSG00000106771,TMEM245,0.937869306,0.994694008
ENSG00000196132,MYT1,0.93797667,0.994694008
ENSG00000146021,KLHL3,0.938011509,0.994694008
ENSG00000177600,RPLP2,0.938334563,0.994694008
ENSG00000127990,SGCE,0.938377687,0.994694008
ENSG00000124786,SLC35B3,0.938424327,0.994694008
ENSG00000090905,TNRC6A,0.938557694,0.994694008
ENSG00000139826,ABHD13,0.938592064,0.994694008
ENSG00000167770,OTUB1,0.938599732,0.994694008
ENSG00000014641,MDH1,0.938780437,0.994694008
ENSG00000004059,ARF5,0.938793639,0.994694008
ENSG00000106976,DNM1,0.938798225,0.994694008
ENSG00000173209,AHSA2,0.938831489,0.994694008
ENSG00000184277,TM2D3,0.938846139,0.994694008
ENSG00000124074,ENKD1,0.938921083,0.994694008
ENSG00000138600,SPPL2A,0.938928416,0.994694008
ENSG00000166949,SMAD3,0.938992255,0.994694008
ENSG00000172530,BANP,0.939016143,0.994694008
ENSG00000164841,TMEM74,0.93911407,0.994694008
ENSG00000186675,MAGEE2,0.939148789,0.994694008
ENSG00000260816,.,0.93919159,0.994694008
ENSG00000130816,DNMT1,0.939243484,0.994694008
ENSG00000171790,SLFNL1,0.939267363,0.994694008
ENSG00000121742,GJB6,0.939305098,0.994694008
ENSG00000185658,BRWD1,0.93933099,0.994694008
ENSG00000068400,GRIPAP1,0.93949449,0.994694008
ENSG00000128918,ALDH1A2,0.939587846,0.994694008
ENSG00000104635,SLC39A14,0.939598627,0.994694008
ENSG00000141519,CCDC40,0.939641879,0.994694008
ENSG00000225921,NOL7,0.939752321,0.994694008
ENSG00000155530,LRGUK,0.93980461,0.994694008
ENSG00000147533,GOLGA7,0.939957277,0.994694008
ENSG00000177873,ZNF619,0.94004696,0.994694008
ENSG00000204219,TCEA3,0.940069656,0.994694008
ENSG00000185065,.,0.940093843,0.994694008
ENSG00000170419,VSTM2A,0.940106154,0.994694008
ENSG00000147457,CHMP7,0.940177553,0.994694008
ENSG00000155975,VPS37A,0.940408467,0.994694008
ENSG00000163348,PYGO2,0.940427474,0.994694008
ENSG00000067829,IDH3G,0.940537273,0.994694008
ENSG00000165704,HPRT1,0.940608717,0.994694008
ENSG00000163975,MFI2,0.94062542,0.994694008
ENSG00000248441,.,0.94064769,0.994694008
ENSG00000176845,METRNL,0.940673631,0.994694008
ENSG00000111678,C12orf57,0.940714828,0.994694008
ENSG00000125651,GTF2F1,0.940716838,0.994694008
ENSG00000128242,GAL3ST1,0.940749837,0.994694008
ENSG00000185418,TARSL2,0.940749854,0.994694008
ENSG00000101438,SLC32A1,0.9408033,0.994694008
ENSG00000166086,JAM3,0.940880781,0.994694008
ENSG00000131044,TTLL9,0.940944811,0.994694008
ENSG00000146090,RASGEF1C,0.940945831,0.994694008
ENSG00000140993,TIGD7,0.940950102,0.994694008
ENSG00000089639,GMIP,0.941129945,0.994694008
ENSG00000163050,ADCK3,0.941146198,0.994694008
ENSG00000214776,.,0.941155887,0.994694008
ENSG00000161647,MPP3,0.941219019,0.994694008
ENSG00000079459,FDFT1,0.941487605,0.994694008
ENSG00000144285,SCN1A,0.941552119,0.994694008
ENSG00000104884,ERCC2,0.941555505,0.994694008
ENSG00000100014,SPECC1L,0.941641714,0.994694008
ENSG00000102230,PCYT1B,0.941706952,0.994694008
ENSG00000166734,CASC4,0.941884582,0.994694008
ENSG00000156711,MAPK13,0.942032491,0.994694008
ENSG00000118922,KLF12,0.942065542,0.994694008
ENSG00000140386,SCAPER,0.942096984,0.994694008
ENSG00000204599,TRIM39,0.942131747,0.994694008
ENSG00000120802,TMPO,0.94223506,0.994694008
ENSG00000172062,SMN1,0.942442029,0.994694008
ENSG00000134508,CABLES1,0.94246834,0.994694008
ENSG00000160948,VPS28,0.942477148,0.994694008
ENSG00000227081,.,0.942506843,0.994694008
ENSG00000187325,TAF9B,0.942609709,0.994694008
ENSG00000110063,DCPS,0.942714775,0.994694008
ENSG00000104863,LIN7B,0.942744846,0.994694008
ENSG00000104164,BLOC1S6,0.942870542,0.994694008
ENSG00000119685,TTLL5,0.942949037,0.994694008
ENSG00000206077,ZDHHC11B,0.943038164,0.994694008
ENSG00000213654,GPSM3,0.943041063,0.994694008
ENSG00000156599,ZDHHC5,0.943099062,0.994694008
ENSG00000102753,KPNA3,0.943127059,0.994694008
ENSG00000078808,SDF4,0.943156132,0.994694008
ENSG00000139865,TTC6,0.943160206,0.994694008
ENSG00000183155,RABIF,0.943277724,0.994694008
ENSG00000162695,SLC30A7,0.943285727,0.994694008
ENSG00000163624,CDS1,0.943542381,0.994694008
ENSG00000131711,MAP1B,0.943615113,0.994694008
ENSG00000235999,.,0.943624074,0.994694008
ENSG00000232486,.,0.943659736,0.994694008
ENSG00000233393,.,0.943707604,0.994694008
ENSG00000236714,.,0.943810848,0.994694008
ENSG00000113312,TTC1,0.943849926,0.994694008
ENSG00000215908,CROCCP2,0.943851338,0.994694008
ENSG00000198954,KIAA1279,0.943893311,0.994694008
ENSG00000158352,SHROOM4,0.944005473,0.994694008
ENSG00000186523,FAM86B1,0.944153507,0.994694008
ENSG00000143257,NR1I3,0.944160208,0.994694008
ENSG00000267006,.,0.944202158,0.994694008
ENSG00000177981,ASB8,0.944206318,0.994694008
ENSG00000123600,METTL8,0.944230944,0.994694008
ENSG00000072062,PRKACA,0.94431229,0.994694008
ENSG00000101670,LIPG,0.944431796,0.994694008
ENSG00000243232,PCDHAC2,0.944717749,0.994694008
ENSG00000104960,PTOV1,0.944759025,0.994694008
ENSG00000156110,ADK,0.944836136,0.994694008
ENSG00000115593,SMYD1,0.944850759,0.994694008
ENSG00000150457,LATS2,0.944854078,0.994694008
ENSG00000258486,RN7SL1,0.944986439,0.994694008
ENSG00000145331,TRMT10A,0.945025979,0.994694008
ENSG00000170915,PAQR8,0.945040477,0.994694008
ENSG00000236901,MIR600HG,0.94517491,0.994694008
ENSG00000181631,P2RY13,0.945181558,0.994694008
ENSG00000131652,THOC6,0.945198658,0.994694008
ENSG00000181896,ZNF101,0.945302858,0.994694008
ENSG00000182021,.,0.945308783,0.994694008
ENSG00000129071,MBD4,0.945517452,0.994694008
ENSG00000119547,ONECUT2,0.945572555,0.994694008
ENSG00000134294,SLC38A2,0.945595721,0.994694008
ENSG00000121440,PDZRN3,0.945649992,0.994694008
ENSG00000086504,MRPL28,0.945754244,0.994694008
ENSG00000224023,.,0.945765815,0.994694008
ENSG00000225151,.,0.945958089,0.994694008
ENSG00000174059,CD34,0.946191391,0.994694008
ENSG00000240849,TMEM189,0.946242768,0.994694008
ENSG00000081853,PCDHGA2,0.946272607,0.994694008
ENSG00000169972,PUSL1,0.946341855,0.994694008
ENSG00000206190,ATP10A,0.946354649,0.994694008
ENSG00000124766,SOX4,0.946366083,0.994694008
ENSG00000172260,NEGR1,0.946418834,0.994694008
ENSG00000217236,SP9,0.946527096,0.994694008
ENSG00000248738,.,0.946536979,0.994694008
ENSG00000154957,ZNF18,0.946552435,0.994694008
ENSG00000076108,BAZ2A,0.946554314,0.994694008
ENSG00000203710,CR1,0.94656754,0.994694008
ENSG00000144668,ITGA9,0.946598733,0.994694008
ENSG00000172315,TP53RK,0.946605322,0.994694008
ENSG00000198554,WDHD1,0.946632563,0.994694008
ENSG00000235008,.,0.946655973,0.994694008
ENSG00000234608,MAPKAPK5-AS1,0.946693103,0.994694008
ENSG00000249006,.,0.946735796,0.994694008
ENSG00000128989,ARPP19,0.946789327,0.994694008
ENSG00000266935,.,0.946800201,0.994694008
ENSG00000075399,VPS9D1,0.946861799,0.994694008
ENSG00000260359,.,0.94691907,0.994694008
ENSG00000118307,CASC1,0.946944001,0.994694008
ENSG00000205081,CXorf30,0.94702606,0.994694008
ENSG00000114982,KANSL3,0.947124503,0.994694008
ENSG00000165355,FBXO33,0.947177739,0.994694008
ENSG00000102221,PHF16,0.947342318,0.994694008
ENSG00000143190,POU2F1,0.947418698,0.994694008
ENSG00000169567,HINT1,0.94746167,0.994694008
ENSG00000117481,NSUN4,0.947493946,0.994694008
ENSG00000142186,SCYL1,0.947557121,0.994694008
ENSG00000110025,SNX15,0.947571607,0.994694008
ENSG00000235954,TTC28-AS1,0.947653019,0.994694008
ENSG00000078549,ADCYAP1R1,0.947738231,0.994694008
ENSG00000127483,HP1BP3,0.94775518,0.994694008
ENSG00000268182,.,0.947787488,0.994694008
ENSG00000075914,EXOSC7,0.947787525,0.994694008
ENSG00000156463,SH3RF2,0.947806719,0.994694008
ENSG00000253854,.,0.947894495,0.994694008
ENSG00000144410,CPO,0.94795459,0.994694008
ENSG00000177483,RBM44,0.948009537,0.994694008
ENSG00000075945,KIFAP3,0.948039723,0.994694008
ENSG00000115353,TACR1,0.948087672,0.994694008
ENSG00000029364,SLC39A9,0.948157574,0.994694008
ENSG00000161999,JMJD8,0.9483721,0.994694008
ENSG00000087301,TXNDC16,0.948421787,0.994694008
ENSG00000261451,.,0.948454392,0.994694008
ENSG00000135953,MFSD9,0.948500158,0.994694008
ENSG00000145908,ZNF300,0.948661707,0.994694008
ENSG00000123136,DDX39A,0.94877627,0.994694008
ENSG00000114923,SLC4A3,0.948826704,0.994694008
ENSG00000079950,STX7,0.948829722,0.994694008
ENSG00000138271,GPR87,0.94884999,0.994694008
ENSG00000206560,ANKRD28,0.948873545,0.994694008
ENSG00000259380,.,0.948938378,0.994694008
ENSG00000144712,CAND2,0.948950446,0.994694008
ENSG00000166340,TPP1,0.948981495,0.994694008
ENSG00000171462,DLK2,0.94898781,0.994694008
ENSG00000255580,.,0.949014763,0.994694008
ENSG00000224152,.,0.949095406,0.994694008
ENSG00000250049,.,0.94914067,0.994694008
ENSG00000102265,TIMP1,0.949141486,0.994694008
ENSG00000205339,IPO7,0.949199051,0.994694008
ENSG00000115239,ASB3,0.949247632,0.994694008
ENSG00000262814,MRPL12,0.94930213,0.994694008
ENSG00000139514,SLC7A1,0.94936104,0.994694008
ENSG00000167191,GPRC5B,0.949388533,0.994694008
ENSG00000263906,.,0.949407439,0.994694008
ENSG00000089723,OTUB2,0.949425762,0.994694008
ENSG00000261033,.,0.949462275,0.994694008
ENSG00000170222,ADPRM,0.949488121,0.994694008
ENSG00000164306,CCDC111,0.949534064,0.994694008
ENSG00000174808,BTC,0.949619472,0.994694008
ENSG00000185246,PRPF39,0.949676802,0.994694008
ENSG00000162699,DNAJA1P5,0.949700088,0.994694008
ENSG00000185862,EVI2B,0.949796855,0.994694008
ENSG00000214188,ST7-OT4,0.949889439,0.994694008
ENSG00000143224,PPOX,0.949927196,0.994694008
ENSG00000250320,.,0.950043193,0.994694008
ENSG00000167065,DUSP18,0.950090852,0.994694008
ENSG00000164933,SLC25A32,0.950135564,0.994694008
ENSG00000176381,PRR18,0.950180706,0.994694008
ENSG00000151893,CACUL1,0.950182551,0.994694008
ENSG00000108587,GOSR1,0.950343205,0.994694008
ENSG00000079482,OPHN1,0.950441519,0.994694008
ENSG00000130921,C12orf65,0.950487566,0.994694008
ENSG00000128045,RASL11B,0.950489303,0.994694008
ENSG00000162236,STX5,0.950521861,0.994694008
ENSG00000105771,SMG9,0.950672762,0.994694008
ENSG00000137343,ATAT1,0.950822344,0.994694008
ENSG00000172794,RAB37,0.950843395,0.994694008
ENSG00000256087,ZNF432,0.950882381,0.994694008
ENSG00000154370,TRIM11,0.950893427,0.994694008
ENSG00000258768,.,0.950898044,0.994694008
ENSG00000187486,KCNJ11,0.950977762,0.994694008
ENSG00000125931,CITED1,0.950991442,0.994694008
ENSG00000135913,USP37,0.951035208,0.994694008
ENSG00000088325,TPX2,0.951133778,0.994694008
ENSG00000168894,RNF181,0.951150553,0.994694008
ENSG00000166682,TMPRSS5,0.95126469,0.994694008
ENSG00000235919,ASH1L-AS1,0.951313521,0.994694008
ENSG00000171476,HOPX,0.951341951,0.994694008
ENSG00000187605,TET3,0.951354795,0.994694008
ENSG00000259523,.,0.951366352,0.994694008
ENSG00000163006,CCDC138,0.951413053,0.994694008
ENSG00000162522,KIAA1522,0.951461661,0.994694008
ENSG00000082126,MPP4,0.951514095,0.994694008
ENSG00000216937,CCDC7,0.951536777,0.994694008
ENSG00000070159,PTPN3,0.951630801,0.994694008
ENSG00000122035,RASL11A,0.951650285,0.994694008
ENSG00000171735,CAMTA1,0.951662538,0.994694008
ENSG00000169436,COL22A1,0.951669286,0.994694008
ENSG00000181656,GPR88,0.951904693,0.994694008
ENSG00000242288,.,0.951952276,0.994694008
ENSG00000138640,FAM13A,0.952057015,0.994694008
ENSG00000054983,GALC,0.952200087,0.994694008
ENSG00000177679,SRRM3,0.952234386,0.994694008
ENSG00000115392,FANCL,0.952268887,0.994694008
ENSG00000198000,NOL8,0.952345291,0.994694008
ENSG00000047578,KIAA0556,0.952427814,0.994694008
ENSG00000165282,PIGO,0.95244024,0.994694008
ENSG00000163683,C4orf34,0.952471964,0.994694008
ENSG00000106236,NPTX2,0.952564912,0.994694008
ENSG00000182218,HHIPL1,0.952669161,0.994694008
ENSG00000242071,RPL7AP6,0.95277424,0.994694008
ENSG00000105856,HBP1,0.952836345,0.994694008
ENSG00000078804,TP53INP2,0.952914054,0.994694008
ENSG00000007392,LUC7L,0.95302131,0.994694008
ENSG00000256162,.,0.953032792,0.994694008
ENSG00000111371,SLC38A1,0.953060498,0.994694008
ENSG00000154727,GABPA,0.953261652,0.994694008
ENSG00000167232,ZNF91,0.953319541,0.994694008
ENSG00000249244,.,0.953445028,0.994694008
ENSG00000173846,PLK3,0.953486978,0.994694008
ENSG00000186453,FAM228A,0.953490794,0.994694008
ENSG00000075539,FRYL,0.953497429,0.994694008
ENSG00000162714,ZNF496,0.953520254,0.994694008
ENSG00000103269,RHBDL1,0.953670055,0.994694008
ENSG00000225449,.,0.953683751,0.994694008
ENSG00000132912,DCTN4,0.953718157,0.994694008
ENSG00000100216,TOMM22,0.953727463,0.994694008
ENSG00000136193,SCRN1,0.953808477,0.994694008
ENSG00000162572,SCNN1D,0.953987606,0.994694008
ENSG00000184441,.,0.954007715,0.994694008
ENSG00000251429,.,0.954025413,0.994694008
ENSG00000100031,GGT1,0.954025602,0.994694008
ENSG00000231187,.,0.954191587,0.994694008
ENSG00000145147,SLIT2,0.954239153,0.994694008
ENSG00000106078,COBL,0.95424881,0.994694008
ENSG00000120278,PLEKHG1,0.954386892,0.994694008
ENSG00000168152,THAP9,0.954458736,0.994694008
ENSG00000188313,PLSCR1,0.954541022,0.994694008
ENSG00000168884,TNIP2,0.954549974,0.994694008
ENSG00000124370,MCEE,0.954622293,0.994694008
ENSG00000139537,CCDC65,0.954632092,0.994694008
ENSG00000168288,MMADHC,0.954739257,0.994694008
ENSG00000159640,ACE,0.954773342,0.994694008
ENSG00000150760,DOCK1,0.954817562,0.994694008
ENSG00000004838,ZMYND10,0.954865363,0.994694008
ENSG00000188316,ENO4,0.95490391,0.994694008
ENSG00000163113,OTUD7B,0.954905086,0.994694008
ENSG00000136531,SCN2A,0.954953344,0.994694008
ENSG00000070808,CAMK2A,0.954957637,0.994694008
ENSG00000242588,.,0.955239348,0.994694008
ENSG00000065154,OAT,0.95527053,0.994694008
ENSG00000165816,VWA2,0.955285384,0.994694008
ENSG00000094975,SUCO,0.955293132,0.994694008
ENSG00000113845,TIMMDC1,0.955375466,0.994694008
ENSG00000137216,TMEM63B,0.955400517,0.994694008
ENSG00000204525,HLA-C,0.955526773,0.994694008
ENSG00000167654,ATCAY,0.955632742,0.994694008
ENSG00000130204,TOMM40,0.955832338,0.994694008
ENSG00000164815,ORC5,0.955864066,0.994694008
ENSG00000115257,PCSK4,0.955923501,0.994694008
ENSG00000220201,ZGLP1,0.956010106,0.994694008
ENSG00000148408,CACNA1B,0.95607359,0.994694008
ENSG00000183666,GUSBP1,0.956125346,0.994694008
ENSG00000039319,ZFYVE16,0.956302204,0.994694008
ENSG00000161671,EMC10,0.956371316,0.994694008
ENSG00000229029,.,0.956415245,0.994694008
ENSG00000072071,LPHN1,0.956461891,0.994694008
ENSG00000188536,HBA2,0.956494877,0.994694008
ENSG00000138658,C4orf21,0.956563909,0.994694008
ENSG00000261269,.,0.956571764,0.994694008
ENSG00000101384,JAG1,0.956663132,0.994694008
ENSG00000060138,CSDA,0.95666793,0.994694008
ENSG00000261533,.,0.956671792,0.994694008
ENSG00000171953,ATPAF2,0.956768811,0.994694008
ENSG00000105258,POLR2I,0.956790144,0.994694008
ENSG00000168807,SNTB2,0.956876116,0.994694008
ENSG00000189181,OR14I1,0.95688804,0.994694008
ENSG00000140009,ESR2,0.956912796,0.994694008
ENSG00000138613,APH1B,0.957007623,0.994694008
ENSG00000203504,.,0.957096759,0.994694008
ENSG00000136824,SMC2,0.957139411,0.994694008
ENSG00000161513,FDXR,0.957221941,0.994694008
ENSG00000089682,RBM41,0.957339193,0.994694008
ENSG00000158560,DYNC1I1,0.957463583,0.994694008
ENSG00000138741,TRPC3,0.95746517,0.994694008
ENSG00000169758,C15orf27,0.957469959,0.994694008
ENSG00000146938,NLGN4X,0.957498296,0.994694008
ENSG00000160888,IER2,0.957562377,0.994694008
ENSG00000197712,FAM114A1,0.957578859,0.994694008
ENSG00000100884,CPNE6,0.957600634,0.994694008
ENSG00000126953,TIMM8A,0.957755025,0.994694008
ENSG00000092470,WDR76,0.957838835,0.994694008
ENSG00000196396,PTPN1,0.957868626,0.994694008
ENSG00000009780,FAM76A,0.957895979,0.994694008
ENSG00000174428,GTF2IRD2B,0.957920426,0.994694008
ENSG00000149489,ROM1,0.958187681,0.994694008
ENSG00000163453,IGFBP7,0.958211318,0.994694008
ENSG00000172336,POP7,0.958213655,0.994694008
ENSG00000138207,RBP4,0.958335136,0.994694008
ENSG00000102981,PARD6A,0.958391823,0.994694008
ENSG00000143786,CNIH3,0.95850189,0.994694008
ENSG00000143126,CELSR2,0.958607054,0.994694008
ENSG00000253284,.,0.958608237,0.994694008
ENSG00000244694,PTCHD4,0.95865604,0.994694008
ENSG00000107223,EDF1,0.95866935,0.994694008
ENSG00000171368,TPPP,0.958761002,0.994694008
ENSG00000102078,SLC25A14,0.958781738,0.994694008
ENSG00000103479,RBL2,0.958783667,0.994694008
ENSG00000175106,FAM18B2,0.958818023,0.994694008
ENSG00000128245,YWHAH,0.958907748,0.994694008
ENSG00000139625,MAP3K12,0.958923277,0.994694008
ENSG00000105723,GSK3A,0.95897723,0.994694008
ENSG00000232599,.,0.95898195,0.994694008
ENSG00000252481,SCARNA13,0.958994729,0.994694008
ENSG00000228409,CCT6P1,0.959030545,0.994694008
ENSG00000131398,KCNC3,0.959065236,0.994694008
ENSG00000132612,VPS4A,0.959105962,0.994694008
ENSG00000179774,ATOH7,0.95911205,0.994694008
ENSG00000224281,SLC25A5-AS1,0.959114978,0.994694008
ENSG00000169372,CRADD,0.959118454,0.994694008
ENSG00000154359,LONRF1,0.959126124,0.994694008
ENSG00000155093,PTPRN2,0.959136063,0.994694008
ENSG00000140365,COMMD4,0.959141102,0.994694008
ENSG00000158092,NCK1,0.959202024,0.994694376
ENSG00000133958,UNC79,0.959373378,0.994699722
ENSG00000161940,BCL6B,0.959378412,0.994699722
ENSG00000139132,FGD4,0.959423249,0.994699722
ENSG00000111817,DSE,0.959494727,0.994699722
ENSG00000111666,CHPT1,0.959539699,0.994699722
ENSG00000136156,ITM2B,0.959570583,0.994699722
ENSG00000198794,SCAMP5,0.95979606,0.994870657
ENSG00000157833,FAM59B,0.959858797,0.994872895
ENSG00000162368,CMPK1,0.960006243,0.994962927
ENSG00000176454,LPCAT4,0.960133072,0.99503158
ENSG00000105738,SIPA1L3,0.960332227,0.995175175
ENSG00000174740,PABPC5,0.960453816,0.995202157
ENSG00000129534,MIS18BP1,0.960604109,0.995202157
ENSG00000079387,SENP1,0.960641891,0.995202157
ENSG00000269614,.,0.960875357,0.995202157
ENSG00000181610,MRPS23,0.96088686,0.995202157
ENSG00000078674,PCM1,0.960905154,0.995202157
ENSG00000197405,C5AR1,0.96092291,0.995202157
ENSG00000110713,NUP98,0.960935772,0.995202157
ENSG00000104140,RHOV,0.960981752,0.995202157
ENSG00000115504,EHBP1,0.961112277,0.995202157
ENSG00000126858,RHOT1,0.961150464,0.995202157
ENSG00000161558,TMEM143,0.961166113,0.995202157
ENSG00000114784,EIF1B,0.961173162,0.995202157
ENSG00000204316,MRPL38,0.961206638,0.995202157
ENSG00000104435,STMN2,0.961357122,0.995263592
ENSG00000183775,KCTD16,0.961387178,0.995263592
ENSG00000160781,PAQR6,0.961486265,0.995291363
ENSG00000071205,ARHGAP10,0.961535211,0.995291363
ENSG00000133069,TMCC2,0.961656533,0.995322911
ENSG00000113643,RARS,0.961772695,0.995322911
ENSG00000244306,.,0.961796358,0.995322911
ENSG00000254087,LYN,0.96180811,0.995322911
ENSG00000103042,SLC38A7,0.961961211,0.995418623
ENSG00000168159,RNF187,0.962042537,0.995440057
ENSG00000074582,BCS1L,0.962335907,0.995624179
ENSG00000131724,IL13RA1,0.962463573,0.995624179
ENSG00000160588,MPZL3,0.9625106,0.995624179
ENSG00000151304,SRFBP1,0.962519263,0.995624179
ENSG00000106804,C5,0.9625236,0.995624179
ENSG00000265590,.,0.963024118,0.996045036
ENSG00000090975,PITPNM2,0.963180165,0.996045036
ENSG00000182310,LINC00085,0.963184733,0.996045036
ENSG00000129167,TPH1,0.963222817,0.996045036
ENSG00000111335,OAS2,0.963242418,0.996045036
ENSG00000251442,.,0.96341726,0.996045036
ENSG00000011566,MAP4K3,0.963485024,0.996045036
ENSG00000228506,.,0.9635601,0.996045036
ENSG00000196559,LINC00610,0.963778186,0.996045036
ENSG00000187824,TMEM220,0.963873575,0.996045036
ENSG00000243147,MRPL33,0.963875939,0.996045036
ENSG00000197045,GMFB,0.963891797,0.996045036
ENSG00000196139,AKR1C3,0.964018963,0.996045036
ENSG00000100302,RASD2,0.964061261,0.996045036
ENSG00000172671,ZFAND4,0.964110791,0.996045036
ENSG00000164144,ARFIP1,0.964128377,0.996045036
ENSG00000112159,MDN1,0.964229713,0.996045036
ENSG00000259976,.,0.964468986,0.996045036
ENSG00000240370,RPL13P5,0.964525763,0.996045036
ENSG00000162461,SLC25A34,0.964539585,0.996045036
ENSG00000139714,MORN3,0.964607708,0.996045036
ENSG00000263146,.,0.964644334,0.996045036
ENSG00000112139,MDGA1,0.964754002,0.996045036
ENSG00000100350,FOXRED2,0.96476571,0.996045036
ENSG00000166140,ZFYVE19,0.964775046,0.996045036
ENSG00000117281,CD160,0.964844775,0.996045036
ENSG00000234684,SDCBP2-AS1,0.964888591,0.996045036
ENSG00000039650,PNKP,0.965008169,0.996045036
ENSG00000171223,JUNB,0.9651822,0.996045036
ENSG00000070882,OSBPL3,0.965182921,0.996045036
ENSG00000245146,.,0.965191184,0.996045036
ENSG00000124541,RRP36,0.965328186,0.996045036
ENSG00000253598,SLC10A5,0.965344447,0.996045036
ENSG00000118363,SPCS2,0.965489326,0.996045036
ENSG00000228782,MRPL45P2,0.965497383,0.996045036
ENSG00000131373,HACL1,0.965520729,0.996045036
ENSG00000247950,SEC24B-AS1,0.965521002,0.996045036
ENSG00000153936,HS2ST1,0.965527985,0.996045036
ENSG00000144021,CIAO1,0.965588685,0.996045036
ENSG00000186001,LRCH3,0.965593872,0.996045036
ENSG00000196968,FUT11,0.965655182,0.996045036
ENSG00000183207,RUVBL2,0.965673138,0.996045036
ENSG00000180346,TIGD2,0.965728538,0.996045036
ENSG00000204217,BMPR2,0.965748491,0.996045036
ENSG00000186517,ARHGAP30,0.965753336,0.996045036
ENSG00000174611,KY,0.965761798,0.996045036
ENSG00000112343,TRIM38,0.965823346,0.996045036
ENSG00000180914,OXTR,0.965841636,0.996045036
ENSG00000185015,CA13,0.966030461,0.996146295
ENSG00000242372,EIF6,0.966061136,0.996146295
ENSG00000128923,FAM63B,0.966218302,0.99620612
ENSG00000136925,TSTD2,0.96637579,0.99620612
ENSG00000004139,SARM1,0.966516555,0.99620612
ENSG00000086666,ZFAND6,0.966550749,0.99620612
ENSG00000155545,MIER3,0.966849509,0.99620612
ENSG00000177674,AGTRAP,0.966946187,0.99620612
ENSG00000127152,BCL11B,0.966963794,0.99620612
ENSG00000225138,.,0.967020543,0.99620612
ENSG00000111832,RWDD1,0.967022348,0.99620612
ENSG00000102287,GABRE,0.967032546,0.99620612
ENSG00000269486,.,0.967041656,0.99620612
ENSG00000075142,SRI,0.967105989,0.99620612
ENSG00000226121,.,0.967155587,0.99620612
ENSG00000147955,SIGMAR1,0.967168726,0.99620612
ENSG00000106823,ECM2,0.967169349,0.99620612
ENSG00000158163,DZIP1L,0.967266843,0.99620612
ENSG00000095139,ARCN1,0.967310947,0.99620612
ENSG00000090339,ICAM1,0.967314806,0.99620612
ENSG00000112578,BYSL,0.967318636,0.99620612
ENSG00000205978,NYNRIN,0.96743133,0.99620612
ENSG00000163406,SLC15A2,0.967667615,0.99620612
ENSG00000152931,PART1,0.967728488,0.99620612
ENSG00000145604,SKP2,0.96776133,0.99620612
ENSG00000244165,P2RY11,0.967764327,0.99620612
ENSG00000166446,CDYL2,0.967766281,0.99620612
ENSG00000112186,CAP2,0.96778476,0.99620612
ENSG00000108100,CCNY,0.967810048,0.99620612
ENSG00000069712,KIAA1107,0.967817612,0.99620612
ENSG00000250986,.,0.968010054,0.99634176
ENSG00000250422,.,0.968244675,0.996345368
ENSG00000228623,ZNF883,0.968263751,0.996345368
ENSG00000138821,SLC39A8,0.968423435,0.996345368
ENSG00000129657,SEC14L1,0.968441857,0.996345368
ENSG00000139044,B4GALNT3,0.968513649,0.996345368
ENSG00000159388,BTG2,0.968540461,0.996345368
ENSG00000241990,.,0.968540621,0.996345368
ENSG00000138434,SSFA2,0.968609824,0.996345368
ENSG00000242852,ZNF709,0.968676558,0.996345368
ENSG00000167723,TRPV3,0.968721705,0.996345368
ENSG00000176182,MYPOP,0.968764426,0.996345368
ENSG00000174482,LINGO2,0.968907982,0.996345368
ENSG00000140950,KIAA1609,0.968914315,0.996345368
ENSG00000256596,.,0.968984549,0.996345368
ENSG00000123595,RAB9A,0.969057839,0.996345368
ENSG00000130313,PGLS,0.969063958,0.996345368
ENSG00000151790,TDO2,0.969080089,0.996345368
ENSG00000163145,C1QTNF7,0.969160531,0.996345368
ENSG00000112679,DUSP22,0.969166246,0.996345368
ENSG00000124356,STAMBP,0.9697031,0.996815147
ENSG00000227518,MIR1302-10;MIR1302-11,0.969791732,0.996815147
ENSG00000122877,EGR2,0.969811261,0.996815147
ENSG00000133083,DCLK1,0.970019486,0.996815147
ENSG00000064270,ATP2C2,0.970136693,0.996815147
ENSG00000196123,KIAA0895L,0.970251465,0.996815147
ENSG00000225373,.,0.970290668,0.996815147
ENSG00000170430,MGMT,0.970466436,0.996815147
ENSG00000179119,SPTY2D1,0.970515026,0.996815147
ENSG00000154263,ABCA10,0.970560344,0.996815147
ENSG00000179085,DPM3,0.970665518,0.996815147
ENSG00000266718,.,0.970676849,0.996815147
ENSG00000153922,CHD1,0.970714651,0.996815147
ENSG00000203737,GPR52,0.970748149,0.996815147
ENSG00000138311,ZNF365,0.970847188,0.996815147
ENSG00000067141,NEO1,0.970996109,0.996815147
ENSG00000151929,BAG3,0.971001512,0.996815147
ENSG00000176903,PNMA1,0.971003582,0.996815147
ENSG00000240764,PCDHGC5,0.971050603,0.996815147
ENSG00000167525,PROCA1,0.971060111,0.996815147
ENSG00000116489,CAPZA1,0.971066875,0.996815147
ENSG00000228408,.,0.971074377,0.996815147
ENSG00000131437,KIF3A,0.971151273,0.996815147
ENSG00000145863,GABRA6,0.971344738,0.996815147
ENSG00000151239,TWF1,0.971348048,0.996815147
ENSG00000224713,.,0.971358088,0.996815147
ENSG00000220804,.,0.971424165,0.996815147
ENSG00000155034,FBXL18,0.971432894,0.996815147
ENSG00000148600,CDHR1,0.971470545,0.996815147
ENSG00000170832,USP32,0.971501113,0.996815147
ENSG00000137100,DCTN3,0.971505891,0.996815147
ENSG00000165138,ANKS6,0.971565491,0.996815147
ENSG00000088256,GNA11,0.971774846,0.996875006
ENSG00000131148,EMC8,0.971846073,0.996875006
ENSG00000105341,ATP5SL,0.971884342,0.996875006
ENSG00000141867,BRD4,0.972090488,0.996875006
ENSG00000166546,BEAN1,0.972128896,0.996875006
ENSG00000087995,METTL2A,0.972224768,0.996875006
ENSG00000130734,ATG4D,0.972253295,0.996875006
ENSG00000145736,GTF2H2,0.972300956,0.996875006
ENSG00000214654,.,0.972337508,0.996875006
ENSG00000145708,CRHBP,0.972410157,0.996875006
ENSG00000164100,NDST3,0.972559452,0.996875006
ENSG00000196535,MYO18A,0.972599131,0.996875006
ENSG00000116983,HPCAL4,0.972618734,0.996875006
ENSG00000100483,METTL21D,0.972625998,0.996875006
ENSG00000171045,TSNARE1,0.972652578,0.996875006
ENSG00000112531,QKI,0.972711437,0.996875006
ENSG00000099284,H2AFY2,0.972741812,0.996875006
ENSG00000115977,AAK1,0.972773488,0.996875006
ENSG00000183317,EPHA10,0.972777132,0.996875006
ENSG00000157107,FCHO2,0.973007398,0.997048761
ENSG00000069122,GPR116,0.97331565,0.99728237
ENSG00000005961,ITGA2B,0.973356824,0.99728237
ENSG00000112782,CLIC5,0.973521185,0.997388548
ENSG00000180596,HIST1H2BC,0.973781521,0.997593033
ENSG00000198839,ZNF277,0.974040536,0.997697868
ENSG00000128050,PAICS,0.974062056,0.997697868
ENSG00000261128,.,0.974066103,0.997697868
ENSG00000213380,COG8,0.974173178,0.997706746
ENSG00000126261,UBA2,0.974196273,0.997706746
ENSG00000189129,PLAC9,0.974355258,0.997807345
ENSG00000115827,DCAF17,0.974495802,0.997876853
ENSG00000070759,TESK2,0.974544653,0.997876853
ENSG00000160145,KALRN,0.974672064,0.99789192
ENSG00000116473,RAP1A,0.974680892,0.99789192
ENSG00000096384,HSP90AB1,0.974831006,0.997972457
ENSG00000178773,CPNE7,0.974938956,0.997972457
ENSG00000134802,SLC43A3,0.974948153,0.997972457
ENSG00000163312,HELQ,0.975013254,0.997972457
ENSG00000072609,CHFR,0.975078751,0.997972457
ENSG00000243649,CFB,0.975124156,0.997972457
ENSG00000108950,FAM20A,0.975252703,0.998021375
ENSG00000142409,ZNF787,0.975519736,0.998021375
ENSG00000137207,YIPF3,0.975523968,0.998021375
ENSG00000198026,ZNF335,0.975563888,0.998021375
ENSG00000206120,EGFEM1P,0.975615041,0.998021375
ENSG00000122786,CALD1,0.975738068,0.998021375
ENSG00000103051,COG4,0.975762303,0.998021375
ENSG00000179094,PER1,0.975763286,0.998021375
ENSG00000071794,HLTF,0.975906845,0.998021375
ENSG00000135898,GPR55,0.97590942,0.998021375
ENSG00000105323,HNRNPUL1,0.975916611,0.998021375
ENSG00000138411,HECW2,0.975964514,0.998021375
ENSG00000170854,MINA,0.975967021,0.998021375
ENSG00000112303,VNN2,0.976027005,0.998021375
ENSG00000184343,SRPK3,0.976145795,0.998021375
ENSG00000065911,MTHFD2,0.976192776,0.998021375
ENSG00000146151,HMGCLL1,0.976298135,0.998021375
ENSG00000165699,TSC1,0.976308276,0.998021375
ENSG00000260555,.,0.976415211,0.998021375
ENSG00000154229,PRKCA,0.976516109,0.998021375
ENSG00000172197,MBOAT1,0.976586869,0.998021375
ENSG00000111145,ELK3,0.976680287,0.998021375
ENSG00000148120,C9orf3,0.976788599,0.998021375
ENSG00000149575,SCN2B,0.976919239,0.998021375
ENSG00000178996,SNX18,0.976931699,0.998021375
ENSG00000064692,SNCAIP,0.976983824,0.998021375
ENSG00000260879,.,0.977032709,0.998021375
ENSG00000176884,GRIN1,0.977063653,0.998021375
ENSG00000260118,.,0.977085251,0.998021375
ENSG00000166136,NDUFB8,0.977107223,0.998021375
ENSG00000268865,.,0.977116373,0.998021375
ENSG00000146530,VWDE,0.977116586,0.998021375
ENSG00000115840,SLC25A12,0.977238057,0.998032133
ENSG00000148702,HABP2,0.97724866,0.998032133
ENSG00000203836,NBPF24,0.97742895,0.998152453
ENSG00000176734,TRIL,0.977537229,0.998152453
ENSG00000198369,SPRED2,0.977548806,0.998152453
ENSG00000120915,EPHX2,0.977614589,0.998157563
ENSG00000129197,RPAIN,0.977765796,0.998207405
ENSG00000197345,MRPL21,0.977814912,0.998207405
ENSG00000115841,FAM82A1,0.978002009,0.998207405
ENSG00000028137,TNFRSF1B,0.978016899,0.998207405
ENSG00000215386,LINC00478,0.978090766,0.998207405
ENSG00000166923,GREM1,0.97811289,0.998207405
ENSG00000214457,.,0.978140043,0.998207405
ENSG00000248115,.,0.978321996,0.998207405
ENSG00000129351,ILF3,0.978382684,0.998207405
ENSG00000136059,VILL,0.978437228,0.998207405
ENSG00000186272,ZNF17,0.978469402,0.998207405
ENSG00000171217,CLDN20,0.978486468,0.998207405
ENSG00000236144,.,0.978590483,0.998207405
ENSG00000255529,POLR2M,0.978602537,0.998207405
ENSG00000073711,PPP2R3A,0.978607556,0.998207405
ENSG00000184465,WDR27,0.978635903,0.998207405
ENSG00000163093,BBS5,0.97872193,0.998233154
ENSG00000100485,SOS2,0.978803277,0.998254127
ENSG00000094631,HDAC6,0.979303629,0.998368815
ENSG00000100097,LGALS1,0.979305015,0.998368815
ENSG00000168795,ZBTB5,0.979474601,0.998368815
ENSG00000183715,OPCML,0.979563394,0.998368815
ENSG00000125848,FLRT3,0.979687146,0.998368815
ENSG00000215241,.,0.979722592,0.998368815
ENSG00000102904,TSNAXIP1,0.979825041,0.998368815
ENSG00000155621,C9orf85,0.979827488,0.998368815
ENSG00000221914,PPP2R2A,0.979843932,0.998368815
ENSG00000050426,LETMD1,0.979861447,0.998368815
ENSG00000261485,PAN3-AS1,0.979900874,0.998368815
ENSG00000077809,GTF2I,0.979967853,0.998368815
ENSG00000137970,.,0.98016886,0.998368815
ENSG00000257818,.,0.980295014,0.998368815
ENSG00000159322,ADPGK,0.980345324,0.998368815
ENSG00000171130,ATP6V0E2,0.980367845,0.998368815
ENSG00000187239,FNBP1,0.980393933,0.998368815
ENSG00000149292,TTC12,0.98039427,0.998368815
ENSG00000070731,ST6GALNAC2,0.980518009,0.998368815
ENSG00000162998,FRZB,0.980538558,0.998368815
ENSG00000108666,C17orf75,0.980548027,0.998368815
ENSG00000064995,TAF11,0.980774671,0.998368815
ENSG00000139304,PTPRQ,0.980829257,0.998368815
ENSG00000185811,IKZF1,0.980928086,0.998368815
ENSG00000116525,TRIM62,0.981058942,0.998368815
ENSG00000166501,PRKCB,0.981082371,0.998368815
ENSG00000126860,EVI2A,0.981083406,0.998368815
ENSG00000115091,ACTR3,0.9811375,0.998368815
ENSG00000166575,TMEM135,0.98114123,0.998368815
ENSG00000080345,RIF1,0.98114624,0.998368815
ENSG00000259207,ITGB3,0.981157435,0.998368815
ENSG00000185813,PCYT2,0.98117304,0.998368815
ENSG00000108187,PBLD,0.981359528,0.998368815
ENSG00000108551,RASD1,0.981361497,0.998368815
ENSG00000175322,ZNF519,0.981376437,0.998368815
ENSG00000109610,SOD3,0.981486971,0.998368815
ENSG00000112739,PRPF4B,0.981497131,0.998368815
ENSG00000243279,PRAF2,0.981508534,0.998368815
ENSG00000106554,CHCHD3,0.981533393,0.998368815
ENSG00000165671,NSD1,0.981574842,0.998368815
ENSG00000224825,.,0.981603945,0.998368815
ENSG00000216901,.,0.981627864,0.998368815
ENSG00000166965,RCCD1,0.981636902,0.998368815
ENSG00000092529,CAPN3,0.981640355,0.998368815
ENSG00000179837,RBM15B,0.981693391,0.998368815
ENSG00000113638,TTC33,0.981712111,0.998368815
ENSG00000082458,DLG3,0.98180598,0.998402453
ENSG00000263934,.,0.981914326,0.998418029
ENSG00000248275,.,0.981942885,0.998418029
ENSG00000224113,.,0.982265042,0.998505888
ENSG00000227449,.,0.98231818,0.998505888
ENSG00000235026,.,0.982387263,0.998505888
ENSG00000163577,EIF5A2,0.982512296,0.998505888
ENSG00000152689,RASGRP3,0.982543341,0.998505888
ENSG00000134321,RSAD2,0.982596247,0.998505888
ENSG00000243069,ARHGEF26-AS1,0.982680994,0.998505888
ENSG00000002745,WNT16,0.982728148,0.998505888
ENSG00000054598,FOXC1,0.982773162,0.998505888
ENSG00000157227,MMP14,0.982808837,0.998505888
ENSG00000197958,RPL12,0.982845885,0.998505888
ENSG00000215493,.,0.982859697,0.998505888
ENSG00000150459,SAP18,0.982923381,0.998505888
ENSG00000112852,PCDHB2,0.983081647,0.998505888
ENSG00000182752,PAPPA,0.983183377,0.998505888
ENSG00000101574,METTL4,0.983482692,0.998505888
ENSG00000248483,POU5F2,0.98351867,0.998505888
ENSG00000122574,WIPF3,0.98365519,0.998505888
ENSG00000234653,.,0.983814168,0.998505888
ENSG00000176641,RNF152,0.983821308,0.998505888
ENSG00000118971,CCND2,0.983972498,0.998505888
ENSG00000105829,BET1,0.983981628,0.998505888
ENSG00000267100,ILF3-AS1,0.984094807,0.998505888
ENSG00000083844,ZNF264,0.984121376,0.998505888
ENSG00000183458,.,0.984152776,0.998505888
ENSG00000182484,WASH6P,0.984165011,0.998505888
ENSG00000076053,RBM7,0.984197575,0.998505888
ENSG00000258731,.,0.984213869,0.998505888
ENSG00000056050,C4orf27,0.984235149,0.998505888
ENSG00000211445,GPX3,0.984303826,0.998505888
ENSG00000115414,FN1,0.984312739,0.998505888
ENSG00000158636,C11orf30,0.984368555,0.998505888
ENSG00000237310,.,0.984454673,0.998505888
ENSG00000120800,UTP20,0.98463006,0.998505888
ENSG00000261115,TMEM178B,0.98463717,0.998505888
ENSG00000254162,.,0.984680889,0.998505888
ENSG00000138080,EMILIN1,0.984770712,0.998505888
ENSG00000164344,KLKB1,0.984778357,0.998505888
ENSG00000075234,TTC38,0.984827818,0.998505888
ENSG00000213516,RBMXL1,0.984874757,0.998505888
ENSG00000139364,TMEM132B,0.98489522,0.998505888
ENSG00000233899,.,0.985135697,0.998505888
ENSG00000172426,RSPH9,0.985136448,0.998505888
ENSG00000263244,.,0.985176323,0.998505888
ENSG00000170322,NFRKB,0.985188681,0.998505888
ENSG00000083223,ZCCHC6,0.985192882,0.998505888
ENSG00000164691,TAGAP,0.985315837,0.998505888
ENSG00000121895,TMEM156,0.985345023,0.998505888
ENSG00000116675,DNAJC6,0.985348201,0.998505888
ENSG00000120805,ARL1,0.985417963,0.998505888
ENSG00000198805,PNP,0.98545287,0.998505888
ENSG00000141027,NCOR1,0.985467821,0.998505888
ENSG00000133169,BEX1,0.985489076,0.998505888
ENSG00000134250,NOTCH2,0.985564595,0.998505888
ENSG00000143845,ETNK2,0.98564968,0.998505888
ENSG00000116663,FBXO6,0.985686212,0.998505888
ENSG00000205730,ITPRIPL2,0.985709793,0.998505888
ENSG00000117016,RIMS3,0.985762496,0.998505888
ENSG00000112473,SLC39A7,0.985773174,0.998505888
ENSG00000077943,ITGA8,0.985792637,0.998505888
ENSG00000153233,PTPRR,0.985811365,0.998505888
ENSG00000005436,GCFC2,0.985843198,0.998505888
ENSG00000163703,CRELD1,0.985859647,0.998505888
ENSG00000213938,SEPHS1P6,0.986075307,0.998545891
ENSG00000248008,.,0.986160367,0.998545891
ENSG00000137563,GGH,0.986174,0.998545891
ENSG00000177084,POLE,0.986320342,0.998545891
ENSG00000187742,SECISBP2,0.986365139,0.998545891
ENSG00000267569,.,0.986382352,0.998545891
ENSG00000164880,INTS1,0.986458036,0.998545891
ENSG00000105849,TWISTNB,0.986462512,0.998545891
ENSG00000065243,PKN2,0.986480364,0.998545891
ENSG00000175220,ARHGAP1,0.986563931,0.998545891
ENSG00000106733,NMRK1,0.986567961,0.998545891
ENSG00000025772,TOMM34,0.986631484,0.998548645
ENSG00000178966,RMI1,0.986882202,0.998599848
ENSG00000203632,.,0.986899554,0.998599848
ENSG00000091106,NLRC4,0.98694381,0.998599848
ENSG00000111300,NAA25,0.986958666,0.998599848
ENSG00000008128,CDK11A,0.986986101,0.998599848
ENSG00000089234,BRAP,0.987063112,0.998616244
ENSG00000134001,EIF2S1,0.987163054,0.998655835
ENSG00000147894,C9orf72,0.987303297,0.998732593
ENSG00000243927,MRPS6,0.987360554,0.998732593
ENSG00000114956,DGUOK,0.987480162,0.998791123
ENSG00000134262,AP4B1,0.987540051,0.998791123
ENSG00000087884,AAMDC,0.987673107,0.998836232
ENSG00000255545,.,0.987743665,0.998836232
ENSG00000184702,SEPT5,0.98779591,0.998836232
ENSG00000223797,ENTPD3-AS1,0.987827929,0.998836232
ENSG00000249896,.,0.98794045,0.998855422
ENSG00000180233,ZNRF2,0.988003868,0.998855422
ENSG00000065809,FAM107B,0.988029369,0.998855422
ENSG00000147592,LACTB2,0.988184217,0.998926529
ENSG00000198690,FAN1,0.988248364,0.998926529
ENSG00000179776,CDH5,0.988313874,0.998926529
ENSG00000189362,TMEM194B,0.988484862,0.998926529
ENSG00000136478,TEX2,0.988560499,0.998926529
ENSG00000123810,B9D2,0.988579841,0.998926529
ENSG00000162373,BEND5,0.988622102,0.998926529
ENSG00000261096,.,0.988635222,0.998926529
ENSG00000136518,ACTL6A,0.988666007,0.998926529
ENSG00000258754,.,0.988739691,0.998926529
ENSG00000269700,.,0.988959869,0.998926529
ENSG00000230732,.,0.988970135,0.998926529
ENSG00000109339,MAPK10,0.988975936,0.998926529
ENSG00000189266,PNRC2,0.989047965,0.998926529
ENSG00000171827,ZNF570,0.989106912,0.998926529
ENSG00000139323,POC1B,0.989254399,0.998926529
ENSG00000184787,UBE2G2,0.989261038,0.998926529
ENSG00000081760,AACS,0.989298885,0.998926529
ENSG00000127946,HIP1,0.989302302,0.998926529
ENSG00000156265,C21orf7,0.989371656,0.998926529
ENSG00000051523,CYBA,0.989377027,0.998926529
ENSG00000133878,DUSP26,0.989495764,0.998961278
ENSG00000138468,SENP7,0.989586386,0.998961278
ENSG00000206418,RAB12,0.989593926,0.998961278
ENSG00000158604,TMED4,0.989843581,0.999120758
ENSG00000250091,DNAH10OS,0.989873583,0.999120758
ENSG00000180481,GLIPR1L2,0.990030726,0.999164861
ENSG00000205336,GPR56,0.990038956,0.999164861
ENSG00000104611,SH2D4A,0.990226879,0.999293108
ENSG00000113719,ERGIC1,0.990437326,0.999354014
ENSG00000159753,RLTPR,0.990557522,0.999354014
ENSG00000139160,METTL20,0.990589993,0.999354014
ENSG00000176208,ATAD5,0.99060789,0.999354014
ENSG00000260349,.,0.99072143,0.999354014
ENSG00000184385,C21orf128,0.990747218,0.999354014
ENSG00000171634,BPTF,0.99078765,0.999354014
ENSG00000129757,CDKN1C,0.990803208,0.999354014
ENSG00000167112,TRUB2,0.991026781,0.999354014
ENSG00000127837,AAMP,0.991204178,0.999354014
ENSG00000261094,.,0.991307581,0.999354014
ENSG00000188312,CENPP,0.991424232,0.999354014
ENSG00000135919,SERPINE2,0.991438051,0.999354014
ENSG00000147234,FRMPD3,0.991494564,0.999354014
ENSG00000125650,PSPN,0.991511788,0.999354014
ENSG00000205771,CATSPER2P1,0.991529012,0.999354014
ENSG00000243477,NAT6,0.991531775,0.999354014
ENSG00000156876,SASS6,0.991602616,0.999354014
ENSG00000129484,PARP2,0.99167397,0.999354014
ENSG00000176428,VPS37D,0.991763655,0.999354014
ENSG00000182628,SKA2,0.99177467,0.999354014
ENSG00000204574,ABCF1,0.991790624,0.999354014
ENSG00000148843,PDCD11,0.991824424,0.999354014
ENSG00000179115,FARSA,0.991845952,0.999354014
ENSG00000181072,CHRM2,0.992024796,0.999354014
ENSG00000133048,CHI3L1,0.992068766,0.999354014
ENSG00000197763,TXNRD3,0.992128374,0.999354014
ENSG00000064652,SNX24,0.992179216,0.999354014
ENSG00000205213,LGR4,0.992183933,0.999354014
ENSG00000185684,EP400NL,0.992220024,0.999354014
ENSG00000186462,NAP1L2,0.992238701,0.999354014
ENSG00000026103,FAS,0.992309415,0.999354014
ENSG00000087365,SF3B2,0.99236689,0.999354014
ENSG00000243888,.,0.99240796,0.999354014
ENSG00000137944,CCBL2,0.992573166,0.999354014
ENSG00000150594,ADRA2A,0.992577719,0.999354014
ENSG00000132388,UBE2G1,0.992621937,0.999354014
ENSG00000187372,PCDHB13,0.992724384,0.999354014
ENSG00000263753,LINC00667,0.992727748,0.999354014
ENSG00000156239,N6AMT1,0.99291218,0.999354014
ENSG00000182117,NOP10,0.992964896,0.999354014
ENSG00000146453,PNLDC1,0.992990286,0.999354014
ENSG00000187775,DNAH17,0.993021536,0.999354014
ENSG00000139926,FRMD6,0.99303976,0.999354014
ENSG00000139842,CUL4A,0.993161439,0.999354014
ENSG00000176840,MIR7-3HG,0.993167665,0.999354014
ENSG00000122779,TRIM24,0.993186575,0.999354014
ENSG00000164332,UBLCP1,0.993208075,0.999354014
ENSG00000120324,PCDHB10,0.993340493,0.99942602
ENSG00000173114,LRRN3,0.993501478,0.999502288
ENSG00000083312,TNPO1,0.993538017,0.999502288
ENSG00000162729,IGSF8,0.99374372,0.999647992
ENSG00000232977,LINC00327,0.994022038,0.999716683
ENSG00000101321,XKR7,0.994112786,0.999716683
ENSG00000160396,HIPK4,0.994136483,0.999716683
ENSG00000089280,FUS,0.994165322,0.999716683
ENSG00000232040,SCAND3,0.994169955,0.999716683
ENSG00000168389,MFSD2A,0.994177243,0.999716683
ENSG00000183134,PTGDR2,0.994253245,0.999731895
ENSG00000267350,.,0.994379427,0.999784044
ENSG00000132394,EEFSEC,0.994426863,0.999784044
ENSG00000156564,LRFN2,0.994506848,0.999799584
ENSG00000137822,TUBGCP4,0.994599423,0.999799584
ENSG00000080845,DLGAP4,0.994624953,0.999799584
ENSG00000129515,SNX6,0.994790022,0.999860301
ENSG00000140284,SLC27A2,0.994945546,0.999860301
ENSG00000167100,SAMD14,0.995129047,0.999860301
ENSG00000109971,HSPA8,0.995184692,0.999860301
ENSG00000116251,RPL22,0.995201576,0.999860301
ENSG00000176871,WSB2,0.995257612,0.999860301
ENSG00000159674,SPON2,0.995298123,0.999860301
ENSG00000148498,PARD3,0.995324767,0.999860301
ENSG00000141013,GAS8,0.995389128,0.999860301
ENSG00000176105,YES1,0.995483058,0.999860301
ENSG00000259901,.,0.995551326,0.999860301
ENSG00000138050,THUMPD2,0.995734493,0.999860301
ENSG00000131725,WDR44,0.99575224,0.999860301
ENSG00000204388,HSPA1B,0.99583605,0.999860301
ENSG00000108654,DDX5,0.995878984,0.999860301
ENSG00000162426,SLC45A1,0.99588284,0.999860301
ENSG00000132952,USPL1,0.995901801,0.999860301
ENSG00000205593,DENND6B,0.996116839,0.999860301
ENSG00000185019,UBOX5,0.9961377,0.999860301
ENSG00000240204,.,0.996149553,0.999860301
ENSG00000129219,PLD2,0.99619117,0.999860301
ENSG00000103415,HMOX2,0.996261628,0.999860301
ENSG00000244161,FLNB-AS1,0.996287091,0.999860301
ENSG00000233404,.,0.996319155,0.999860301
ENSG00000091622,PITPNM3,0.996365293,0.999860301
ENSG00000185453,C19orf68,0.996423625,0.999860301
ENSG00000124217,MOCS3,0.996448549,0.999860301
ENSG00000254556,.,0.996500098,0.999860301
ENSG00000226479,TMEM185B,0.996645916,0.999860301
ENSG00000261529,.,0.996672417,0.999860301
ENSG00000066557,LRRC40,0.996691429,0.999860301
ENSG00000250056,.,0.996693053,0.999860301
ENSG00000131781,FMO5,0.996694452,0.999860301
ENSG00000170855,TRIAP1,0.996769134,0.999865483
ENSG00000264707,.,0.996885114,0.999865483
ENSG00000069345,DNAJA2,0.997094436,0.999865483
ENSG00000136045,PWP1,0.997162543,0.999865483
ENSG00000261934,PCDHGA9,0.997182527,0.999865483
ENSG00000136653,RASSF5,0.997184448,0.999865483
ENSG00000137804,NUSAP1,0.997186431,0.999865483
ENSG00000180525,C10orf108,0.997186674,0.999865483
ENSG00000260645,.,0.997324651,0.999912084
ENSG00000168781,PPIP5K1,0.99749656,0.999912084
ENSG00000182326,C1S,0.997500304,0.999912084
ENSG00000197841,ZNF181,0.997543275,0.999912084
ENSG00000144381,HSPD1,0.997585045,0.999912084
ENSG00000115604,IL18R1,0.997695962,0.999912084
ENSG00000166908,PIP4K2C,0.997706549,0.999912084
ENSG00000129204,USP6,0.997728674,0.999912084
ENSG00000144724,PTPRG,0.997952809,0.999912084
ENSG00000164823,OSGIN2,0.998039065,0.999912084
ENSG00000181544,FANCB,0.998201594,0.999912084
ENSG00000241732,.,0.998221396,0.999912084
ENSG00000158941,KIAA1967,0.998229396,0.999912084
ENSG00000173868,PHOSPHO1,0.998308832,0.999912084
ENSG00000052749,RRP12,0.998311571,0.999912084
ENSG00000170017,ALCAM,0.998313884,0.999912084
ENSG00000147403,RPL10,0.998323163,0.999912084
ENSG00000269737,.,0.998375531,0.999912084
ENSG00000125459,MSTO1,0.998390324,0.999912084
ENSG00000138794,CASP6,0.998688412,0.999912084
ENSG00000213741,RPS29,0.998739793,0.999912084
ENSG00000151612,ZNF827,0.998840025,0.999912084
ENSG00000196678,ERI2,0.998840565,0.999912084
ENSG00000144118,RALB,0.998842638,0.999912084
ENSG00000231185,.,0.998847759,0.999912084
ENSG00000218739,.,0.998933196,0.999912084
ENSG00000267756,.,0.999230017,0.999912084
ENSG00000104325,DECR1,0.999252596,0.999912084
ENSG00000107263,RAPGEF1,0.99926631,0.999912084
ENSG00000142684,ZNF593,0.999290861,0.999912084
ENSG00000156414,TDRD9,0.999324253,0.999912084
ENSG00000214982,.,0.999365445,0.999912084
ENSG00000083896,YTHDC1,0.999473742,0.999912084
ENSG00000136010,ALDH1L2,0.999474008,0.999912084
ENSG00000105088,OLFM2,0.999520202,0.999912084
ENSG00000059588,TARBP1,0.999615511,0.999912084
ENSG00000167904,TMEM68,0.999683391,0.999912084
ENSG00000115998,C2orf42,0.999727927,0.999912084
ENSG00000164603,C7orf60,0.999778896,0.999912084
ENSG00000041353,RAB27B,0.999780826,0.999912084
ENSG00000182851,GPIHBP1,0.999858397,0.999912084
ENSG00000151376,ME3,0.999895854,0.999912084
ENSG00000128829,EIF2AK4,0.999900806,0.999912084
ENSG00000164631,ZNF12,0.999912084,0.999912084